 , 0, 1, 2, 3, 4, 5, 6, 7, 8, 9, 10, 11, 12, 13, 14, 15, 16, 17, 18, 19, 20, 21, 22, 23, 24, 25, rowcost
C major (0), 0+0+0:0:0:0:0, 1+0+0:0:0:0:0, 5+0+1:0:0:0:0, 0+0+0:0:0:0:0, 2+0+1:0:0:0:0, 1+0+0:0:0:0:0, 2+0+1:0:0:0:0, 3+0+2:0:0:0:0, 2+0+0:0:0:0:0, 2+0+0:0:0:0:0, 1+0+0:0:0:0:0, 4+0+2:1:0:0:0, 1+0+0:0:0:0:0, 3+0+1:0:0:0:0, 2+0+0:0:0:0:0, 3+0+1:0:0:0:0, 3+0+2:1:0:0:1, 1+0+0:0:0:0:0, 1+0+0:0:0:0:0, 5+0+1:0:0:0:0, 0+0+0:0:0:0:0, 2+0+1:0:0:0:0, 1+0+0:0:0:0:0, 2+0+1:0:0:0:0, 3+0+2:2:0:0:1, 1+0+0:0:0:0:0, 51+0+16:4:0:0:2
A minor (0), 0+0+0:0:0:0:0, 1+0+0:0:0:0:0, 5+0+2:1:0:0:0, 0+0+0:0:0:0:0, 2+0+1:0:0:0:0, 1+0+0:0:0:0:0, 2+0+1:0:0:0:0, 3+0+2:2:0:0:1, 2+0+0:0:0:0:0, 2+0+0:0:0:0:0, 1+0+0:0:0:0:0, 4+0+2:1:0:0:0, 1+0+0:0:0:0:0, 3+0+1:0:0:0:0, 2+0+0:0:0:0:0, 3+0+1:0:0:0:0, 3+0+2:1:0:0:1, 1+0+0:0:0:0:0, 1+0+0:0:0:0:0, 5+0+2:1:0:0:0, 0+0+0:0:0:0:0, 2+0+1:0:0:0:0, 1+0+0:0:0:0:0, 2+0+1:0:0:0:0, 5+0+2:0:0:0:0, 1+0+0:0:0:0:0, 53+0+18:6:0:0:2
A minor mel (0),  ,  ,  ,  ,  ,  ,  ,  ,  ,  ,  ,  ,  ,  ,  ,  ,  ,  ,  ,  ,  ,  ,  ,  ,  ,  , 0+0+0:0:0:0:0
C major blues (0),  ,  ,  ,  ,  ,  ,  ,  ,  ,  ,  ,  ,  ,  ,  ,  ,  ,  ,  ,  ,  ,  ,  ,  ,  ,  , 0+0+0:0:0:0:0
A minor blues (0),  ,  ,  ,  ,  ,  ,  ,  ,  ,  ,  ,  ,  ,  ,  ,  ,  ,  ,  ,  ,  ,  ,  ,  ,  ,  , 0+0+0:0:0:0:0
C dorian (0),  ,  ,  ,  ,  ,  ,  ,  ,  ,  ,  ,  ,  ,  ,  ,  ,  ,  ,  ,  ,  ,  ,  ,  ,  ,  , 0+0+0:0:0:0:0
C phrygian (0),  ,  ,  ,  ,  ,  ,  ,  ,  ,  ,  ,  ,  ,  ,  ,  ,  ,  ,  ,  ,  ,  ,  ,  ,  ,  , 0+0+0:0:0:0:0
C lydian (0),  ,  ,  ,  ,  ,  ,  ,  ,  ,  ,  ,  ,  ,  ,  ,  ,  ,  ,  ,  ,  ,  ,  ,  ,  ,  , 0+0+0:0:0:0:0
C mixolydian (0),  ,  ,  ,  ,  ,  ,  ,  ,  ,  ,  ,  ,  ,  ,  ,  ,  ,  ,  ,  ,  ,  ,  ,  ,  ,  , 0+0+0:0:0:0:0
C aeolian (0),  ,  ,  ,  ,  ,  ,  ,  ,  ,  ,  ,  ,  ,  ,  ,  ,  ,  ,  ,  ,  ,  ,  ,  ,  ,  , 0+0+0:0:0:0:0
C locrian (0),  ,  ,  ,  ,  ,  ,  ,  ,  ,  ,  ,  ,  ,  ,  ,  ,  ,  ,  ,  ,  ,  ,  ,  ,  ,  , 0+0+0:0:0:0:0
F major (1b), 0+0+0:0:0:0:0, 0+0+0:0:0:0:0, 4+0+1:0:0:0:0, 0+0+0:0:0:0:0, 1+0+0:0:0:0:0, 1+0+0:0:0:0:0, 1+0+0:0:0:0:0, 4+0+2:2:0:0:1, 1+0+0:0:0:0:0, 0+0+0:0:0:0:0, 1+0+0:0:0:0:0, 5+0+1:0:0:0:0, 0+0+0:0:0:0:0, 2+0+0:0:0:0:0, 1+0+1:1:0:0:1, 2+0+1:0:0:0:0, 4+0+2:1:0:0:1, 1+0+0:0:0:0:0, 0+0+0:0:0:0:0, 4+0+1:0:0:0:0, 0+0+0:0:0:0:0, 1+0+0:0:0:0:0, 1+0+0:0:0:0:0, 1+0+0:0:0:0:0, 4+0+2:2:0:0:1, 0+0+0:0:0:0:0, 39+0+11:6:0:0:4
G major (1#), 1+0+0:0:0:0:0, 1+0+0:0:0:0:0, 4+0+2:1:0:0:0, 1+0+0:0:0:0:0, 3+0+1:0:0:0:0, 2+0+0:0:0:0:0, 3+0+0:0:0:0:0, 2+0+2:0:0:0:0, 3+0+0:0:0:0:0, 2+0+0:0:0:0:0, 1+0+0:0:0:0:0, 5+0+2:1:0:0:0, 1+0+0:0:0:0:0, 4+0+1:0:0:0:0, 1+0+0:0:0:0:0, 3+0+1:0:0:0:0, 2+0+2:1:0:0:1, 3+0+0:0:0:0:0, 1+0+0:0:0:0:0, 4+0+2:1:0:0:0, 1+0+0:0:0:0:0, 3+0+1:0:0:0:0, 2+0+0:0:0:0:0, 3+0+1:0:0:0:0, 2+0+2:2:0:0:1, 1+0+0:0:0:0:0, 59+0+17:6:0:0:2
D minor (1b), 0+0+0:0:0:0:0, 0+0+0:0:0:0:0, 4+0+2:1:0:0:0, 0+0+0:0:0:0:0, 1+0+1:0:0:0:0, 1+0+0:0:0:0:0, 1+0+1:0:0:0:0, 4+0+2:2:0:0:1, 1+0+0:0:0:0:0, 0+0+0:0:0:0:0, 1+0+0:0:0:0:0, 5+0+2:1:0:0:0, 0+0+0:0:0:0:0, 2+0+1:0:0:0:0, 1+0+0:0:0:0:0, 2+0+1:0:0:0:0, 4+0+2:1:0:0:1, 1+0+0:0:0:0:0, 0+0+0:0:0:0:0, 4+0+2:1:0:0:0, 0+0+0:0:0:0:0, 1+0+1:0:0:0:0, 1+0+0:0:0:0:0, 1+0+1:0:0:0:0, 4+0+2:2:0:0:1, 0+0+0:0:0:0:0, 39+0+18:8:0:0:3
E minor (1#), 1+0+0:0:0:0:0, 1+0+0:0:0:0:0, 4+0+2:1:0:0:0, 1+0+0:0:0:0:0, 3+0+1:0:0:0:0, 2+0+0:0:0:0:0, 3+0+1:0:0:0:0, 4+0+2:0:0:0:0, 3+0+0:0:0:0:0, 2+0+0:0:0:0:0, 1+0+0:0:0:0:0, 5+0+2:1:0:0:0, 1+0+0:0:0:0:0, 4+0+1:0:0:0:0, 1+0+1:1:0:0:0, 3+0+1:0:0:0:0, 2+0+2:1:0:0:1, 3+0+0:0:0:0:0, 1+0+0:0:0:0:0, 4+0+2:1:0:0:0, 1+0+0:0:0:0:0, 3+0+1:0:0:0:0, 2+0+0:0:0:0:0, 3+0+1:0:0:0:0, 2+0+2:2:0:0:1, 1+0+0:0:0:0:0, 61+0+19:7:0:0:2
D minor mel (1b),  ,  ,  ,  ,  ,  ,  ,  ,  ,  ,  ,  ,  ,  ,  ,  ,  ,  ,  ,  ,  ,  ,  ,  ,  ,  , 0+0+0:0:0:0:0
E minor mel (1#),  ,  ,  ,  ,  ,  ,  ,  ,  ,  ,  ,  ,  ,  ,  ,  ,  ,  ,  ,  ,  ,  ,  ,  ,  ,  , 0+0+0:0:0:0:0
F major blues (1b),  ,  ,  ,  ,  ,  ,  ,  ,  ,  ,  ,  ,  ,  ,  ,  ,  ,  ,  ,  ,  ,  ,  ,  ,  ,  , 0+0+0:0:0:0:0
G major blues (1#),  ,  ,  ,  ,  ,  ,  ,  ,  ,  ,  ,  ,  ,  ,  ,  ,  ,  ,  ,  ,  ,  ,  ,  ,  ,  , 0+0+0:0:0:0:0
D minor blues (1b),  ,  ,  ,  ,  ,  ,  ,  ,  ,  ,  ,  ,  ,  ,  ,  ,  ,  ,  ,  ,  ,  ,  ,  ,  ,  , 0+0+0:0:0:0:0
E minor blues (1#),  ,  ,  ,  ,  ,  ,  ,  ,  ,  ,  ,  ,  ,  ,  ,  ,  ,  ,  ,  ,  ,  ,  ,  ,  ,  , 0+0+0:0:0:0:0
F dorian (1b),  ,  ,  ,  ,  ,  ,  ,  ,  ,  ,  ,  ,  ,  ,  ,  ,  ,  ,  ,  ,  ,  ,  ,  ,  ,  , 0+0+0:0:0:0:0
G dorian (1#),  ,  ,  ,  ,  ,  ,  ,  ,  ,  ,  ,  ,  ,  ,  ,  ,  ,  ,  ,  ,  ,  ,  ,  ,  ,  , 0+0+0:0:0:0:0
F phrygian (1b),  ,  ,  ,  ,  ,  ,  ,  ,  ,  ,  ,  ,  ,  ,  ,  ,  ,  ,  ,  ,  ,  ,  ,  ,  ,  , 0+0+0:0:0:0:0
G phrygian (1#),  ,  ,  ,  ,  ,  ,  ,  ,  ,  ,  ,  ,  ,  ,  ,  ,  ,  ,  ,  ,  ,  ,  ,  ,  ,  , 0+0+0:0:0:0:0
F lydian (1b),  ,  ,  ,  ,  ,  ,  ,  ,  ,  ,  ,  ,  ,  ,  ,  ,  ,  ,  ,  ,  ,  ,  ,  ,  ,  , 0+0+0:0:0:0:0
G lydian (1#),  ,  ,  ,  ,  ,  ,  ,  ,  ,  ,  ,  ,  ,  ,  ,  ,  ,  ,  ,  ,  ,  ,  ,  ,  ,  , 0+0+0:0:0:0:0
F mixolydian (1b),  ,  ,  ,  ,  ,  ,  ,  ,  ,  ,  ,  ,  ,  ,  ,  ,  ,  ,  ,  ,  ,  ,  ,  ,  ,  , 0+0+0:0:0:0:0
G mixolydian (1#),  ,  ,  ,  ,  ,  ,  ,  ,  ,  ,  ,  ,  ,  ,  ,  ,  ,  ,  ,  ,  ,  ,  ,  ,  ,  , 0+0+0:0:0:0:0
F aeolian (1b),  ,  ,  ,  ,  ,  ,  ,  ,  ,  ,  ,  ,  ,  ,  ,  ,  ,  ,  ,  ,  ,  ,  ,  ,  ,  , 0+0+0:0:0:0:0
G aeolian (1#),  ,  ,  ,  ,  ,  ,  ,  ,  ,  ,  ,  ,  ,  ,  ,  ,  ,  ,  ,  ,  ,  ,  ,  ,  ,  , 0+0+0:0:0:0:0
F locrian (1b),  ,  ,  ,  ,  ,  ,  ,  ,  ,  ,  ,  ,  ,  ,  ,  ,  ,  ,  ,  ,  ,  ,  ,  ,  ,  , 0+0+0:0:0:0:0
G locrian (1#),  ,  ,  ,  ,  ,  ,  ,  ,  ,  ,  ,  ,  ,  ,  ,  ,  ,  ,  ,  ,  ,  ,  ,  ,  ,  , 0+0+0:0:0:0:0
Bb major (2b), 0+0+0:0:0:0:0, 0+0+0:0:0:0:0, 3+0+1:0:0:0:0, 0+0+0:0:0:0:0, 0+0+0:0:0:0:0, 1+0+1:1:0:0:1, 0+0+0:0:0:0:0, 4+0+2:2:0:0:1, 1+0+0:0:0:0:0, 0+0+0:0:0:0:0, 0+0+0:0:0:0:0, 4+0+1:0:0:0:0, 0+0+0:0:0:0:0, 1+0+0:0:0:0:0, 1+0+1:1:0:0:1, 1+0+1:0:0:0:0, 5+0+2:1:0:0:1, 0+0+0:0:0:0:0, 0+0+0:0:0:0:0, 3+0+1:0:0:0:0, 0+0+0:0:0:0:0, 0+0+0:0:0:0:0, 1+0+1:1:0:0:1, 0+0+0:0:0:0:0, 4+0+2:2:0:0:1, 0+0+0:0:0:0:0, 29+0+13:8:0:0:6
D major (2#), 1+0+0:0:0:0:0, 1+0+0:0:0:0:0, 5+0+2:1:0:0:0, 1+0+0:0:0:0:0, 4+0+1:0:0:0:0, 1+0+0:0:0:0:0, 3+0+1:0:0:0:0, 2+0+2:1:0:0:0, 3+0+0:0:0:0:0, 2+0+0:0:0:0:0, 1+0+0:0:0:0:0, 4+0+2:1:0:0:0, 1+0+0:0:0:0:0, 4+0+1:0:0:0:0, 2+0+1:1:0:0:0, 3+0+1:0:0:0:0, 2+0+2:0:0:0:0, 3+0+0:0:0:0:0, 1+0+0:0:0:0:0, 5+0+2:1:0:0:0, 1+0+0:0:0:0:0, 4+0+1:0:0:0:0, 1+0+0:0:0:0:0, 3+0+1:0:0:0:0, 2+0+2:1:0:0:0, 1+0+0:0:0:0:0, 61+0+19:6:0:0:0
G minor (2b), 0+0+0:0:0:0:0, 0+0+0:0:0:0:0, 3+0+1:0:0:0:0, 0+0+0:0:0:0:0, 0+0+0:0:0:0:0, 1+0+0:0:0:0:0, 0+0+0:0:0:0:0, 4+0+2:0:0:0:0, 1+0+0:0:0:0:0, 0+0+0:0:0:0:0, 0+0+0:0:0:0:0, 4+0+2:1:0:0:0, 0+0+0:0:0:0:0, 1+0+1:0:0:0:0, 1+0+0:0:0:0:0, 1+0+1:0:0:0:0, 5+0+2:1:0:0:1, 0+0+0:0:0:0:0, 0+0+0:0:0:0:0, 3+0+1:0:0:0:0, 0+0+0:0:0:0:0, 0+0+0:0:0:0:0, 1+0+0:0:0:0:0, 0+0+0:0:0:0:0, 4+0+2:2:0:0:1, 0+0+0:0:0:0:0, 29+0+12:4:0:0:2
B minor (2#), 1+0+0:0:0:0:0, 1+0+0:0:0:0:0, 5+0+2:1:0:0:0, 1+0+0:0:0:0:0, 4+0+1:0:0:0:0, 1+0+1:0:0:0:0, 3+0+1:0:0:0:0, 3+0+2:0:0:0:0, 3+0+0:0:0:0:0, 2+0+0:0:0:0:0, 3+0+0:0:0:0:0, 3+0+1:0:0:0:0, 1+0+0:0:0:0:0, 4+0+3:0:0:0:0, 2+0+1:1:0:0:0, 3+0+1:0:0:0:0, 2+0+2:0:0:0:0, 3+0+0:0:0:0:0, 1+0+0:0:0:0:0, 5+0+2:1:0:0:0, 1+0+0:0:0:0:0, 4+0+1:0:0:0:0, 1+0+1:0:0:0:0, 3+0+1:0:0:0:0, 2+0+2:1:0:0:0, 1+0+0:0:0:0:0, 63+0+22:4:0:0:0
G minor mel (2b),  ,  ,  ,  ,  ,  ,  ,  ,  ,  ,  ,  ,  ,  ,  ,  ,  ,  ,  ,  ,  ,  ,  ,  ,  ,  , 0+0+0:0:0:0:0
B minor mel (2#),  ,  ,  ,  ,  ,  ,  ,  ,  ,  ,  ,  ,  ,  ,  ,  ,  ,  ,  ,  ,  ,  ,  ,  ,  ,  , 0+0+0:0:0:0:0
Bb major blues (2b),  ,  ,  ,  ,  ,  ,  ,  ,  ,  ,  ,  ,  ,  ,  ,  ,  ,  ,  ,  ,  ,  ,  ,  ,  ,  , 0+0+0:0:0:0:0
D major blues (2#),  ,  ,  ,  ,  ,  ,  ,  ,  ,  ,  ,  ,  ,  ,  ,  ,  ,  ,  ,  ,  ,  ,  ,  ,  ,  , 0+0+0:0:0:0:0
G minor blues (2b),  ,  ,  ,  ,  ,  ,  ,  ,  ,  ,  ,  ,  ,  ,  ,  ,  ,  ,  ,  ,  ,  ,  ,  ,  ,  , 0+0+0:0:0:0:0
B minor blues (2#),  ,  ,  ,  ,  ,  ,  ,  ,  ,  ,  ,  ,  ,  ,  ,  ,  ,  ,  ,  ,  ,  ,  ,  ,  ,  , 0+0+0:0:0:0:0
Bb dorian (2b),  ,  ,  ,  ,  ,  ,  ,  ,  ,  ,  ,  ,  ,  ,  ,  ,  ,  ,  ,  ,  ,  ,  ,  ,  ,  , 0+0+0:0:0:0:0
D dorian (2#),  ,  ,  ,  ,  ,  ,  ,  ,  ,  ,  ,  ,  ,  ,  ,  ,  ,  ,  ,  ,  ,  ,  ,  ,  ,  , 0+0+0:0:0:0:0
Bb phrygian (2b),  ,  ,  ,  ,  ,  ,  ,  ,  ,  ,  ,  ,  ,  ,  ,  ,  ,  ,  ,  ,  ,  ,  ,  ,  ,  , 0+0+0:0:0:0:0
D phrygian (2#),  ,  ,  ,  ,  ,  ,  ,  ,  ,  ,  ,  ,  ,  ,  ,  ,  ,  ,  ,  ,  ,  ,  ,  ,  ,  , 0+0+0:0:0:0:0
Bb lydian (2b),  ,  ,  ,  ,  ,  ,  ,  ,  ,  ,  ,  ,  ,  ,  ,  ,  ,  ,  ,  ,  ,  ,  ,  ,  ,  , 0+0+0:0:0:0:0
D lydian (2#),  ,  ,  ,  ,  ,  ,  ,  ,  ,  ,  ,  ,  ,  ,  ,  ,  ,  ,  ,  ,  ,  ,  ,  ,  ,  , 0+0+0:0:0:0:0
Bb mixolydian (2b),  ,  ,  ,  ,  ,  ,  ,  ,  ,  ,  ,  ,  ,  ,  ,  ,  ,  ,  ,  ,  ,  ,  ,  ,  ,  , 0+0+0:0:0:0:0
D mixolydian (2#),  ,  ,  ,  ,  ,  ,  ,  ,  ,  ,  ,  ,  ,  ,  ,  ,  ,  ,  ,  ,  ,  ,  ,  ,  ,  , 0+0+0:0:0:0:0
Bb aeolian (2b),  ,  ,  ,  ,  ,  ,  ,  ,  ,  ,  ,  ,  ,  ,  ,  ,  ,  ,  ,  ,  ,  ,  ,  ,  ,  , 0+0+0:0:0:0:0
D aeolian (2#),  ,  ,  ,  ,  ,  ,  ,  ,  ,  ,  ,  ,  ,  ,  ,  ,  ,  ,  ,  ,  ,  ,  ,  ,  ,  , 0+0+0:0:0:0:0
Bb locrian (2b),  ,  ,  ,  ,  ,  ,  ,  ,  ,  ,  ,  ,  ,  ,  ,  ,  ,  ,  ,  ,  ,  ,  ,  ,  ,  , 0+0+0:0:0:0:0
D locrian (2#),  ,  ,  ,  ,  ,  ,  ,  ,  ,  ,  ,  ,  ,  ,  ,  ,  ,  ,  ,  ,  ,  ,  ,  ,  ,  , 0+0+0:0:0:0:0
Eb major (3b), 0+0+0:0:0:0:0, 1+0+0:0:0:0:0, 3+0+1:0:0:0:0, 0+0+0:0:0:0:0, 1+0+0:0:0:0:0, 1+0+1:1:0:0:1, 1+0+0:0:0:0:0, 5+0+3:0:0:0:0, 0+0+0:0:0:0:0, 0+0+0:0:0:0:0, 0+0+0:0:0:0:0, 3+0+1:0:0:0:0, 1+0+0:0:0:0:0, 0+0+0:0:0:0:0, 1+0+1:1:0:0:1, 0+0+0:0:0:0:0, 4+0+2:0:0:0:1, 0+0+0:0:0:0:0, 1+0+0:0:0:0:0, 3+0+1:0:0:0:0, 0+0+0:0:0:0:0, 1+0+0:0:0:0:0, 1+0+1:1:0:0:1, 1+0+0:0:0:0:0, 5+0+2:2:0:0:1, 0+0+0:0:0:0:0, 33+0+13:5:0:0:5
A major (3#), 1+0+0:0:0:0:0, 1+0+0:0:0:0:0, 4+0+2:1:0:0:0, 1+0+0:0:0:0:0, 4+0+1:0:0:0:0, 2+0+1:0:0:0:0, 3+0+1:0:0:0:0, 2+0+2:0:0:0:0, 2+0+0:0:0:0:0, 2+0+0:0:0:0:0, 3+0+0:0:0:0:0, 2+0+1:0:0:0:0, 1+0+0:0:0:0:0, 5+0+1:0:0:0:0, 3+0+1:1:0:0:0, 4+0+1:0:0:0:0, 3+0+2:0:0:0:0, 3+0+0:0:0:0:0, 1+0+3:0:0:0:0, 3+0+1:0:0:0:0, 1+0+0:0:0:0:0, 4+0+2:0:0:0:0, 2+0+0:0:0:0:0, 3+0+1:0:0:0:0, 2+0+2:0:0:0:0, 1+0+0:0:0:0:0, 63+0+22:2:0:0:0
C minor (3b), 0+0+0:0:0:0:0, 1+0+0:0:0:0:0, 3+0+1:0:0:0:0, 0+0+0:0:0:0:0, 1+0+1:0:0:0:0, 1+0+0:0:0:0:0, 1+0+1:0:0:0:0, 5+0+2:2:0:0:1, 0+0+0:0:0:0:0, 0+0+0:0:0:0:0, 0+0+0:0:0:0:0, 3+0+1:0:0:0:0, 1+0+0:0:0:0:0, 0+0+0:0:0:0:0, 1+0+0:0:0:0:0, 0+0+1:0:0:0:0, 5+0+2:1:0:0:1, 0+0+0:0:0:0:0, 1+0+0:0:0:0:0, 3+0+1:0:0:0:0, 0+0+0:0:0:0:0, 1+0+1:0:0:0:0, 1+0+0:0:0:0:0, 1+0+1:0:0:0:0, 5+0+2:2:0:0:1, 0+0+0:0:0:0:0, 34+0+14:5:0:0:3
F# minor (3#), 1+0+0:0:0:0:0, 3+0+0:0:0:0:0, 3+0+1:0:0:0:0, 1+0+0:0:0:0:0, 4+0+2:0:0:0:0, 2+0+1:0:0:0:0, 3+0+1:0:0:0:0, 2+0+2:0:0:0:0, 2+0+0:0:0:0:0, 2+0+0:0:0:0:0, 3+0+0:0:0:0:0, 2+0+2:0:0:0:0, 3+0+0:0:0:0:0, 5+0+1:0:0:0:0, 3+0+4:0:0:0:1, 4+0+1:0:0:0:0, 3+0+2:0:0:0:1, 3+0+0:0:0:0:0, 3+0+0:0:0:0:0, 3+0+1:0:0:0:0, 1+0+0:0:0:0:0, 4+0+2:0:0:0:0, 2+0+1:0:0:0:0, 3+0+1:0:0:0:0, 2+0+2:0:0:0:0, 1+0+0:0:0:0:0, 68+0+24:0:0:0:2
C minor mel (3b),  ,  ,  ,  ,  ,  ,  ,  ,  ,  ,  ,  ,  ,  ,  ,  ,  ,  ,  ,  ,  ,  ,  ,  ,  ,  , 0+0+0:0:0:0:0
F# minor mel (3#),  ,  ,  ,  ,  ,  ,  ,  ,  ,  ,  ,  ,  ,  ,  ,  ,  ,  ,  ,  ,  ,  ,  ,  ,  ,  , 0+0+0:0:0:0:0
Eb major blues (3b),  ,  ,  ,  ,  ,  ,  ,  ,  ,  ,  ,  ,  ,  ,  ,  ,  ,  ,  ,  ,  ,  ,  ,  ,  ,  , 0+0+0:0:0:0:0
A major blues (3#),  ,  ,  ,  ,  ,  ,  ,  ,  ,  ,  ,  ,  ,  ,  ,  ,  ,  ,  ,  ,  ,  ,  ,  ,  ,  , 0+0+0:0:0:0:0
C minor blues (3b),  ,  ,  ,  ,  ,  ,  ,  ,  ,  ,  ,  ,  ,  ,  ,  ,  ,  ,  ,  ,  ,  ,  ,  ,  ,  , 0+0+0:0:0:0:0
F# minor blues (3#),  ,  ,  ,  ,  ,  ,  ,  ,  ,  ,  ,  ,  ,  ,  ,  ,  ,  ,  ,  ,  ,  ,  ,  ,  ,  , 0+0+0:0:0:0:0
Eb dorian (3b),  ,  ,  ,  ,  ,  ,  ,  ,  ,  ,  ,  ,  ,  ,  ,  ,  ,  ,  ,  ,  ,  ,  ,  ,  ,  , 0+0+0:0:0:0:0
A dorian (3#),  ,  ,  ,  ,  ,  ,  ,  ,  ,  ,  ,  ,  ,  ,  ,  ,  ,  ,  ,  ,  ,  ,  ,  ,  ,  , 0+0+0:0:0:0:0
Eb phrygian (3b),  ,  ,  ,  ,  ,  ,  ,  ,  ,  ,  ,  ,  ,  ,  ,  ,  ,  ,  ,  ,  ,  ,  ,  ,  ,  , 0+0+0:0:0:0:0
A phrygian (3#),  ,  ,  ,  ,  ,  ,  ,  ,  ,  ,  ,  ,  ,  ,  ,  ,  ,  ,  ,  ,  ,  ,  ,  ,  ,  , 0+0+0:0:0:0:0
Eb lydian (3b),  ,  ,  ,  ,  ,  ,  ,  ,  ,  ,  ,  ,  ,  ,  ,  ,  ,  ,  ,  ,  ,  ,  ,  ,  ,  , 0+0+0:0:0:0:0
A lydian (3#),  ,  ,  ,  ,  ,  ,  ,  ,  ,  ,  ,  ,  ,  ,  ,  ,  ,  ,  ,  ,  ,  ,  ,  ,  ,  , 0+0+0:0:0:0:0
Eb mixolydian (3b),  ,  ,  ,  ,  ,  ,  ,  ,  ,  ,  ,  ,  ,  ,  ,  ,  ,  ,  ,  ,  ,  ,  ,  ,  ,  , 0+0+0:0:0:0:0
A mixolydian (3#),  ,  ,  ,  ,  ,  ,  ,  ,  ,  ,  ,  ,  ,  ,  ,  ,  ,  ,  ,  ,  ,  ,  ,  ,  ,  , 0+0+0:0:0:0:0
Eb aeolian (3b),  ,  ,  ,  ,  ,  ,  ,  ,  ,  ,  ,  ,  ,  ,  ,  ,  ,  ,  ,  ,  ,  ,  ,  ,  ,  , 0+0+0:0:0:0:0
A aeolian (3#),  ,  ,  ,  ,  ,  ,  ,  ,  ,  ,  ,  ,  ,  ,  ,  ,  ,  ,  ,  ,  ,  ,  ,  ,  ,  , 0+0+0:0:0:0:0
Eb locrian (3b),  ,  ,  ,  ,  ,  ,  ,  ,  ,  ,  ,  ,  ,  ,  ,  ,  ,  ,  ,  ,  ,  ,  ,  ,  ,  , 0+0+0:0:0:0:0
A locrian (3#),  ,  ,  ,  ,  ,  ,  ,  ,  ,  ,  ,  ,  ,  ,  ,  ,  ,  ,  ,  ,  ,  ,  ,  ,  ,  , 0+0+0:0:0:0:0
Ab major (4b), 0+0+0:0:0:0:0, 1+0+0:0:0:0:0, 2+0+1:0:0:0:1, 1+0+0:0:0:0:0, 2+0+0:0:0:0:0, 2+0+1:1:0:0:1, 2+0+1:0:0:0:0, 6+0+3:1:0:0:0, 0+0+0:0:0:0:0, 0+0+0:0:0:0:0, 1+0+0:0:0:0:0, 3+0+1:0:0:0:0, 1+0+0:0:0:0:0, 1+0+0:0:0:0:0, 1+0+1:1:0:0:1, 1+0+0:0:0:0:0, 5+0+3:0:0:0:0, 0+0+0:0:0:0:0, 1+0+0:0:0:0:0, 2+0+1:0:0:0:1, 1+0+0:0:0:0:0, 2+0+0:0:0:0:0, 2+0+1:1:0:0:1, 2+0+1:0:0:0:0, 6+0+3:1:0:0:0, 0+0+0:0:0:0:0, 45+0+17:5:0:0:5
E major (4#), 1+0+0:0:0:0:0, 3+0+0:0:0:0:0, 2+0+1:0:0:0:0, 2+0+0:0:0:0:0, 5+0+2:0:0:0:0, 3+0+1:0:0:0:0, 4+0+1:0:0:0:0, 3+0+2:0:0:0:0, 2+0+0:0:0:0:0, 2+0+0:0:0:0:0, 2+0+0:0:0:0:0, 3+0+1:0:0:0:0, 3+0+0:0:0:0:0, 6+0+1:0:0:0:0, 3+0+1:1:0:0:0, 5+0+1:0:0:0:0, 4+0+2:0:0:0:0, 2+0+0:0:0:0:0, 3+0+0:0:0:0:0, 2+0+1:0:0:0:0, 2+0+0:0:0:0:0, 5+0+2:0:0:0:0, 3+0+1:0:0:0:0, 4+0+1:0:0:0:0, 3+0+2:0:0:0:0, 1+0+0:0:0:0:0, 78+0+20:1:0:0:0
F minor (4b), 0+0+0:0:0:0:0, 1+0+0:0:0:0:0, 2+0+1:0:0:0:0, 1+0+0:0:0:0:0, 2+0+1:0:0:0:0, 2+0+0:0:0:0:0, 2+0+1:0:0:0:0, 6+0+3:0:0:0:0, 0+0+0:0:0:0:0, 0+0+0:0:0:0:0, 1+0+0:0:0:0:0, 3+0+1:0:0:0:0, 1+0+0:0:0:0:0, 1+0+1:0:0:0:0, 1+0+0:0:0:0:0, 1+0+1:0:0:0:0, 5+0+2:0:0:0:1, 0+0+0:0:0:0:0, 1+0+0:0:0:0:0, 2+0+1:0:0:0:0, 1+0+0:0:0:0:0, 2+0+1:0:0:0:0, 2+0+0:0:0:0:0, 2+0+1:0:0:0:0, 6+0+2:2:0:0:1, 0+0+0:0:0:0:0, 45+0+16:2:0:0:2
C# minor (4#), 1+0+0:0:0:0:0, 3+0+0:0:0:0:0, 2+0+2:0:0:0:0, 3+0+0:0:0:0:0, 5+0+1:0:0:0:0, 3+0+1:0:0:0:0, 4+0+4:0:0:0:0, 3+0+2:0:0:0:0, 2+0+0:0:0:0:0, 2+0+0:0:0:0:0, 2+0+0:0:0:0:0, 3+0+1:0:0:0:0, 3+0+0:0:0:0:0, 6+0+1:0:0:0:0, 3+0+4:0:0:0:1, 5+0+1:0:0:0:0, 4+0+2:0:0:0:1, 2+0+0:0:0:0:0, 3+0+0:0:0:0:0, 2+0+2:0:0:0:0, 3+0+0:0:0:0:0, 5+0+0:0:0:0:0, 3+0+1:0:0:0:0, 4+0+0:0:0:0:0, 3+0+2:0:0:0:0, 1+0+0:0:0:0:0, 80+0+24:0:0:0:2
F minor mel (4b),  ,  ,  ,  ,  ,  ,  ,  ,  ,  ,  ,  ,  ,  ,  ,  ,  ,  ,  ,  ,  ,  ,  ,  ,  ,  , 0+0+0:0:0:0:0
C# minor mel (4#),  ,  ,  ,  ,  ,  ,  ,  ,  ,  ,  ,  ,  ,  ,  ,  ,  ,  ,  ,  ,  ,  ,  ,  ,  ,  , 0+0+0:0:0:0:0
Ab major blues (4b),  ,  ,  ,  ,  ,  ,  ,  ,  ,  ,  ,  ,  ,  ,  ,  ,  ,  ,  ,  ,  ,  ,  ,  ,  ,  , 0+0+0:0:0:0:0
E major blues (4#),  ,  ,  ,  ,  ,  ,  ,  ,  ,  ,  ,  ,  ,  ,  ,  ,  ,  ,  ,  ,  ,  ,  ,  ,  ,  , 0+0+0:0:0:0:0
F minor blues (4b),  ,  ,  ,  ,  ,  ,  ,  ,  ,  ,  ,  ,  ,  ,  ,  ,  ,  ,  ,  ,  ,  ,  ,  ,  ,  , 0+0+0:0:0:0:0
C# minor blues (4#),  ,  ,  ,  ,  ,  ,  ,  ,  ,  ,  ,  ,  ,  ,  ,  ,  ,  ,  ,  ,  ,  ,  ,  ,  ,  , 0+0+0:0:0:0:0
Ab dorian (4b),  ,  ,  ,  ,  ,  ,  ,  ,  ,  ,  ,  ,  ,  ,  ,  ,  ,  ,  ,  ,  ,  ,  ,  ,  ,  , 0+0+0:0:0:0:0
E dorian (4#),  ,  ,  ,  ,  ,  ,  ,  ,  ,  ,  ,  ,  ,  ,  ,  ,  ,  ,  ,  ,  ,  ,  ,  ,  ,  , 0+0+0:0:0:0:0
Ab phrygian (4b),  ,  ,  ,  ,  ,  ,  ,  ,  ,  ,  ,  ,  ,  ,  ,  ,  ,  ,  ,  ,  ,  ,  ,  ,  ,  , 0+0+0:0:0:0:0
E phrygian (4#),  ,  ,  ,  ,  ,  ,  ,  ,  ,  ,  ,  ,  ,  ,  ,  ,  ,  ,  ,  ,  ,  ,  ,  ,  ,  , 0+0+0:0:0:0:0
Ab lydian (4b),  ,  ,  ,  ,  ,  ,  ,  ,  ,  ,  ,  ,  ,  ,  ,  ,  ,  ,  ,  ,  ,  ,  ,  ,  ,  , 0+0+0:0:0:0:0
E lydian (4#),  ,  ,  ,  ,  ,  ,  ,  ,  ,  ,  ,  ,  ,  ,  ,  ,  ,  ,  ,  ,  ,  ,  ,  ,  ,  , 0+0+0:0:0:0:0
Ab mixolydian (4b),  ,  ,  ,  ,  ,  ,  ,  ,  ,  ,  ,  ,  ,  ,  ,  ,  ,  ,  ,  ,  ,  ,  ,  ,  ,  , 0+0+0:0:0:0:0
E mixolydian (4#),  ,  ,  ,  ,  ,  ,  ,  ,  ,  ,  ,  ,  ,  ,  ,  ,  ,  ,  ,  ,  ,  ,  ,  ,  ,  , 0+0+0:0:0:0:0
Ab aeolian (4b),  ,  ,  ,  ,  ,  ,  ,  ,  ,  ,  ,  ,  ,  ,  ,  ,  ,  ,  ,  ,  ,  ,  ,  ,  ,  , 0+0+0:0:0:0:0
E aeolian (4#),  ,  ,  ,  ,  ,  ,  ,  ,  ,  ,  ,  ,  ,  ,  ,  ,  ,  ,  ,  ,  ,  ,  ,  ,  ,  , 0+0+0:0:0:0:0
Ab locrian (4b),  ,  ,  ,  ,  ,  ,  ,  ,  ,  ,  ,  ,  ,  ,  ,  ,  ,  ,  ,  ,  ,  ,  ,  ,  ,  , 0+0+0:0:0:0:0
E locrian (4#),  ,  ,  ,  ,  ,  ,  ,  ,  ,  ,  ,  ,  ,  ,  ,  ,  ,  ,  ,  ,  ,  ,  ,  ,  ,  , 0+0+0:0:0:0:0
Db major (5b), 0+0+0:0:0:0:0, 1+0+0:0:0:0:0, 1+0+1:0:0:0:0, 1+0+0:0:0:0:0, 2+0+0:0:0:0:0, 3+0+1:1:0:0:1, 2+0+1:0:0:0:0, 8+0+3:0:0:0:1, 0+0+0:0:0:0:0, 0+0+0:0:0:0:0, 1+0+0:0:0:0:0, 2+0+1:0:0:0:0, 1+0+0:0:0:0:0, 2+0+0:0:0:0:0, 2+0+1:1:0:0:1, 2+0+0:0:0:0:0, 6+0+3:0:0:0:0, 0+0+0:0:0:0:0, 1+0+0:0:0:0:0, 1+0+1:0:0:0:0, 1+0+0:0:0:0:0, 2+0+0:0:0:0:0, 3+0+1:1:0:0:1, 2+0+1:0:0:0:0, 8+0+3:0:0:0:0, 0+0+0:0:0:0:0, 52+0+17:3:0:0:4
B major (5#), 1+0+0:0:0:0:0, 2+0+0:0:0:0:0, 3+0+1:0:0:0:0, 2+0+0:0:0:0:0, 5+0+2:0:0:0:0, 3+0+1:0:0:0:0, 5+0+1:0:0:0:0, 4+0+2:0:0:0:0, 1+0+0:0:0:0:0, 0+0+0:0:0:0:0, 2+0+0:0:0:0:0, 3+0+1:0:0:0:0, 2+0+0:0:0:0:0, 6+0+1:0:0:0:0, 2+0+4:0:0:0:1, 5+0+1:0:0:0:0, 4+0+2:0:0:0:1, 2+0+0:0:0:0:0, 2+0+0:0:0:0:0, 3+0+1:0:0:0:0, 2+0+0:0:0:0:0, 5+0+2:0:0:0:0, 3+0+1:0:0:0:0, 5+0+1:0:0:0:0, 4+0+2:0:0:0:0, 0+0+0:0:0:0:0, 76+0+23:0:0:0:2
Bb minor (5b), 0+0+0:0:0:0:0, 1+0+0:0:0:0:0, 1+0+1:0:0:0:0, 1+0+0:0:0:0:0, 2+0+0:0:0:0:0, 3+0+1:1:0:0:1, 2+0+0:0:0:0:0, 7+0+2:2:0:0:1, 0+0+0:0:0:0:0, 0+0+0:0:0:0:0, 1+0+0:0:0:0:0, 2+0+1:0:0:0:0, 1+0+0:0:0:0:0, 2+0+1:0:0:0:0, 2+0+1:1:0:0:1, 2+0+1:0:0:0:0, 7+0+2:1:0:0:1, 0+0+0:0:0:0:0, 1+0+0:0:0:0:0, 1+0+1:0:0:0:0, 1+0+0:0:0:0:0, 2+0+0:0:0:0:0, 3+0+1:1:0:0:1, 2+0+0:0:0:0:0, 7+0+2:2:0:0:1, 0+0+0:0:0:0:0, 51+0+14:8:0:0:6
G# minor (5#), 1+0+0:0:0:0:0, 2+0+0:0:0:0:0, 3+0+1:0:0:0:0, 3+0+0:0:0:0:0, 6+0+1:0:0:0:0, 3+0+1:0:0:0:0, 5+0+1:0:0:0:0, 4+0+2:0:0:0:1, 1+0+0:0:0:0:0, 0+0+0:0:0:0:0, 2+0+0:0:0:0:0, 3+0+1:0:0:0:0, 2+0+0:0:0:0:0, 6+0+0:0:0:0:0, 3+0+1:0:0:0:0, 5+0+0:0:0:0:0, 4+0+3:0:0:0:0, 3+0+0:0:0:0:0, 2+0+1:0:0:0:1, 3+0+1:0:0:0:0, 3+0+0:0:0:0:0, 6+0+1:0:0:0:0, 3+0+1:0:0:0:0, 5+0+1:0:0:0:0, 4+0+2:0:0:0:1, 0+0+0:0:0:0:0, 82+0+18:0:0:0:3
Bb minor mel (5b),  ,  ,  ,  ,  ,  ,  ,  ,  ,  ,  ,  ,  ,  ,  ,  ,  ,  ,  ,  ,  ,  ,  ,  ,  ,  , 0+0+0:0:0:0:0
G# minor mel (5#),  ,  ,  ,  ,  ,  ,  ,  ,  ,  ,  ,  ,  ,  ,  ,  ,  ,  ,  ,  ,  ,  ,  ,  ,  ,  , 0+0+0:0:0:0:0
Db major blues (5b),  ,  ,  ,  ,  ,  ,  ,  ,  ,  ,  ,  ,  ,  ,  ,  ,  ,  ,  ,  ,  ,  ,  ,  ,  ,  , 0+0+0:0:0:0:0
B major blues (5#),  ,  ,  ,  ,  ,  ,  ,  ,  ,  ,  ,  ,  ,  ,  ,  ,  ,  ,  ,  ,  ,  ,  ,  ,  ,  , 0+0+0:0:0:0:0
Bb minor blues (5b),  ,  ,  ,  ,  ,  ,  ,  ,  ,  ,  ,  ,  ,  ,  ,  ,  ,  ,  ,  ,  ,  ,  ,  ,  ,  , 0+0+0:0:0:0:0
G# minor blues (5#),  ,  ,  ,  ,  ,  ,  ,  ,  ,  ,  ,  ,  ,  ,  ,  ,  ,  ,  ,  ,  ,  ,  ,  ,  ,  , 0+0+0:0:0:0:0
Db dorian (5b),  ,  ,  ,  ,  ,  ,  ,  ,  ,  ,  ,  ,  ,  ,  ,  ,  ,  ,  ,  ,  ,  ,  ,  ,  ,  , 0+0+0:0:0:0:0
B dorian (5#),  ,  ,  ,  ,  ,  ,  ,  ,  ,  ,  ,  ,  ,  ,  ,  ,  ,  ,  ,  ,  ,  ,  ,  ,  ,  , 0+0+0:0:0:0:0
Db phrygian (5b),  ,  ,  ,  ,  ,  ,  ,  ,  ,  ,  ,  ,  ,  ,  ,  ,  ,  ,  ,  ,  ,  ,  ,  ,  ,  , 0+0+0:0:0:0:0
B phrygian (5#),  ,  ,  ,  ,  ,  ,  ,  ,  ,  ,  ,  ,  ,  ,  ,  ,  ,  ,  ,  ,  ,  ,  ,  ,  ,  , 0+0+0:0:0:0:0
Db lydian (5b),  ,  ,  ,  ,  ,  ,  ,  ,  ,  ,  ,  ,  ,  ,  ,  ,  ,  ,  ,  ,  ,  ,  ,  ,  ,  , 0+0+0:0:0:0:0
B lydian (5#),  ,  ,  ,  ,  ,  ,  ,  ,  ,  ,  ,  ,  ,  ,  ,  ,  ,  ,  ,  ,  ,  ,  ,  ,  ,  , 0+0+0:0:0:0:0
Db mixolydian (5b),  ,  ,  ,  ,  ,  ,  ,  ,  ,  ,  ,  ,  ,  ,  ,  ,  ,  ,  ,  ,  ,  ,  ,  ,  ,  , 0+0+0:0:0:0:0
B mixolydian (5#),  ,  ,  ,  ,  ,  ,  ,  ,  ,  ,  ,  ,  ,  ,  ,  ,  ,  ,  ,  ,  ,  ,  ,  ,  ,  , 0+0+0:0:0:0:0
Db aeolian (5b),  ,  ,  ,  ,  ,  ,  ,  ,  ,  ,  ,  ,  ,  ,  ,  ,  ,  ,  ,  ,  ,  ,  ,  ,  ,  , 0+0+0:0:0:0:0
B aeolian (5#),  ,  ,  ,  ,  ,  ,  ,  ,  ,  ,  ,  ,  ,  ,  ,  ,  ,  ,  ,  ,  ,  ,  ,  ,  ,  , 0+0+0:0:0:0:0
Db locrian (5b),  ,  ,  ,  ,  ,  ,  ,  ,  ,  ,  ,  ,  ,  ,  ,  ,  ,  ,  ,  ,  ,  ,  ,  ,  ,  , 0+0+0:0:0:0:0
B locrian (5#),  ,  ,  ,  ,  ,  ,  ,  ,  ,  ,  ,  ,  ,  ,  ,  ,  ,  ,  ,  ,  ,  ,  ,  ,  ,  , 0+0+0:0:0:0:0
Gb major (6b), 0+0+0:0:0:0:0, 1+0+0:0:0:0:0, 2+0+1:0:0:0:0, 1+0+0:0:0:0:0, 3+0+1:0:0:0:0, 4+0+1:0:0:0:0, 2+0+2:0:0:0:1, 8+0+2:0:0:0:0, 0+0+0:0:0:0:0, 0+0+0:0:0:0:0, 1+0+0:0:0:0:0, 1+0+1:0:0:0:0, 1+0+0:0:0:0:0, 2+0+0:0:0:0:0, 3+0+1:1:0:0:1, 2+0+0:0:0:0:0, 7+0+3:0:0:0:0, 0+0+0:0:0:0:0, 1+0+0:0:0:0:0, 2+0+1:0:0:0:0, 1+0+0:0:0:0:0, 3+0+1:0:0:0:0, 4+0+1:0:0:0:0, 2+0+4:0:0:0:0, 8+0+2:0:0:0:0, 1+0+0:0:0:0:0, 60+0+21:1:0:0:2
F# major (6#), 0+0+0:0:0:0:0, 2+0+0:0:0:0:0, 3+0+1:0:0:0:0, 2+0+0:0:0:0:0, 6+0+1:0:0:0:0, 3+0+1:0:0:0:0, 5+0+1:0:0:0:1, 4+0+2:0:0:0:0, 0+0+0:0:0:0:0, 0+0+0:0:0:0:0, 2+0+0:0:0:0:0, 2+0+1:0:0:0:0, 2+0+0:0:0:0:0, 6+0+0:0:0:0:0, 3+0+1:0:0:0:0, 5+0+0:0:0:0:0, 4+0+3:0:0:0:1, 0+0+0:0:0:0:0, 2+0+0:0:0:0:0, 3+0+1:0:0:0:0, 2+0+0:0:0:0:0, 6+0+1:0:0:0:0, 3+0+1:0:0:0:0, 5+0+1:0:0:0:1, 4+0+2:0:0:0:0, 0+0+0:0:0:0:0, 74+0+17:0:0:0:3
Eb minor (6b), 0+0+0:0:0:0:0, 1+0+0:0:0:0:0, 2+0+1:0:0:0:0, 1+0+0:0:0:0:0, 3+0+1:0:0:0:0, 3+0+1:1:0:0:1, 2+0+1:0:0:0:0, 8+0+3:1:0:0:0, 0+0+0:0:0:0:0, 0+0+0:0:0:0:0, 1+0+0:0:0:0:0, 1+0+1:0:0:0:0, 1+0+0:0:0:0:0, 2+0+0:0:0:0:0, 3+0+1:1:0:0:1, 2+0+0:0:0:0:0, 7+0+3:0:0:0:1, 0+0+0:0:0:0:0, 1+0+0:0:0:0:0, 2+0+1:0:0:0:0, 1+0+0:0:0:0:0, 3+0+1:0:0:0:0, 3+0+1:1:0:0:1, 2+0+1:0:0:0:0, 8+0+3:1:0:0:0, 0+0+0:0:0:0:0, 57+0+19:5:0:0:4
D# minor (6#), 0+0+0:0:0:0:0, 2+0+0:0:0:0:0, 3+0+1:0:0:0:0, 2+0+0:0:0:0:0, 6+0+1:0:0:0:0, 3+0+1:0:0:0:0, 5+0+1:0:0:0:0, 4+0+2:0:0:0:1, 0+0+0:0:0:0:0, 0+0+0:0:0:0:0, 2+0+0:0:0:0:0, 2+0+1:0:0:0:0, 2+0+0:0:0:0:0, 6+0+0:0:0:0:0, 3+0+1:0:0:0:0, 5+0+0:0:0:0:0, 4+0+3:0:0:0:1, 0+0+0:0:0:0:0, 2+0+0:0:0:0:0, 3+0+1:0:0:0:0, 2+0+0:0:0:0:0, 6+0+1:0:0:0:0, 3+0+1:0:0:0:0, 5+0+1:0:0:0:0, 4+0+2:0:0:0:1, 0+0+0:0:0:0:0, 74+0+17:0:0:0:3
Eb minor mel (6b),  ,  ,  ,  ,  ,  ,  ,  ,  ,  ,  ,  ,  ,  ,  ,  ,  ,  ,  ,  ,  ,  ,  ,  ,  ,  , 0+0+0:0:0:0:0
D# minor mel (6#),  ,  ,  ,  ,  ,  ,  ,  ,  ,  ,  ,  ,  ,  ,  ,  ,  ,  ,  ,  ,  ,  ,  ,  ,  ,  , 0+0+0:0:0:0:0
Gb major blues (6b),  ,  ,  ,  ,  ,  ,  ,  ,  ,  ,  ,  ,  ,  ,  ,  ,  ,  ,  ,  ,  ,  ,  ,  ,  ,  , 0+0+0:0:0:0:0
F# major blues (6#),  ,  ,  ,  ,  ,  ,  ,  ,  ,  ,  ,  ,  ,  ,  ,  ,  ,  ,  ,  ,  ,  ,  ,  ,  ,  , 0+0+0:0:0:0:0
Eb minor blues (6b),  ,  ,  ,  ,  ,  ,  ,  ,  ,  ,  ,  ,  ,  ,  ,  ,  ,  ,  ,  ,  ,  ,  ,  ,  ,  , 0+0+0:0:0:0:0
D# minor blues (6#),  ,  ,  ,  ,  ,  ,  ,  ,  ,  ,  ,  ,  ,  ,  ,  ,  ,  ,  ,  ,  ,  ,  ,  ,  ,  , 0+0+0:0:0:0:0
Gb dorian (6b),  ,  ,  ,  ,  ,  ,  ,  ,  ,  ,  ,  ,  ,  ,  ,  ,  ,  ,  ,  ,  ,  ,  ,  ,  ,  , 0+0+0:0:0:0:0
F# dorian (6#),  ,  ,  ,  ,  ,  ,  ,  ,  ,  ,  ,  ,  ,  ,  ,  ,  ,  ,  ,  ,  ,  ,  ,  ,  ,  , 0+0+0:0:0:0:0
Gb phrygian (6b),  ,  ,  ,  ,  ,  ,  ,  ,  ,  ,  ,  ,  ,  ,  ,  ,  ,  ,  ,  ,  ,  ,  ,  ,  ,  , 0+0+0:0:0:0:0
F# phrygian (6#),  ,  ,  ,  ,  ,  ,  ,  ,  ,  ,  ,  ,  ,  ,  ,  ,  ,  ,  ,  ,  ,  ,  ,  ,  ,  , 0+0+0:0:0:0:0
Gb lydian (6b),  ,  ,  ,  ,  ,  ,  ,  ,  ,  ,  ,  ,  ,  ,  ,  ,  ,  ,  ,  ,  ,  ,  ,  ,  ,  , 0+0+0:0:0:0:0
F# lydian (6#),  ,  ,  ,  ,  ,  ,  ,  ,  ,  ,  ,  ,  ,  ,  ,  ,  ,  ,  ,  ,  ,  ,  ,  ,  ,  , 0+0+0:0:0:0:0
Gb mixolydian (6b),  ,  ,  ,  ,  ,  ,  ,  ,  ,  ,  ,  ,  ,  ,  ,  ,  ,  ,  ,  ,  ,  ,  ,  ,  ,  , 0+0+0:0:0:0:0
F# mixolydian (6#),  ,  ,  ,  ,  ,  ,  ,  ,  ,  ,  ,  ,  ,  ,  ,  ,  ,  ,  ,  ,  ,  ,  ,  ,  ,  , 0+0+0:0:0:0:0
Gb aeolian (6b),  ,  ,  ,  ,  ,  ,  ,  ,  ,  ,  ,  ,  ,  ,  ,  ,  ,  ,  ,  ,  ,  ,  ,  ,  ,  , 0+0+0:0:0:0:0
F# aeolian (6#),  ,  ,  ,  ,  ,  ,  ,  ,  ,  ,  ,  ,  ,  ,  ,  ,  ,  ,  ,  ,  ,  ,  ,  ,  ,  , 0+0+0:0:0:0:0
Gb locrian (6b),  ,  ,  ,  ,  ,  ,  ,  ,  ,  ,  ,  ,  ,  ,  ,  ,  ,  ,  ,  ,  ,  ,  ,  ,  ,  , 0+0+0:0:0:0:0
F# locrian (6#),  ,  ,  ,  ,  ,  ,  ,  ,  ,  ,  ,  ,  ,  ,  ,  ,  ,  ,  ,  ,  ,  ,  ,  ,  ,  , 0+0+0:0:0:0:0
Cb major (7b), 1+0+0:0:0:0:0, 1+0+0:0:0:0:0, 2+0+1:0:0:0:1, 2+0+0:0:0:0:0, 4+0+1:0:0:0:0, 4+0+1:0:0:0:0, 3+0+1:0:0:0:0, 8+0+2:0:0:0:0, 1+0+0:0:0:0:0, 0+0+0:0:0:0:0, 1+0+0:0:0:0:0, 2+0+1:0:0:0:1, 1+0+1:0:0:0:0, 3+0+1:0:0:0:0, 4+0+4:0:0:0:1, 2+0+1:0:0:0:0, 8+0+2:0:0:0:1, 2+0+0:0:0:0:0, 1+0+0:0:0:0:0, 2+0+1:0:0:0:1, 2+0+0:0:0:0:0, 4+0+1:0:0:0:0, 4+0+1:0:0:0:0, 3+0+1:0:0:0:0, 8+0+2:0:0:0:0, 1+0+0:0:0:0:0, 74+0+22:0:0:0:5
C# major (7#), 0+0+0:0:0:0:0, 2+0+0:0:0:0:0, 2+0+1:0:0:0:0, 2+0+0:0:0:0:0, 6+0+0:0:0:0:0, 3+0+1:0:0:0:0, 5+0+1:0:0:0:0, 4+0+2:0:0:0:0, 0+0+0:0:0:0:0, 0+0+0:0:0:0:0, 2+0+0:0:0:0:0, 3+0+1:0:0:0:0, 2+0+0:0:0:0:0, 6+0+0:0:0:0:0, 3+0+1:0:0:0:0, 5+0+0:0:0:0:0, 6+0+3:0:0:0:0, 3+0+0:0:0:0:0, 2+0+0:0:0:0:0, 7+0+1:0:0:0:1, 2+0+0:0:0:0:0, 6+0+0:0:0:0:0, 3+0+1:0:0:0:0, 5+0+1:0:0:0:0, 4+0+2:0:0:0:0, 0+0+0:0:0:0:0, 83+0+15:0:0:0:1
Ab minor (7b), 1+0+0:0:0:0:0, 1+0+0:0:0:0:0, 2+0+1:0:0:0:0, 2+0+0:0:0:0:0, 4+0+1:0:0:0:0, 4+0+1:1:0:0:1, 3+0+1:0:0:0:0, 8+0+2:0:0:0:1, 3+0+0:0:0:0:0, 0+0+0:0:0:0:0, 1+0+0:0:0:0:0, 2+0+1:0:0:0:0, 1+0+0:0:0:0:0, 3+0+1:0:0:0:0, 4+0+4:0:0:0:1, 2+0+1:0:0:0:0, 8+0+3:0:0:0:0, 2+0+0:0:0:0:0, 1+0+0:0:0:0:0, 2+0+1:0:0:0:0, 2+0+0:0:0:0:0, 4+0+1:0:0:0:0, 4+0+1:1:0:0:1, 3+0+1:0:0:0:0, 8+0+2:0:0:0:1, 1+0+0:0:0:0:0, 76+0+22:2:0:0:5
A# minor (7#), 0+0+0:0:0:0:0, 2+0+0:0:0:0:0, 2+0+1:0:0:0:0, 2+0+0:0:0:0:0, 6+0+0:0:0:0:0, 3+0+1:0:0:0:0, 5+0+1:0:0:0:0, 4+0+3:0:0:0:1, 0+0+0:0:0:0:0, 0+0+0:0:0:0:0, 2+0+0:0:0:0:0, 3+0+1:0:0:0:0, 2+0+0:0:0:0:0, 6+0+1:0:0:0:0, 3+0+1:0:0:0:0, 5+0+1:0:0:0:0, 5+0+2:0:0:0:0, 3+0+0:0:0:0:0, 2+0+0:0:0:0:0, 5+0+2:0:0:0:0, 2+0+0:0:0:0:0, 6+0+0:0:0:0:0, 3+0+1:0:0:0:0, 5+0+0:0:0:0:0, 5+0+2:0:0:0:0, 1+0+0:0:0:0:0, 82+0+17:0:0:0:1
Ab minor mel (7b),  ,  ,  ,  ,  ,  ,  ,  ,  ,  ,  ,  ,  ,  ,  ,  ,  ,  ,  ,  ,  ,  ,  ,  ,  ,  , 0+0+0:0:0:0:0
A# minor mel (7#),  ,  ,  ,  ,  ,  ,  ,  ,  ,  ,  ,  ,  ,  ,  ,  ,  ,  ,  ,  ,  ,  ,  ,  ,  ,  , 0+0+0:0:0:0:0
Cb major blues (7b),  ,  ,  ,  ,  ,  ,  ,  ,  ,  ,  ,  ,  ,  ,  ,  ,  ,  ,  ,  ,  ,  ,  ,  ,  ,  , 0+0+0:0:0:0:0
C# major blues (7#),  ,  ,  ,  ,  ,  ,  ,  ,  ,  ,  ,  ,  ,  ,  ,  ,  ,  ,  ,  ,  ,  ,  ,  ,  ,  , 0+0+0:0:0:0:0
Ab minor blues (7b),  ,  ,  ,  ,  ,  ,  ,  ,  ,  ,  ,  ,  ,  ,  ,  ,  ,  ,  ,  ,  ,  ,  ,  ,  ,  , 0+0+0:0:0:0:0
A# minor blues (7#),  ,  ,  ,  ,  ,  ,  ,  ,  ,  ,  ,  ,  ,  ,  ,  ,  ,  ,  ,  ,  ,  ,  ,  ,  ,  , 0+0+0:0:0:0:0
Cb dorian (7b),  ,  ,  ,  ,  ,  ,  ,  ,  ,  ,  ,  ,  ,  ,  ,  ,  ,  ,  ,  ,  ,  ,  ,  ,  ,  , 0+0+0:0:0:0:0
C# dorian (7#),  ,  ,  ,  ,  ,  ,  ,  ,  ,  ,  ,  ,  ,  ,  ,  ,  ,  ,  ,  ,  ,  ,  ,  ,  ,  , 0+0+0:0:0:0:0
Cb phrygian (7b),  ,  ,  ,  ,  ,  ,  ,  ,  ,  ,  ,  ,  ,  ,  ,  ,  ,  ,  ,  ,  ,  ,  ,  ,  ,  , 0+0+0:0:0:0:0
C# phrygian (7#),  ,  ,  ,  ,  ,  ,  ,  ,  ,  ,  ,  ,  ,  ,  ,  ,  ,  ,  ,  ,  ,  ,  ,  ,  ,  , 0+0+0:0:0:0:0
Cb lydian (7b),  ,  ,  ,  ,  ,  ,  ,  ,  ,  ,  ,  ,  ,  ,  ,  ,  ,  ,  ,  ,  ,  ,  ,  ,  ,  , 0+0+0:0:0:0:0
C# lydian (7#),  ,  ,  ,  ,  ,  ,  ,  ,  ,  ,  ,  ,  ,  ,  ,  ,  ,  ,  ,  ,  ,  ,  ,  ,  ,  , 0+0+0:0:0:0:0
Cb mixolydian (7b),  ,  ,  ,  ,  ,  ,  ,  ,  ,  ,  ,  ,  ,  ,  ,  ,  ,  ,  ,  ,  ,  ,  ,  ,  ,  , 0+0+0:0:0:0:0
C# mixolydian (7#),  ,  ,  ,  ,  ,  ,  ,  ,  ,  ,  ,  ,  ,  ,  ,  ,  ,  ,  ,  ,  ,  ,  ,  ,  ,  , 0+0+0:0:0:0:0
Cb aeolian (7b),  ,  ,  ,  ,  ,  ,  ,  ,  ,  ,  ,  ,  ,  ,  ,  ,  ,  ,  ,  ,  ,  ,  ,  ,  ,  , 0+0+0:0:0:0:0
C# aeolian (7#),  ,  ,  ,  ,  ,  ,  ,  ,  ,  ,  ,  ,  ,  ,  ,  ,  ,  ,  ,  ,  ,  ,  ,  ,  ,  , 0+0+0:0:0:0:0
Cb locrian (7b),  ,  ,  ,  ,  ,  ,  ,  ,  ,  ,  ,  ,  ,  ,  ,  ,  ,  ,  ,  ,  ,  ,  ,  ,  ,  , 0+0+0:0:0:0:0
C# locrian (7#),  ,  ,  ,  ,  ,  ,  ,  ,  ,  ,  ,  ,  ,  ,  ,  ,  ,  ,  ,  ,  ,  ,  ,  ,  ,  , 0+0+0:0:0:0:0
