 , 0, 1, 2, 3, 4, 5, 6, 7, 8, 9, 10, 11, 12, 13, 14, 15, 16, 17, 18, 19, 20, 21, 22, 23, rowcost
C major (0), 1+0:0:0:0:0, 0+0:0:0:0:0, 1+0:0:0:0:0, 1+0:0:0:0:0, 1+0:0:0:0:0, 0+0:0:0:0:0, 1+0:0:0:0:0, 0+0:0:0:0:0, 0+0:0:0:0:0, 1+0:0:0:0:0, 1+0:0:0:0:0, 0+0:0:0:0:0, 1+0:0:0:0:0, 2+0:0:0:0:0, 2+0:0:0:0:0, 1+0:0:0:0:0, 0+0:0:0:0:0, 1+0:0:0:0:0, 2+0:0:0:0:0, 0+0:0:0:0:0, 3+0:0:0:0:0, 1+0:0:0:0:0, 1+0:0:0:0:0, 1+0:0:0:0:0, 22+0:0:0:0:0
A minor (0), 1+0:0:0:0:0, 1+0:0:0:0:0, 1+0:0:0:0:0, 2+0:0:0:0:0, 2+0:0:0:0:0, 0+0:0:0:0:0, 2+0:0:0:0:0, 0+0:0:0:0:0, 0+0:0:0:0:0, 1+0:0:0:0:1, 1+0:0:0:0:1, 0+0:0:0:0:0, 1+0:0:0:0:0, 2+0:0:0:0:1, 1+0:0:0:0:0, 1+0:0:0:0:0, 0+0:0:0:0:0, 1+0:0:0:0:0, 2+0:0:0:0:0, 1+0:0:0:0:0, 2+0:0:0:0:0, 1+0:0:0:0:0, 1+0:0:0:0:0, 1+0:0:0:0:0, 25+0:0:0:0:3
A minor mel (0), 1+0:0:0:0:0, 1+0:0:0:0:0, 1+0:0:0:0:0, 2+0:0:0:0:0, 1+0:0:0:0:0, 0+0:0:0:0:0, 1+0:0:0:0:0, 0+0:0:0:0:0, 0+0:0:0:0:0, 1+0:0:0:0:1, 1+0:0:0:0:1, 0+0:0:0:0:0, 1+0:0:0:0:0, 2+0:0:0:0:1, 2+0:0:0:0:0, 2+0:0:0:0:0, 1+0:0:0:0:0, 1+0:0:0:0:0, 3+0:0:0:0:0, 1+0:0:0:0:0, 2+0:0:0:0:0, 2+0:0:0:0:0, 1+0:0:0:0:0, 1+0:0:0:0:0, 28+0:0:0:0:3
C major blues (0), 1+0:0:0:0:0, 0+0:0:0:0:0, 1+0:0:0:0:0, 1+0:0:0:0:0, 1+0:0:0:0:0, 1+0:0:0:0:0, 1+0:0:0:0:0, 0+0:0:0:0:0, 0+0:0:0:0:0, 1+0:0:0:0:0, 1+0:0:0:0:0, 0+0:0:0:0:0, 1+0:0:0:0:0, 2+0:0:0:0:0, 3+0:0:0:0:0, 2+0:0:0:0:0, 1+0:0:0:0:0, 1+0:0:0:0:0, 3+0:0:0:0:0, 0+0:0:0:0:0, 3+0:0:0:0:0, 2+0:0:0:0:0, 1+0:0:0:0:0, 1+0:0:0:0:0, 28+0:0:0:0:0
A minor blues (0), 1+0:0:0:0:0, 0+0:0:0:0:0, 1+0:0:0:0:0, 1+0:0:0:0:0, 1+0:0:0:0:0, 1+0:0:0:0:0, 1+0:0:0:0:0, 0+0:0:0:0:0, 0+0:0:0:0:0, 1+0:0:0:0:0, 1+0:0:0:0:0, 0+0:0:0:0:0, 1+0:0:0:0:0, 2+0:0:0:0:0, 3+0:0:0:0:0, 2+0:0:0:0:0, 1+0:0:0:0:0, 1+0:0:0:0:0, 3+0:0:0:0:0, 0+0:0:0:0:0, 3+0:0:0:0:0, 2+0:0:0:0:0, 1+0:0:0:0:0, 1+0:0:0:0:0, 28+0:0:0:0:0
C dorian (0), 1+0:0:0:0:0, 0+0:0:0:0:0, 1+0:0:0:0:0, 1+0:0:0:0:0, 0+0:0:0:0:0, 0+0:0:0:0:0, 0+0:0:0:0:0, 0+0:0:0:0:0, 0+0:0:0:0:0, 1+0:0:0:0:0, 1+0:0:0:0:0, 0+0:0:0:0:0, 1+0:0:0:0:0, 2+0:0:0:0:0, 3+0:0:0:0:0, 2+0:0:0:0:0, 1+0:0:0:0:0, 1+0:0:0:0:0, 3+0:0:0:0:0, 0+0:0:0:0:0, 3+0:0:0:0:0, 2+0:0:0:0:0, 1+0:0:0:0:0, 1+0:0:0:0:0, 25+0:0:0:0:0
C phrygian (0), 0+0:0:0:0:0, 0+0:0:0:0:0, 0+0:0:0:0:0, 0+0:0:0:0:0, 1+0:0:0:0:0, 0+0:0:0:0:0, 1+0:0:0:0:0, 0+0:0:0:0:0, 0+0:0:0:0:0, 1+0:0:0:0:0, 1+0:0:0:0:0, 0+0:0:0:0:0, 0+0:0:0:0:0, 1+0:0:0:0:0, 2+0:0:0:0:0, 0+0:0:0:0:0, 0+0:0:0:0:0, 1+0:0:0:0:0, 1+0:0:0:0:0, 0+0:0:0:0:0, 2+0:0:0:0:0, 0+0:0:0:0:0, 0+0:0:0:0:0, 0+0:0:0:0:0, 11+0:0:0:0:0
C lydian (0), 1+0:0:0:0:0, 0+0:0:0:0:0, 1+0:0:0:0:0, 1+0:0:0:0:0, 0+0:0:0:0:0, 0+0:0:0:0:0, 0+0:0:0:0:0, 0+0:0:0:0:0, 0+0:0:0:0:0, 1+0:0:0:0:0, 1+0:0:0:0:0, 0+0:0:0:0:0, 1+0:0:0:0:0, 2+0:0:0:0:0, 3+0:0:0:0:0, 2+0:0:0:0:0, 1+0:0:0:0:0, 1+0:0:0:0:0, 3+0:0:0:0:0, 0+0:0:0:0:0, 3+0:0:0:0:0, 2+0:0:0:0:0, 1+0:0:0:0:0, 1+0:0:0:0:0, 25+0:0:0:0:0
C mixolydian (0), 0+0:0:0:0:0, 0+0:0:0:0:0, 0+0:0:0:0:0, 0+0:0:0:0:0, 1+0:0:0:0:0, 0+0:0:0:0:0, 1+0:0:0:0:0, 0+0:0:0:0:0, 0+0:0:0:0:0, 1+0:0:0:0:0, 1+0:0:0:0:0, 0+0:0:0:0:0, 0+0:0:0:0:0, 1+0:0:0:0:0, 2+0:0:0:0:0, 0+0:0:0:0:0, 0+0:0:0:0:0, 1+0:0:0:0:0, 1+0:0:0:0:0, 0+0:0:0:0:0, 2+0:0:0:0:0, 0+0:0:0:0:0, 0+0:0:0:0:0, 0+0:0:0:0:0, 11+0:0:0:0:0
C aeolian (0), 1+0:0:0:0:0, 0+0:0:0:0:0, 1+0:0:0:0:0, 1+0:0:0:0:0, 1+0:0:0:0:0, 0+0:0:0:0:0, 1+0:0:0:0:0, 0+0:0:0:0:0, 0+0:0:0:0:0, 1+0:0:0:0:0, 1+0:0:0:0:0, 0+0:0:0:0:0, 1+0:0:0:0:0, 2+0:0:0:0:0, 2+0:0:0:0:0, 1+0:0:0:0:0, 0+0:0:0:0:0, 1+0:0:0:0:0, 2+0:0:0:0:0, 0+0:0:0:0:0, 3+0:0:0:0:0, 1+0:0:0:0:0, 1+0:0:0:0:0, 1+0:0:0:0:0, 22+0:0:0:0:0
C locrian (0), 0+0:0:0:0:0, 0+0:0:0:0:0, 0+0:0:0:0:0, 0+0:0:0:0:0, 1+0:0:0:0:0, 1+0:0:0:0:0, 1+0:0:0:0:0, 0+0:0:0:0:0, 0+0:0:0:0:0, 0+0:0:0:0:0, 0+0:0:0:0:0, 0+0:0:0:0:0, 0+0:0:0:0:0, 1+0:0:0:0:0, 1+0:0:0:0:0, 0+0:0:0:0:0, 0+0:0:0:0:0, 0+0:0:0:0:0, 1+0:0:0:0:0, 0+0:0:0:0:0, 1+0:0:0:0:0, 0+0:0:0:0:0, 0+0:0:0:0:0, 0+0:0:0:0:0, 7+0:0:0:0:0
F major (1b), 0+0:0:0:0:0, 0+0:0:0:0:0, 0+0:0:0:0:0, 0+0:0:0:0:0, 1+0:0:0:0:0, 0+0:0:0:0:0, 1+0:0:0:0:0, 0+0:0:0:0:0, 0+0:0:0:0:0, 1+0:0:0:0:0, 1+0:0:0:0:0, 0+0:0:0:0:0, 0+0:0:0:0:0, 1+0:0:0:0:0, 2+0:0:0:0:0, 0+0:0:0:0:0, 0+0:0:0:0:0, 1+0:0:0:0:0, 1+0:0:0:0:0, 0+0:0:0:0:0, 2+0:0:0:0:0, 0+0:0:0:0:0, 0+0:0:0:0:0, 0+0:0:0:0:0, 11+0:0:0:0:0
G major (1#), 1+0:0:0:0:0, 0+0:0:0:0:0, 1+0:0:0:0:0, 1+0:0:0:0:0, 0+0:0:0:0:0, 0+0:0:0:0:0, 0+0:0:0:0:0, 0+0:0:0:0:0, 0+0:0:0:0:0, 1+0:0:0:0:0, 1+0:0:0:0:0, 0+0:0:0:0:0, 1+0:0:0:0:0, 2+0:0:0:0:0, 3+0:0:0:0:0, 2+0:0:0:0:0, 1+0:0:0:0:0, 1+0:0:0:0:0, 3+0:0:0:0:0, 0+0:0:0:0:0, 3+0:0:0:0:0, 2+0:0:0:0:0, 1+0:0:0:0:0, 1+0:0:0:0:0, 25+0:0:0:0:0
D minor (1b), 1+0:0:0:0:0, 0+0:0:0:0:0, 1+0:0:0:0:0, 0+0:0:0:0:0, 1+0:1:0:0:0, 0+0:0:0:0:0, 1+0:1:0:0:0, 0+0:0:0:0:0, 0+0:0:0:0:0, 1+0:0:0:0:0, 2+0:0:0:0:0, 0+0:0:0:0:0, 0+0:0:0:0:0, 2+0:0:0:0:1, 3+0:1:0:0:0, 0+0:0:0:0:0, 1+0:0:0:0:0, 1+0:0:0:0:0, 2+0:0:0:0:1, 1+0:0:0:0:0, 3+0:1:0:0:0, 0+0:0:0:0:0, 0+0:0:0:0:0, 0+0:0:0:0:0, 20+0:4:0:0:2
E minor (1#), 1+0:0:0:0:0, 0+0:0:0:0:0, 1+0:0:0:0:0, 1+0:0:0:0:0, 0+0:0:0:0:0, 0+0:0:0:0:0, 0+0:0:0:0:0, 1+0:0:0:0:0, 1+0:0:0:0:0, 2+0:1:0:0:1, 1+0:0:0:0:0, 1+0:0:0:0:0, 1+0:0:0:0:0, 2+0:1:0:0:1, 2+0:0:0:0:0, 2+0:0:0:0:0, 1+0:0:0:0:0, 0+0:0:0:0:0, 4+0:1:0:0:1, 0+0:0:0:0:0, 2+0:0:0:0:0, 2+0:0:0:0:0, 1+0:0:0:0:0, 1+0:0:0:0:0, 27+0:3:0:0:3
D minor mel (1b), 2+0:0:0:0:0, 0+0:0:0:0:0, 2+0:0:0:0:0, 1+0:0:0:0:0, 1+0:1:0:0:0, 0+0:0:0:0:0, 1+0:1:0:0:0, 0+0:0:0:0:0, 0+0:0:0:0:0, 1+0:0:0:0:0, 2+0:0:0:0:0, 0+0:0:0:0:0, 1+0:0:0:0:0, 2+0:2:1:0:2, 3+0:1:0:0:0, 1+0:0:0:0:0, 1+0:0:0:0:0, 1+0:0:0:0:0, 3+0:0:0:0:1, 1+0:0:0:0:0, 4+0:1:0:0:0, 1+0:0:0:0:0, 1+0:0:0:0:0, 1+0:0:0:0:0, 30+0:6:1:0:3
E minor mel (1#), 2+0:0:0:0:0, 0+0:0:0:0:0, 2+0:0:0:0:0, 1+0:0:0:0:0, 0+0:0:0:0:0, 0+0:0:0:0:0, 0+0:0:0:0:0, 1+0:0:0:0:0, 1+0:0:0:0:0, 2+0:1:0:0:1, 2+0:0:0:0:0, 1+0:0:0:0:0, 1+0:0:0:0:0, 2+0:0:1:0:1, 3+0:0:0:0:0, 2+0:0:0:0:0, 2+0:0:0:0:0, 0+0:0:0:0:0, 5+0:1:0:0:1, 1+0:0:0:0:0, 3+0:0:0:0:0, 2+0:0:0:0:0, 1+0:0:0:0:0, 1+0:0:0:0:0, 35+0:2:1:0:3
F major blues (1b), 1+0:0:0:0:0, 0+0:0:0:0:0, 1+0:0:0:0:0, 1+0:0:0:0:0, 2+0:0:0:0:0, 1+0:0:0:0:0, 2+0:1:0:0:1, 0+0:0:0:0:0, 0+0:0:0:0:0, 1+0:0:0:0:0, 1+0:0:0:0:0, 0+0:0:0:0:0, 1+0:0:0:0:0, 2+0:0:0:0:0, 2+0:0:0:0:0, 1+0:0:0:0:0, 0+0:0:0:0:0, 1+0:0:0:0:0, 2+0:0:0:0:0, 0+0:0:0:0:0, 3+0:0:0:0:0, 1+0:0:0:0:0, 1+0:0:0:0:0, 1+0:0:0:0:0, 25+0:1:0:0:1
G major blues (1#), 2+0:0:0:0:0, 0+0:0:0:0:0, 2+0:0:0:0:0, 1+0:0:0:0:0, 1+0:0:0:0:0, 0+0:0:0:0:0, 1+0:0:0:0:0, 0+0:0:0:0:0, 0+0:0:0:0:0, 1+0:1:0:0:0, 2+0:1:0:0:0, 0+0:0:0:0:0, 1+0:0:0:0:0, 3+0:1:0:0:1, 4+0:2:0:0:0, 2+0:0:0:0:0, 2+0:0:0:0:0, 1+0:1:0:0:0, 4+0:1:0:0:0, 1+0:0:0:0:0, 4+0:2:0:0:0, 2+0:0:0:0:0, 1+0:0:0:0:0, 1+0:0:0:0:0, 36+0:9:0:0:1
D minor blues (1b), 1+0:0:0:0:0, 0+0:0:0:0:0, 1+0:0:0:0:0, 1+0:0:0:0:0, 2+0:0:0:0:0, 1+0:0:0:0:0, 2+0:1:0:0:1, 0+0:0:0:0:0, 0+0:0:0:0:0, 1+0:0:0:0:0, 1+0:0:0:0:0, 0+0:0:0:0:0, 1+0:0:0:0:0, 2+0:0:0:0:0, 2+0:0:0:0:0, 1+0:0:0:0:0, 0+0:0:0:0:0, 1+0:0:0:0:0, 2+0:0:0:0:0, 0+0:0:0:0:0, 3+0:0:0:0:0, 1+0:0:0:0:0, 1+0:0:0:0:0, 1+0:0:0:0:0, 25+0:1:0:0:1
E minor blues (1#), 2+0:0:0:0:0, 0+0:0:0:0:0, 2+0:0:0:0:0, 1+0:0:0:0:0, 1+0:0:0:0:0, 0+0:0:0:0:0, 1+0:0:0:0:0, 0+0:0:0:0:0, 0+0:0:0:0:0, 1+0:1:0:0:0, 2+0:1:0:0:0, 0+0:0:0:0:0, 1+0:0:0:0:0, 3+0:1:0:0:1, 4+0:2:0:0:0, 2+0:0:0:0:0, 2+0:0:0:0:0, 1+0:1:0:0:0, 4+0:1:0:0:0, 1+0:0:0:0:0, 4+0:2:0:0:0, 2+0:0:0:0:0, 1+0:0:0:0:0, 1+0:0:0:0:0, 36+0:9:0:0:1
F dorian (1b), 1+0:0:0:0:0, 0+0:0:0:0:0, 1+0:0:0:0:0, 1+0:0:0:0:0, 1+0:0:0:0:0, 0+0:0:0:0:0, 1+0:0:0:0:0, 0+0:0:0:0:0, 0+0:0:0:0:0, 1+0:0:0:0:0, 1+0:0:0:0:0, 0+0:0:0:0:0, 1+0:0:0:0:0, 2+0:0:0:0:0, 2+0:0:0:0:0, 1+0:0:0:0:0, 0+0:0:0:0:0, 1+0:0:0:0:0, 2+0:0:0:0:0, 0+0:0:0:0:0, 3+0:0:0:0:0, 1+0:0:0:0:0, 1+0:0:0:0:0, 1+0:0:0:0:0, 22+0:0:0:0:0
G dorian (1#), 2+0:1:0:0:0, 0+0:0:0:0:0, 2+0:1:0:0:0, 1+0:1:0:0:0, 0+0:0:0:0:0, 0+0:0:0:0:0, 0+0:0:0:0:0, 0+0:0:0:0:0, 0+0:0:0:0:0, 1+0:1:0:0:0, 2+0:1:0:0:0, 0+0:0:0:0:0, 1+0:1:0:0:0, 2+0:0:1:0:2, 4+0:2:0:0:0, 2+0:1:0:0:0, 2+0:0:0:0:0, 1+0:1:0:0:0, 4+0:2:0:0:0, 1+0:0:0:0:0, 4+0:3:0:0:0, 2+0:1:0:0:0, 1+0:1:0:0:0, 1+0:1:0:0:0, 33+0:18:1:0:2
F phrygian (1b), 0+0:0:0:0:0, 0+0:0:0:0:0, 0+0:0:0:0:0, 0+0:0:0:0:0, 1+0:0:0:0:0, 1+0:0:0:0:0, 1+0:0:0:0:0, 0+0:0:0:0:0, 0+0:0:0:0:0, 0+0:0:0:0:0, 0+0:0:0:0:0, 0+0:0:0:0:0, 0+0:0:0:0:0, 1+0:0:0:0:0, 1+0:0:0:0:0, 0+0:0:0:0:0, 0+0:0:0:0:0, 0+0:0:0:0:0, 1+0:0:0:0:0, 0+0:0:0:0:0, 1+0:0:0:0:0, 0+0:0:0:0:0, 0+0:0:0:0:0, 0+0:0:0:0:0, 7+0:0:0:0:0
G phrygian (1#), 1+0:0:0:0:0, 0+0:0:0:0:0, 1+0:0:0:0:0, 1+0:0:0:0:0, 1+0:0:0:0:0, 0+0:0:0:0:0, 1+0:0:0:0:0, 0+0:0:0:0:0, 0+0:0:0:0:0, 1+0:0:0:0:0, 1+0:0:0:0:0, 0+0:0:0:0:0, 1+0:0:0:0:0, 2+0:0:0:0:0, 2+0:0:0:0:0, 1+0:0:0:0:0, 0+0:0:0:0:0, 1+0:0:0:0:0, 2+0:0:0:0:0, 0+0:0:0:0:0, 3+0:0:0:0:0, 1+0:0:0:0:0, 1+0:0:0:0:0, 1+0:0:0:0:0, 22+0:0:0:0:0
F lydian (1b), 1+0:0:0:0:0, 0+0:0:0:0:0, 1+0:0:0:0:0, 1+0:0:0:0:0, 1+0:0:0:0:0, 0+0:0:0:0:0, 1+0:0:0:0:0, 0+0:0:0:0:0, 0+0:0:0:0:0, 1+0:0:0:0:0, 1+0:0:0:0:0, 0+0:0:0:0:0, 1+0:0:0:0:0, 2+0:0:0:0:0, 2+0:0:0:0:0, 1+0:0:0:0:0, 0+0:0:0:0:0, 1+0:0:0:0:0, 2+0:0:0:0:0, 0+0:0:0:0:0, 3+0:0:0:0:0, 1+0:0:0:0:0, 1+0:0:0:0:0, 1+0:0:0:0:0, 22+0:0:0:0:0
G lydian (1#), 2+0:1:0:0:0, 0+0:0:0:0:0, 2+0:1:0:0:0, 1+0:1:0:0:0, 0+0:0:0:0:0, 0+0:0:0:0:0, 0+0:0:0:0:0, 0+0:0:0:0:0, 0+0:0:0:0:0, 1+0:1:0:0:0, 2+0:1:0:0:0, 0+0:0:0:0:0, 1+0:1:0:0:0, 2+0:0:1:0:2, 4+0:2:0:0:0, 2+0:1:0:0:0, 2+0:0:0:0:0, 1+0:1:0:0:0, 4+0:2:0:0:0, 1+0:0:0:0:0, 4+0:3:0:0:0, 2+0:1:0:0:0, 1+0:1:0:0:0, 1+0:1:0:0:0, 33+0:18:1:0:2
F mixolydian (1b), 0+0:0:0:0:0, 0+0:0:0:0:0, 0+0:0:0:0:0, 0+0:0:0:0:0, 1+0:0:0:0:0, 1+0:0:0:0:0, 1+0:0:0:0:0, 0+0:0:0:0:0, 0+0:0:0:0:0, 0+0:0:0:0:0, 0+0:0:0:0:0, 0+0:0:0:0:0, 0+0:0:0:0:0, 1+0:0:0:0:0, 1+0:0:0:0:0, 0+0:0:0:0:0, 0+0:0:0:0:0, 0+0:0:0:0:0, 1+0:0:0:0:0, 0+0:0:0:0:0, 1+0:0:0:0:0, 0+0:0:0:0:0, 0+0:0:0:0:0, 0+0:0:0:0:0, 7+0:0:0:0:0
G mixolydian (1#), 1+0:0:0:0:0, 0+0:0:0:0:0, 1+0:0:0:0:0, 1+0:0:0:0:0, 1+0:0:0:0:0, 0+0:0:0:0:0, 1+0:0:0:0:0, 0+0:0:0:0:0, 0+0:0:0:0:0, 1+0:0:0:0:0, 1+0:0:0:0:0, 0+0:0:0:0:0, 1+0:0:0:0:0, 2+0:0:0:0:0, 2+0:0:0:0:0, 1+0:0:0:0:0, 0+0:0:0:0:0, 1+0:0:0:0:0, 2+0:0:0:0:0, 0+0:0:0:0:0, 3+0:0:0:0:0, 1+0:0:0:0:0, 1+0:0:0:0:0, 1+0:0:0:0:0, 22+0:0:0:0:0
F aeolian (1b), 0+0:0:0:0:0, 0+0:0:0:0:0, 0+0:0:0:0:0, 0+0:0:0:0:0, 1+0:0:0:0:0, 0+0:0:0:0:0, 1+0:0:0:0:0, 0+0:0:0:0:0, 0+0:0:0:0:0, 1+0:0:0:0:0, 1+0:0:0:0:0, 0+0:0:0:0:0, 0+0:0:0:0:0, 1+0:0:0:0:0, 2+0:0:0:0:0, 0+0:0:0:0:0, 0+0:0:0:0:0, 1+0:0:0:0:0, 1+0:0:0:0:0, 0+0:0:0:0:0, 2+0:0:0:0:0, 0+0:0:0:0:0, 0+0:0:0:0:0, 0+0:0:0:0:0, 11+0:0:0:0:0
G aeolian (1#), 1+0:0:0:0:0, 0+0:0:0:0:0, 1+0:0:0:0:0, 1+0:0:0:0:0, 0+0:0:0:0:0, 0+0:0:0:0:0, 0+0:0:0:0:0, 0+0:0:0:0:0, 0+0:0:0:0:0, 1+0:0:0:0:0, 1+0:0:0:0:0, 0+0:0:0:0:0, 1+0:0:0:0:0, 2+0:0:0:0:0, 3+0:0:0:0:0, 2+0:0:0:0:0, 1+0:0:0:0:0, 1+0:0:0:0:0, 3+0:0:0:0:0, 0+0:0:0:0:0, 3+0:0:0:0:0, 2+0:0:0:0:0, 1+0:0:0:0:0, 1+0:0:0:0:0, 25+0:0:0:0:0
F locrian (1b), 0+0:0:0:0:0, 0+0:0:0:0:0, 0+0:0:0:0:0, 0+0:0:0:0:0, 2+0:0:0:0:0, 1+0:0:0:0:0, 2+0:1:0:0:1, 0+0:0:0:0:0, 0+0:0:0:0:0, 0+0:0:0:0:0, 0+0:0:0:0:0, 0+0:0:0:0:0, 0+0:0:0:0:0, 1+0:0:0:0:0, 0+0:0:0:0:0, 0+0:0:0:0:0, 0+0:0:0:0:0, 0+0:0:0:0:0, 0+0:0:0:0:0, 0+0:0:0:0:0, 0+0:0:0:0:0, 0+0:0:0:0:0, 0+0:0:0:0:0, 0+0:0:0:0:0, 6+0:1:0:0:1
G locrian (1#), 0+0:0:0:0:0, 0+0:0:0:0:0, 0+0:0:0:0:0, 0+0:0:0:0:0, 1+0:0:0:0:0, 0+0:0:0:0:0, 1+0:0:0:0:0, 0+0:0:0:0:0, 0+0:0:0:0:0, 1+0:0:0:0:0, 1+0:0:0:0:0, 0+0:0:0:0:0, 0+0:0:0:0:0, 1+0:0:0:0:0, 2+0:0:0:0:0, 0+0:0:0:0:0, 0+0:0:0:0:0, 1+0:0:0:0:0, 1+0:0:0:0:0, 0+0:0:0:0:0, 2+0:0:0:0:0, 0+0:0:0:0:0, 0+0:0:0:0:0, 0+0:0:0:0:0, 11+0:0:0:0:0
Bb major (2b), 0+0:0:0:0:0, 0+0:0:0:0:0, 0+0:0:0:0:0, 0+0:0:0:0:0, 1+0:0:0:0:0, 1+0:0:0:0:0, 1+0:0:0:0:0, 0+0:0:0:0:0, 0+0:0:0:0:0, 0+0:0:0:0:0, 0+0:0:0:0:0, 0+0:0:0:0:0, 0+0:0:0:0:0, 1+0:0:0:0:0, 1+0:0:0:0:0, 0+0:0:0:0:0, 0+0:0:0:0:0, 0+0:0:0:0:0, 1+0:0:0:0:0, 0+0:0:0:0:0, 1+0:0:0:0:0, 0+0:0:0:0:0, 0+0:0:0:0:0, 0+0:0:0:0:0, 7+0:0:0:0:0
D major (2#), 2+0:1:0:0:0, 0+0:0:0:0:0, 2+0:1:0:0:0, 1+0:1:0:0:0, 0+0:0:0:0:0, 0+0:0:0:0:0, 0+0:0:0:0:0, 0+0:0:0:0:0, 0+0:0:0:0:0, 1+0:1:0:0:0, 2+0:1:0:0:0, 0+0:0:0:0:0, 1+0:1:0:0:0, 2+0:0:1:0:2, 4+0:2:0:0:0, 2+0:1:0:0:0, 2+0:0:0:0:0, 1+0:1:0:0:0, 4+0:2:0:0:0, 1+0:0:0:0:0, 4+0:3:0:0:0, 2+0:1:0:0:0, 1+0:1:0:0:0, 1+0:1:0:0:0, 33+0:18:1:0:2
G minor (2b), 0+0:0:0:0:0, 0+0:0:0:0:0, 0+0:0:0:0:0, 0+0:0:0:0:0, 0+0:0:0:0:0, 1+0:0:0:0:0, 0+0:0:0:0:0, 0+0:0:0:0:0, 0+0:0:0:0:0, 0+0:0:0:0:0, 0+0:0:0:0:0, 0+0:0:0:0:0, 0+0:0:0:0:0, 1+0:0:0:0:1, 2+0:0:0:0:0, 1+0:0:0:0:0, 1+0:0:0:0:0, 0+0:0:0:0:0, 2+0:0:0:0:0, 0+0:0:0:0:0, 1+0:0:0:0:0, 1+0:0:0:0:0, 0+0:0:0:0:0, 0+0:0:0:0:0, 10+0:0:0:0:1
B minor (2#), 1+0:0:0:0:0, 0+0:0:0:0:0, 1+0:0:0:0:0, 0+0:0:0:0:0, 1+0:0:0:0:0, 0+0:0:0:0:0, 1+0:0:0:0:0, 0+0:0:0:0:0, 0+0:0:0:0:0, 1+0:1:0:0:1, 2+0:1:0:0:1, 0+0:0:0:0:0, 0+0:0:0:0:0, 1+0:0:1:0:1, 4+0:0:0:0:1, 1+0:0:0:0:1, 2+0:0:0:0:1, 1+0:0:0:0:0, 3+0:1:0:0:2, 1+0:0:0:0:0, 3+0:0:0:0:0, 1+0:0:0:0:1, 0+0:0:0:0:0, 0+0:0:0:0:0, 24+0:3:1:0:9
G minor mel (2b), 0+0:0:0:0:0, 0+0:0:0:0:0, 0+0:0:0:0:0, 0+0:0:0:0:0, 0+0:0:0:0:0, 0+0:0:0:0:0, 0+0:0:0:0:0, 0+0:0:0:0:0, 0+0:0:0:0:0, 1+0:0:0:0:0, 1+0:0:0:0:0, 0+0:0:0:0:0, 0+0:0:0:0:0, 1+0:0:0:0:1, 3+0:0:0:0:0, 1+0:0:0:0:0, 1+0:0:0:0:0, 1+0:0:0:0:0, 2+0:0:0:0:0, 0+0:0:0:0:0, 2+0:0:0:0:0, 1+0:0:0:0:0, 0+0:0:0:0:0, 0+0:0:0:0:0, 14+0:0:0:0:1
B minor mel (2#), 1+0:0:0:0:0, 1+0:0:0:0:0, 1+0:0:0:0:0, 1+0:0:0:0:0, 2+0:0:0:0:0, 0+0:0:0:0:0, 2+0:0:0:0:0, 0+0:0:0:0:0, 0+0:0:0:0:0, 1+0:1:0:0:1, 2+0:1:0:0:1, 0+0:0:0:0:0, 0+0:0:0:0:0, 1+0:0:1:0:1, 3+0:0:0:0:1, 1+0:0:0:0:1, 2+0:0:0:0:1, 1+0:0:0:0:0, 3+0:0:0:0:1, 2+0:0:0:0:0, 2+0:0:0:0:0, 1+0:0:0:0:1, 0+0:0:0:0:0, 0+0:0:0:0:0, 27+0:2:1:0:8
Bb major blues (2b), 0+0:0:0:0:0, 0+0:0:0:0:0, 0+0:0:0:0:0, 0+0:0:0:0:0, 2+0:0:0:0:0, 1+0:0:0:0:0, 2+0:1:0:0:1, 1+0:0:0:0:0, 1+0:0:0:0:0, 2+0:0:0:0:0, 2+0:0:0:0:0, 1+0:0:0:0:0, 0+0:0:0:0:0, 1+0:0:0:0:0, 2+0:0:0:0:0, 0+0:0:0:0:0, 0+0:0:0:0:0, 1+0:0:0:0:0, 2+0:0:0:0:0, 0+0:0:0:0:0, 2+0:0:0:0:0, 0+0:0:0:0:0, 0+0:0:0:0:0, 0+0:0:0:0:0, 20+0:1:0:0:1
D major blues (2#), 2+0:1:0:0:0, 1+0:0:0:0:0, 2+0:1:0:0:0, 2+0:1:0:0:0, 2+0:0:0:0:0, 0+0:0:0:0:0, 2+0:0:0:0:0, 0+0:0:0:0:0, 0+0:0:0:0:0, 1+0:1:0:0:0, 2+0:1:0:0:0, 0+0:0:0:0:0, 1+0:1:0:0:0, 3+0:2:0:0:1, 4+0:1:0:0:0, 2+0:1:0:0:0, 2+0:0:0:0:0, 1+0:1:0:0:0, 5+0:1:0:0:0, 2+0:0:0:0:0, 4+0:2:0:0:0, 2+0:1:0:0:0, 1+0:1:0:0:0, 1+0:1:0:0:0, 42+0:17:0:0:1
G minor blues (2b), 0+0:0:0:0:0, 0+0:0:0:0:0, 0+0:0:0:0:0, 0+0:0:0:0:0, 2+0:0:0:0:0, 1+0:0:0:0:0, 2+0:1:0:0:1, 1+0:0:0:0:0, 1+0:0:0:0:0, 2+0:0:0:0:0, 2+0:0:0:0:0, 1+0:0:0:0:0, 0+0:0:0:0:0, 1+0:0:0:0:0, 2+0:0:0:0:0, 0+0:0:0:0:0, 0+0:0:0:0:0, 1+0:0:0:0:0, 2+0:0:0:0:0, 0+0:0:0:0:0, 2+0:0:0:0:0, 0+0:0:0:0:0, 0+0:0:0:0:0, 0+0:0:0:0:0, 20+0:1:0:0:1
B minor blues (2#), 2+0:1:0:0:0, 1+0:0:0:0:0, 2+0:1:0:0:0, 2+0:1:0:0:0, 2+0:0:0:0:0, 0+0:0:0:0:0, 2+0:0:0:0:0, 0+0:0:0:0:0, 0+0:0:0:0:0, 1+0:1:0:0:0, 2+0:1:0:0:0, 0+0:0:0:0:0, 1+0:1:0:0:0, 3+0:2:0:0:1, 4+0:1:0:0:0, 2+0:1:0:0:0, 2+0:0:0:0:0, 1+0:1:0:0:0, 5+0:1:0:0:0, 2+0:0:0:0:0, 4+0:2:0:0:0, 2+0:1:0:0:0, 1+0:1:0:0:0, 1+0:1:0:0:0, 42+0:17:0:0:1
Bb dorian (2b), 0+0:0:0:0:0, 0+0:0:0:0:0, 0+0:0:0:0:0, 0+0:0:0:0:0, 1+0:0:0:0:0, 0+0:0:0:0:0, 1+0:0:0:0:0, 0+0:0:0:0:0, 0+0:0:0:0:0, 1+0:0:0:0:0, 1+0:0:0:0:0, 0+0:0:0:0:0, 0+0:0:0:0:0, 1+0:0:0:0:0, 2+0:0:0:0:0, 0+0:0:0:0:0, 0+0:0:0:0:0, 1+0:0:0:0:0, 1+0:0:0:0:0, 0+0:0:0:0:0, 2+0:0:0:0:0, 0+0:0:0:0:0, 0+0:0:0:0:0, 0+0:0:0:0:0, 11+0:0:0:0:0
D dorian (2#), 2+0:1:0:0:0, 1+0:0:0:0:0, 2+0:1:0:0:0, 2+0:1:0:0:0, 1+0:0:0:0:0, 0+0:0:0:0:0, 1+0:0:0:0:0, 0+0:0:0:0:0, 0+0:0:0:0:0, 1+0:1:0:0:0, 2+0:1:0:0:0, 0+0:0:0:0:0, 1+0:1:0:0:0, 2+0:0:1:0:2, 3+0:1:0:0:0, 2+0:1:0:0:0, 2+0:0:0:0:0, 1+0:1:0:0:0, 4+0:1:0:0:0, 2+0:0:0:0:0, 3+0:2:0:0:0, 2+0:1:0:0:0, 1+0:1:0:0:0, 1+0:1:0:0:0, 36+0:15:1:0:2
Bb phrygian (2b), 0+0:0:0:0:0, 0+0:0:0:0:0, 0+0:0:0:0:0, 0+0:0:0:0:0, 2+0:0:0:0:0, 1+0:0:0:0:0, 2+0:1:0:0:1, 0+0:0:0:0:0, 0+0:0:0:0:0, 0+0:0:0:0:0, 0+0:0:0:0:0, 0+0:0:0:0:0, 0+0:0:0:0:0, 1+0:0:0:0:0, 0+0:0:0:0:0, 0+0:0:0:0:0, 0+0:0:0:0:0, 0+0:0:0:0:0, 0+0:0:0:0:0, 0+0:0:0:0:0, 0+0:0:0:0:0, 0+0:0:0:0:0, 0+0:0:0:0:0, 0+0:0:0:0:0, 6+0:1:0:0:1
D phrygian (2#), 1+0:0:0:0:0, 0+0:0:0:0:0, 1+0:0:0:0:0, 1+0:0:0:0:0, 0+0:0:0:0:0, 0+0:0:0:0:0, 0+0:0:0:0:0, 0+0:0:0:0:0, 0+0:0:0:0:0, 1+0:0:0:0:0, 1+0:0:0:0:0, 0+0:0:0:0:0, 1+0:0:0:0:0, 2+0:0:0:0:0, 3+0:0:0:0:0, 2+0:0:0:0:0, 1+0:0:0:0:0, 1+0:0:0:0:0, 3+0:0:0:0:0, 0+0:0:0:0:0, 3+0:0:0:0:0, 2+0:0:0:0:0, 1+0:0:0:0:0, 1+0:0:0:0:0, 25+0:0:0:0:0
Bb lydian (2b), 0+0:0:0:0:0, 0+0:0:0:0:0, 0+0:0:0:0:0, 0+0:0:0:0:0, 1+0:0:0:0:0, 0+0:0:0:0:0, 1+0:0:0:0:0, 0+0:0:0:0:0, 0+0:0:0:0:0, 1+0:0:0:0:0, 1+0:0:0:0:0, 0+0:0:0:0:0, 0+0:0:0:0:0, 1+0:0:0:0:0, 2+0:0:0:0:0, 0+0:0:0:0:0, 0+0:0:0:0:0, 1+0:0:0:0:0, 1+0:0:0:0:0, 0+0:0:0:0:0, 2+0:0:0:0:0, 0+0:0:0:0:0, 0+0:0:0:0:0, 0+0:0:0:0:0, 11+0:0:0:0:0
D lydian (2#), 2+0:1:0:0:0, 1+0:0:0:0:0, 2+0:1:0:0:0, 2+0:1:0:0:0, 1+0:0:0:0:0, 0+0:0:0:0:0, 1+0:0:0:0:0, 0+0:0:0:0:0, 0+0:0:0:0:0, 1+0:1:0:0:0, 2+0:1:0:0:0, 0+0:0:0:0:0, 1+0:1:0:0:0, 2+0:0:1:0:2, 3+0:1:0:0:0, 2+0:1:0:0:0, 2+0:0:0:0:0, 1+0:1:0:0:0, 4+0:1:0:0:0, 2+0:0:0:0:0, 3+0:2:0:0:0, 2+0:1:0:0:0, 1+0:1:0:0:0, 1+0:1:0:0:0, 36+0:15:1:0:2
Bb mixolydian (2b), 0+0:0:0:0:0, 0+0:0:0:0:0, 0+0:0:0:0:0, 0+0:0:0:0:0, 2+0:0:0:0:0, 1+0:0:0:0:0, 2+0:1:0:0:1, 0+0:0:0:0:0, 0+0:0:0:0:0, 0+0:0:0:0:0, 0+0:0:0:0:0, 0+0:0:0:0:0, 0+0:0:0:0:0, 1+0:0:0:0:0, 0+0:0:0:0:0, 0+0:0:0:0:0, 0+0:0:0:0:0, 0+0:0:0:0:0, 0+0:0:0:0:0, 0+0:0:0:0:0, 0+0:0:0:0:0, 0+0:0:0:0:0, 0+0:0:0:0:0, 0+0:0:0:0:0, 6+0:1:0:0:1
D mixolydian (2#), 1+0:0:0:0:0, 0+0:0:0:0:0, 1+0:0:0:0:0, 1+0:0:0:0:0, 0+0:0:0:0:0, 0+0:0:0:0:0, 0+0:0:0:0:0, 0+0:0:0:0:0, 0+0:0:0:0:0, 1+0:0:0:0:0, 1+0:0:0:0:0, 0+0:0:0:0:0, 1+0:0:0:0:0, 2+0:0:0:0:0, 3+0:0:0:0:0, 2+0:0:0:0:0, 1+0:0:0:0:0, 1+0:0:0:0:0, 3+0:0:0:0:0, 0+0:0:0:0:0, 3+0:0:0:0:0, 2+0:0:0:0:0, 1+0:0:0:0:0, 1+0:0:0:0:0, 25+0:0:0:0:0
Bb aeolian (2b), 0+0:0:0:0:0, 0+0:0:0:0:0, 0+0:0:0:0:0, 0+0:0:0:0:0, 1+0:0:0:0:0, 1+0:0:0:0:0, 1+0:0:0:0:0, 0+0:0:0:0:0, 0+0:0:0:0:0, 0+0:0:0:0:0, 0+0:0:0:0:0, 0+0:0:0:0:0, 0+0:0:0:0:0, 1+0:0:0:0:0, 1+0:0:0:0:0, 0+0:0:0:0:0, 0+0:0:0:0:0, 0+0:0:0:0:0, 1+0:0:0:0:0, 0+0:0:0:0:0, 1+0:0:0:0:0, 0+0:0:0:0:0, 0+0:0:0:0:0, 0+0:0:0:0:0, 7+0:0:0:0:0
D aeolian (2#), 2+0:1:0:0:0, 0+0:0:0:0:0, 2+0:1:0:0:0, 1+0:1:0:0:0, 0+0:0:0:0:0, 0+0:0:0:0:0, 0+0:0:0:0:0, 0+0:0:0:0:0, 0+0:0:0:0:0, 1+0:1:0:0:0, 2+0:1:0:0:0, 0+0:0:0:0:0, 1+0:1:0:0:0, 2+0:0:1:0:2, 4+0:2:0:0:0, 2+0:1:0:0:0, 2+0:0:0:0:0, 1+0:1:0:0:0, 4+0:2:0:0:0, 1+0:0:0:0:0, 4+0:3:0:0:0, 2+0:1:0:0:0, 1+0:1:0:0:0, 1+0:1:0:0:0, 33+0:18:1:0:2
Bb locrian (2b), 0+0:0:0:0:0, 0+0:0:0:0:0, 0+0:0:0:0:0, 0+0:0:0:0:0, 2+0:0:0:0:0, 1+0:0:0:0:0, 2+0:1:0:0:1, 1+0:0:0:0:0, 1+0:0:0:0:0, 1+0:0:0:0:0, 1+0:0:0:0:0, 1+0:0:0:0:0, 0+0:0:0:0:0, 0+0:0:0:0:0, 0+0:0:0:0:0, 0+0:0:0:0:0, 0+0:0:0:0:0, 0+0:0:0:0:0, 1+0:0:0:0:0, 0+0:0:0:0:0, 0+0:0:0:0:0, 0+0:0:0:0:0, 0+0:0:0:0:0, 0+0:0:0:0:0, 11+0:1:0:0:1
D locrian (2#), 1+0:0:0:0:0, 0+0:0:0:0:0, 1+0:0:0:0:0, 1+0:0:0:0:0, 1+0:0:0:0:0, 0+0:0:0:0:0, 1+0:0:0:0:0, 0+0:0:0:0:0, 0+0:0:0:0:0, 1+0:0:0:0:0, 1+0:0:0:0:0, 0+0:0:0:0:0, 1+0:0:0:0:0, 2+0:0:0:0:0, 2+0:0:0:0:0, 1+0:0:0:0:0, 0+0:0:0:0:0, 1+0:0:0:0:0, 2+0:0:0:0:0, 0+0:0:0:0:0, 3+0:0:0:0:0, 1+0:0:0:0:0, 1+0:0:0:0:0, 1+0:0:0:0:0, 22+0:0:0:0:0
Eb major (3b), 0+0:0:0:0:0, 0+0:0:0:0:0, 0+0:0:0:0:0, 0+0:0:0:0:0, 2+0:0:0:0:0, 1+0:0:0:0:0, 2+0:1:0:0:1, 0+0:0:0:0:0, 0+0:0:0:0:0, 0+0:0:0:0:0, 0+0:0:0:0:0, 0+0:0:0:0:0, 0+0:0:0:0:0, 1+0:0:0:0:0, 0+0:0:0:0:0, 0+0:0:0:0:0, 0+0:0:0:0:0, 0+0:0:0:0:0, 0+0:0:0:0:0, 0+0:0:0:0:0, 0+0:0:0:0:0, 0+0:0:0:0:0, 0+0:0:0:0:0, 0+0:0:0:0:0, 6+0:1:0:0:1
A major (3#), 2+0:1:0:0:0, 1+0:0:0:0:0, 2+0:1:0:0:0, 2+0:1:0:0:0, 1+0:0:0:0:0, 0+0:0:0:0:0, 1+0:0:0:0:0, 0+0:0:0:0:0, 0+0:0:0:0:0, 1+0:1:0:0:0, 2+0:1:0:0:0, 0+0:0:0:0:0, 1+0:1:0:0:0, 2+0:0:1:0:2, 3+0:1:0:0:0, 2+0:1:0:0:0, 2+0:0:0:0:0, 1+0:1:0:0:0, 4+0:1:0:0:0, 2+0:0:0:0:0, 3+0:2:0:0:0, 2+0:1:0:0:0, 1+0:1:0:0:0, 1+0:1:0:0:0, 36+0:15:1:0:2
C minor (3b), 1+0:0:0:0:0, 0+0:0:0:0:0, 1+0:0:0:0:0, 1+0:0:0:0:0, 2+0:1:0:0:0, 1+0:0:0:0:0, 2+0:1:0:0:0, 0+0:0:0:0:0, 0+0:0:0:0:0, 0+0:0:0:0:0, 0+0:0:0:0:0, 0+0:0:0:0:0, 1+0:0:0:0:0, 2+0:0:0:0:0, 0+0:0:0:0:0, 1+0:0:0:0:0, 0+0:0:0:0:0, 0+0:0:0:0:0, 1+0:0:0:0:0, 0+0:0:0:0:0, 1+0:0:0:0:0, 1+0:0:0:0:0, 1+0:0:0:0:0, 1+0:0:0:0:0, 17+0:2:0:0:0
F# minor (3#), 2+0:0:0:0:1, 1+0:0:0:0:0, 2+0:0:0:0:1, 2+0:0:0:0:0, 1+0:0:0:0:0, 1+0:0:0:0:0, 1+0:0:0:0:0, 0+0:0:0:0:0, 0+0:0:0:0:0, 1+0:1:0:0:1, 2+0:1:0:0:2, 0+0:0:0:0:0, 1+0:0:0:0:0, 2+0:0:1:0:0, 2+0:0:0:0:1, 1+0:0:0:0:0, 1+0:0:0:0:1, 1+0:0:0:0:0, 3+0:0:0:0:1, 2+0:0:0:0:1, 3+0:0:0:0:1, 1+0:0:0:0:0, 1+0:0:0:0:0, 1+0:0:0:0:0, 32+0:2:1:0:10
C minor mel (3b), 1+0:0:0:0:0, 0+0:0:0:0:0, 1+0:0:0:0:0, 1+0:0:0:0:0, 1+0:1:0:0:0, 1+0:0:0:0:0, 1+0:1:0:0:0, 0+0:0:0:0:0, 0+0:0:0:0:0, 0+0:0:0:0:0, 0+0:0:0:0:0, 0+0:0:0:0:0, 1+0:0:0:0:0, 2+0:0:0:0:0, 1+0:0:0:0:0, 1+0:0:0:0:0, 0+0:0:0:0:0, 0+0:0:0:0:0, 2+0:0:0:0:0, 0+0:0:0:0:0, 2+0:0:0:0:0, 1+0:0:0:0:0, 1+0:0:0:0:0, 1+0:0:0:0:0, 18+0:2:0:0:0
F# minor mel (3#), 2+0:0:0:0:1, 1+0:0:0:0:0, 2+0:0:0:0:1, 2+0:0:0:0:0, 1+0:0:0:0:0, 1+0:0:0:0:0, 1+0:0:0:0:0, 1+0:0:0:0:0, 1+0:0:0:0:0, 2+0:1:0:0:1, 2+0:0:0:0:1, 1+0:0:0:0:0, 1+0:0:0:0:0, 2+0:0:1:0:0, 1+0:0:0:0:1, 1+0:0:0:0:0, 1+0:0:0:0:1, 0+0:0:0:0:0, 4+0:0:0:0:1, 2+0:0:0:0:1, 2+0:0:0:0:1, 1+0:0:0:0:0, 1+0:0:0:0:0, 1+0:0:0:0:0, 34+0:1:1:0:9
Eb major blues (3b), 0+0:0:0:0:0, 1+0:0:0:0:0, 0+0:0:0:0:0, 1+0:0:0:0:0, 3+0:0:0:0:0, 1+0:0:0:0:1, 3+0:1:0:0:1, 1+0:0:0:0:0, 1+0:0:0:0:0, 1+0:0:0:0:0, 1+0:0:0:0:0, 1+0:0:0:0:0, 0+0:0:0:0:0, 1+0:0:0:0:0, 1+0:0:0:0:0, 0+0:0:0:0:0, 0+0:0:0:0:0, 0+0:0:0:0:0, 3+0:0:0:0:0, 1+0:0:0:0:0, 1+0:0:0:0:0, 0+0:0:0:0:0, 0+0:0:0:0:0, 0+0:0:0:0:0, 21+0:1:0:0:2
A major blues (3#), 2+0:1:0:0:0, 1+0:0:0:0:0, 2+0:1:0:0:0, 2+0:1:0:0:0, 1+0:0:0:0:0, 0+0:0:0:0:0, 1+0:0:0:0:0, 1+0:0:0:0:0, 1+0:0:0:0:0, 2+0:1:0:0:1, 3+0:0:0:0:0, 1+0:0:0:0:0, 1+0:1:0:0:0, 3+0:2:0:0:1, 4+0:0:0:0:0, 2+0:1:0:0:0, 2+0:0:0:0:0, 1+0:0:0:0:0, 6+0:1:0:0:0, 2+0:0:0:0:0, 4+0:1:0:0:0, 2+0:1:0:0:0, 1+0:1:0:0:0, 1+0:1:0:0:0, 46+0:13:0:0:2
C minor blues (3b), 0+0:0:0:0:0, 1+0:0:0:0:0, 0+0:0:0:0:0, 1+0:0:0:0:0, 3+0:0:0:0:0, 1+0:0:0:0:1, 3+0:1:0:0:1, 1+0:0:0:0:0, 1+0:0:0:0:0, 1+0:0:0:0:0, 1+0:0:0:0:0, 1+0:0:0:0:0, 0+0:0:0:0:0, 1+0:0:0:0:0, 1+0:0:0:0:0, 0+0:0:0:0:0, 0+0:0:0:0:0, 0+0:0:0:0:0, 3+0:0:0:0:0, 1+0:0:0:0:0, 1+0:0:0:0:0, 0+0:0:0:0:0, 0+0:0:0:0:0, 0+0:0:0:0:0, 21+0:1:0:0:2
F# minor blues (3#), 2+0:1:0:0:0, 1+0:0:0:0:0, 2+0:1:0:0:0, 2+0:1:0:0:0, 1+0:0:0:0:0, 0+0:0:0:0:0, 1+0:0:0:0:0, 1+0:0:0:0:0, 1+0:0:0:0:0, 2+0:1:0:0:1, 3+0:0:0:0:0, 1+0:0:0:0:0, 1+0:1:0:0:0, 3+0:2:0:0:1, 4+0:0:0:0:0, 2+0:1:0:0:0, 2+0:0:0:0:0, 1+0:0:0:0:0, 6+0:1:0:0:0, 2+0:0:0:0:0, 4+0:1:0:0:0, 2+0:1:0:0:0, 1+0:1:0:0:0, 1+0:1:0:0:0, 46+0:13:0:0:2
Eb dorian (3b), 0+0:0:0:0:0, 0+0:0:0:0:0, 0+0:0:0:0:0, 0+0:0:0:0:0, 1+0:0:0:0:0, 1+0:0:0:0:0, 1+0:0:0:0:0, 0+0:0:0:0:0, 0+0:0:0:0:0, 0+0:0:0:0:0, 0+0:0:0:0:0, 0+0:0:0:0:0, 0+0:0:0:0:0, 1+0:0:0:0:0, 1+0:0:0:0:0, 0+0:0:0:0:0, 0+0:0:0:0:0, 0+0:0:0:0:0, 1+0:0:0:0:0, 0+0:0:0:0:0, 1+0:0:0:0:0, 0+0:0:0:0:0, 0+0:0:0:0:0, 0+0:0:0:0:0, 7+0:0:0:0:0
A dorian (3#), 2+0:1:0:0:0, 1+0:0:0:0:0, 2+0:1:0:0:0, 2+0:1:0:0:0, 1+0:0:0:0:0, 0+0:0:0:0:0, 1+0:0:0:0:0, 1+0:0:0:0:0, 1+0:0:0:0:0, 2+0:1:0:0:1, 2+0:0:0:0:0, 1+0:0:0:0:0, 1+0:1:0:0:0, 2+0:0:1:0:2, 2+0:0:0:0:0, 2+0:1:0:0:0, 2+0:0:0:0:0, 0+0:0:0:0:0, 5+0:1:0:0:0, 2+0:0:0:0:0, 2+0:1:0:0:0, 2+0:1:0:0:0, 1+0:1:0:0:0, 1+0:1:0:0:0, 38+0:11:1:0:3
Eb phrygian (3b), 0+0:0:0:0:0, 0+0:0:0:0:0, 0+0:0:0:0:0, 0+0:0:0:0:0, 2+0:0:0:0:0, 1+0:0:0:0:0, 2+0:1:0:0:1, 1+0:0:0:0:0, 1+0:0:0:0:0, 1+0:0:0:0:0, 1+0:0:0:0:0, 1+0:0:0:0:0, 0+0:0:0:0:0, 0+0:0:0:0:0, 0+0:0:0:0:0, 0+0:0:0:0:0, 0+0:0:0:0:0, 0+0:0:0:0:0, 1+0:0:0:0:0, 0+0:0:0:0:0, 0+0:0:0:0:0, 0+0:0:0:0:0, 0+0:0:0:0:0, 0+0:0:0:0:0, 11+0:1:0:0:1
A phrygian (3#), 2+0:1:0:0:0, 0+0:0:0:0:0, 2+0:1:0:0:0, 1+0:1:0:0:0, 0+0:0:0:0:0, 0+0:0:0:0:0, 0+0:0:0:0:0, 0+0:0:0:0:0, 0+0:0:0:0:0, 1+0:1:0:0:0, 2+0:1:0:0:0, 0+0:0:0:0:0, 1+0:1:0:0:0, 2+0:0:1:0:2, 4+0:2:0:0:0, 2+0:1:0:0:0, 2+0:0:0:0:0, 1+0:1:0:0:0, 4+0:2:0:0:0, 1+0:0:0:0:0, 4+0:3:0:0:0, 2+0:1:0:0:0, 1+0:1:0:0:0, 1+0:1:0:0:0, 33+0:18:1:0:2
Eb lydian (3b), 0+0:0:0:0:0, 0+0:0:0:0:0, 0+0:0:0:0:0, 0+0:0:0:0:0, 1+0:0:0:0:0, 1+0:0:0:0:0, 1+0:0:0:0:0, 0+0:0:0:0:0, 0+0:0:0:0:0, 0+0:0:0:0:0, 0+0:0:0:0:0, 0+0:0:0:0:0, 0+0:0:0:0:0, 1+0:0:0:0:0, 1+0:0:0:0:0, 0+0:0:0:0:0, 0+0:0:0:0:0, 0+0:0:0:0:0, 1+0:0:0:0:0, 0+0:0:0:0:0, 1+0:0:0:0:0, 0+0:0:0:0:0, 0+0:0:0:0:0, 0+0:0:0:0:0, 7+0:0:0:0:0
A lydian (3#), 2+0:1:0:0:0, 1+0:0:0:0:0, 2+0:1:0:0:0, 2+0:1:0:0:0, 1+0:0:0:0:0, 0+0:0:0:0:0, 1+0:0:0:0:0, 1+0:0:0:0:0, 1+0:0:0:0:0, 2+0:1:0:0:1, 2+0:0:0:0:0, 1+0:0:0:0:0, 1+0:1:0:0:0, 2+0:0:1:0:2, 2+0:0:0:0:0, 2+0:1:0:0:0, 2+0:0:0:0:0, 0+0:0:0:0:0, 5+0:1:0:0:0, 2+0:0:0:0:0, 2+0:1:0:0:0, 2+0:1:0:0:0, 1+0:1:0:0:0, 1+0:1:0:0:0, 38+0:11:1:0:3
Eb mixolydian (3b), 0+0:0:0:0:0, 0+0:0:0:0:0, 0+0:0:0:0:0, 0+0:0:0:0:0, 2+0:0:0:0:0, 1+0:0:0:0:0, 2+0:1:0:0:1, 1+0:0:0:0:0, 1+0:0:0:0:0, 1+0:0:0:0:0, 1+0:0:0:0:0, 1+0:0:0:0:0, 0+0:0:0:0:0, 0+0:0:0:0:0, 0+0:0:0:0:0, 0+0:0:0:0:0, 0+0:0:0:0:0, 0+0:0:0:0:0, 1+0:0:0:0:0, 0+0:0:0:0:0, 0+0:0:0:0:0, 0+0:0:0:0:0, 0+0:0:0:0:0, 0+0:0:0:0:0, 11+0:1:0:0:1
A mixolydian (3#), 2+0:1:0:0:0, 0+0:0:0:0:0, 2+0:1:0:0:0, 1+0:1:0:0:0, 0+0:0:0:0:0, 0+0:0:0:0:0, 0+0:0:0:0:0, 0+0:0:0:0:0, 0+0:0:0:0:0, 1+0:1:0:0:0, 2+0:1:0:0:0, 0+0:0:0:0:0, 1+0:1:0:0:0, 2+0:0:1:0:2, 4+0:2:0:0:0, 2+0:1:0:0:0, 2+0:0:0:0:0, 1+0:1:0:0:0, 4+0:2:0:0:0, 1+0:0:0:0:0, 4+0:3:0:0:0, 2+0:1:0:0:0, 1+0:1:0:0:0, 1+0:1:0:0:0, 33+0:18:1:0:2
Eb aeolian (3b), 0+0:0:0:0:0, 0+0:0:0:0:0, 0+0:0:0:0:0, 0+0:0:0:0:0, 2+0:0:0:0:0, 1+0:0:0:0:0, 2+0:1:0:0:1, 0+0:0:0:0:0, 0+0:0:0:0:0, 0+0:0:0:0:0, 0+0:0:0:0:0, 0+0:0:0:0:0, 0+0:0:0:0:0, 1+0:0:0:0:0, 0+0:0:0:0:0, 0+0:0:0:0:0, 0+0:0:0:0:0, 0+0:0:0:0:0, 0+0:0:0:0:0, 0+0:0:0:0:0, 0+0:0:0:0:0, 0+0:0:0:0:0, 0+0:0:0:0:0, 0+0:0:0:0:0, 6+0:1:0:0:1
A aeolian (3#), 2+0:1:0:0:0, 1+0:0:0:0:0, 2+0:1:0:0:0, 2+0:1:0:0:0, 1+0:0:0:0:0, 0+0:0:0:0:0, 1+0:0:0:0:0, 0+0:0:0:0:0, 0+0:0:0:0:0, 1+0:1:0:0:0, 2+0:1:0:0:0, 0+0:0:0:0:0, 1+0:1:0:0:0, 2+0:0:1:0:2, 3+0:1:0:0:0, 2+0:1:0:0:0, 2+0:0:0:0:0, 1+0:1:0:0:0, 4+0:1:0:0:0, 2+0:0:0:0:0, 3+0:2:0:0:0, 2+0:1:0:0:0, 1+0:1:0:0:0, 1+0:1:0:0:0, 36+0:15:1:0:2
Eb locrian (3b), 0+0:0:0:0:0, 1+0:0:0:0:0, 0+0:0:0:0:0, 1+0:0:0:0:0, 3+0:0:0:0:0, 1+0:0:0:0:1, 3+0:1:0:0:1, 1+0:0:0:0:0, 1+0:0:0:0:0, 1+0:0:0:0:0, 1+0:0:0:0:0, 1+0:0:0:0:0, 0+0:0:0:0:0, 0+0:0:0:0:0, 0+0:0:0:0:0, 0+0:0:0:0:0, 0+0:0:0:0:0, 0+0:0:0:0:0, 2+0:0:0:0:0, 1+0:0:0:0:0, 0+0:0:0:0:0, 0+0:0:0:0:0, 0+0:0:0:0:0, 0+0:0:0:0:0, 17+0:1:0:0:2
A locrian (3#), 1+0:0:0:0:0, 0+0:0:0:0:0, 1+0:0:0:0:0, 1+0:0:0:0:0, 0+0:0:0:0:0, 0+0:0:0:0:0, 0+0:0:0:0:0, 0+0:0:0:0:0, 0+0:0:0:0:0, 1+0:0:0:0:0, 1+0:0:0:0:0, 0+0:0:0:0:0, 1+0:0:0:0:0, 2+0:0:0:0:0, 3+0:0:0:0:0, 2+0:0:0:0:0, 1+0:0:0:0:0, 1+0:0:0:0:0, 3+0:0:0:0:0, 0+0:0:0:0:0, 3+0:0:0:0:0, 2+0:0:0:0:0, 1+0:0:0:0:0, 1+0:0:0:0:0, 25+0:0:0:0:0
Ab major (4b), 0+0:0:0:0:0, 0+0:0:0:0:0, 0+0:0:0:0:0, 0+0:0:0:0:0, 2+0:0:0:0:0, 1+0:0:0:0:0, 2+0:1:0:0:1, 1+0:0:0:0:0, 1+0:0:0:0:0, 1+0:0:0:0:0, 1+0:0:0:0:0, 1+0:0:0:0:0, 0+0:0:0:0:0, 0+0:0:0:0:0, 0+0:0:0:0:0, 0+0:0:0:0:0, 0+0:0:0:0:0, 0+0:0:0:0:0, 1+0:0:0:0:0, 0+0:0:0:0:0, 0+0:0:0:0:0, 0+0:0:0:0:0, 0+0:0:0:0:0, 0+0:0:0:0:0, 11+0:1:0:0:1
E major (4#), 2+0:1:0:0:0, 1+0:0:0:0:0, 2+0:1:0:0:0, 2+0:1:0:0:0, 1+0:0:0:0:0, 0+0:0:0:0:0, 1+0:0:0:0:0, 1+0:0:0:0:0, 1+0:0:0:0:0, 2+0:1:0:0:1, 2+0:0:0:0:0, 1+0:0:0:0:0, 1+0:1:0:0:0, 2+0:0:1:0:2, 2+0:0:0:0:0, 2+0:1:0:0:0, 2+0:0:0:0:0, 0+0:0:0:0:0, 5+0:1:0:0:0, 2+0:0:0:0:0, 2+0:1:0:0:0, 2+0:1:0:0:0, 1+0:1:0:0:0, 1+0:1:0:0:0, 38+0:11:1:0:3
F minor (4b), 0+0:0:0:0:0, 0+0:0:0:0:0, 0+0:0:0:0:0, 0+0:0:0:0:0, 2+0:0:0:0:0, 0+0:0:0:0:0, 2+0:1:0:0:1, 1+0:0:0:0:0, 1+0:0:0:0:0, 2+0:0:0:0:0, 2+0:0:0:0:0, 1+0:0:0:0:0, 0+0:0:0:0:0, 0+0:0:0:0:0, 1+0:0:0:0:0, 0+0:0:0:0:0, 0+0:0:0:0:0, 1+0:0:0:0:0, 1+0:0:0:0:0, 0+0:0:0:0:0, 1+0:0:0:0:0, 0+0:0:0:0:0, 0+0:0:0:0:0, 0+0:0:0:0:0, 15+0:1:0:0:1
C# minor (4#), 1+0:0:0:0:0, 1+0:0:0:0:1, 1+0:0:0:0:0, 2+0:0:0:0:1, 1+0:0:0:0:1, 0+0:0:0:0:0, 1+0:0:0:0:1, 1+0:0:0:0:0, 1+0:0:0:0:0, 2+0:1:0:0:1, 1+0:0:0:0:0, 1+0:0:0:0:0, 1+0:0:0:0:0, 1+0:0:0:0:0, 1+0:0:0:0:1, 2+0:0:0:0:1, 1+0:0:0:0:1, 0+0:0:0:0:0, 4+0:0:0:0:2, 1+0:0:0:0:1, 1+0:0:0:0:0, 2+0:0:0:0:1, 1+0:0:0:0:0, 1+0:0:0:0:0, 29+0:1:0:0:12
F minor mel (4b), 0+0:0:0:0:0, 0+0:0:0:0:0, 0+0:0:0:0:0, 0+0:0:0:0:0, 2+0:0:0:0:0, 0+0:0:0:0:0, 2+0:1:0:0:1, 0+0:0:0:0:0, 0+0:0:0:0:0, 1+0:0:0:0:0, 1+0:0:0:0:0, 0+0:0:0:0:0, 0+0:0:0:0:0, 1+0:0:0:0:0, 1+0:0:0:0:0, 0+0:0:0:0:0, 0+0:0:0:0:0, 1+0:0:0:0:0, 0+0:0:0:0:0, 0+0:0:0:0:0, 1+0:0:0:0:0, 0+0:0:0:0:0, 0+0:0:0:0:0, 0+0:0:0:0:0, 10+0:1:0:0:1
C# minor mel (4#), 0+0:0:0:0:0, 1+0:0:0:0:1, 0+0:0:0:0:0, 1+0:0:0:0:1, 2+0:0:0:0:1, 0+0:0:0:0:0, 2+0:0:0:0:1, 1+0:0:0:0:0, 1+0:0:0:0:0, 2+0:1:0:0:1, 1+0:0:0:0:0, 1+0:0:0:0:0, 0+0:0:0:0:0, 0+0:0:0:0:0, 1+0:0:0:0:1, 1+0:0:0:0:1, 1+0:0:0:0:1, 0+0:0:0:0:0, 3+0:0:0:0:2, 1+0:0:0:0:1, 0+0:0:0:0:0, 1+0:0:0:0:1, 0+0:0:0:0:0, 0+0:0:0:0:0, 20+0:1:0:0:12
Ab major blues (4b), 1+0:0:0:0:0, 1+0:0:0:0:0, 1+0:0:0:0:0, 1+0:0:0:0:0, 3+0:0:0:0:1, 1+0:0:0:0:1, 3+0:1:0:0:2, 1+0:0:0:0:0, 1+0:0:0:0:0, 1+0:0:0:0:0, 2+0:0:0:0:0, 1+0:0:0:0:0, 0+0:0:0:0:0, 2+0:0:0:0:0, 1+0:0:0:0:0, 0+0:0:0:0:0, 1+0:0:0:0:0, 0+0:0:0:0:0, 3+0:0:0:0:0, 2+0:0:0:0:0, 1+0:0:0:0:0, 0+0:0:0:0:0, 0+0:0:0:0:0, 0+0:0:0:0:0, 27+0:1:0:0:4
E major blues (4#), 2+0:0:0:0:0, 1+0:0:0:0:0, 2+0:0:0:0:0, 2+0:0:0:0:0, 2+0:0:0:0:0, 0+0:0:0:0:0, 2+0:0:0:0:0, 1+0:0:0:0:0, 1+0:0:0:0:0, 2+0:1:0:0:1, 3+0:0:0:0:0, 1+0:0:0:0:0, 1+0:0:0:0:0, 2+0:0:1:0:1, 4+0:0:0:0:0, 2+0:0:0:0:0, 2+0:0:0:0:0, 1+0:0:0:0:0, 6+0:0:0:0:0, 2+0:0:0:0:0, 4+0:0:0:0:0, 2+0:0:0:0:0, 1+0:0:0:0:0, 1+0:0:0:0:0, 47+0:1:1:0:2
F minor blues (4b), 1+0:0:0:0:0, 1+0:0:0:0:0, 1+0:0:0:0:0, 1+0:0:0:0:0, 3+0:0:0:0:1, 1+0:0:0:0:1, 3+0:1:0:0:2, 1+0:0:0:0:0, 1+0:0:0:0:0, 1+0:0:0:0:0, 2+0:0:0:0:0, 1+0:0:0:0:0, 0+0:0:0:0:0, 2+0:0:0:0:0, 1+0:0:0:0:0, 0+0:0:0:0:0, 1+0:0:0:0:0, 0+0:0:0:0:0, 3+0:0:0:0:0, 2+0:0:0:0:0, 1+0:0:0:0:0, 0+0:0:0:0:0, 0+0:0:0:0:0, 0+0:0:0:0:0, 27+0:1:0:0:4
C# minor blues (4#), 2+0:0:0:0:0, 1+0:0:0:0:0, 2+0:0:0:0:0, 2+0:0:0:0:0, 2+0:0:0:0:0, 0+0:0:0:0:0, 2+0:0:0:0:0, 1+0:0:0:0:0, 1+0:0:0:0:0, 2+0:1:0:0:1, 3+0:0:0:0:0, 1+0:0:0:0:0, 1+0:0:0:0:0, 2+0:0:1:0:1, 4+0:0:0:0:0, 2+0:0:0:0:0, 2+0:0:0:0:0, 1+0:0:0:0:0, 6+0:0:0:0:0, 2+0:0:0:0:0, 4+0:0:0:0:0, 2+0:0:0:0:0, 1+0:0:0:0:0, 1+0:0:0:0:0, 47+0:1:1:0:2
Ab dorian (4b), 0+0:0:0:0:0, 0+0:0:0:0:0, 0+0:0:0:0:0, 0+0:0:0:0:0, 2+0:0:0:0:0, 1+0:0:0:0:0, 2+0:1:0:0:1, 0+0:0:0:0:0, 0+0:0:0:0:0, 0+0:0:0:0:0, 0+0:0:0:0:0, 0+0:0:0:0:0, 0+0:0:0:0:0, 1+0:0:0:0:0, 0+0:0:0:0:0, 0+0:0:0:0:0, 0+0:0:0:0:0, 0+0:0:0:0:0, 0+0:0:0:0:0, 0+0:0:0:0:0, 0+0:0:0:0:0, 0+0:0:0:0:0, 0+0:0:0:0:0, 0+0:0:0:0:0, 6+0:1:0:0:1
E dorian (4#), 1+0:0:0:0:0, 1+0:0:0:0:0, 1+0:0:0:0:0, 1+0:0:0:0:0, 2+0:0:0:0:0, 0+0:0:0:0:0, 2+0:0:0:0:0, 1+0:0:0:0:0, 1+0:0:0:0:0, 2+0:1:0:0:1, 2+0:0:0:0:0, 1+0:0:0:0:0, 0+0:0:0:0:0, 1+0:0:1:0:1, 2+0:0:0:0:0, 1+0:0:0:0:0, 2+0:0:0:0:0, 0+0:0:0:0:0, 4+0:0:0:0:0, 2+0:0:0:0:0, 1+0:0:0:0:0, 1+0:0:0:0:0, 0+0:0:0:0:0, 0+0:0:0:0:0, 29+0:1:1:0:2
Ab phrygian (4b), 0+0:0:0:0:0, 1+0:0:0:0:0, 0+0:0:0:0:0, 1+0:0:0:0:0, 3+0:0:0:0:0, 1+0:0:0:0:1, 3+0:1:0:0:1, 1+0:0:0:0:0, 1+0:0:0:0:0, 1+0:0:0:0:0, 1+0:0:0:0:0, 1+0:0:0:0:0, 0+0:0:0:0:0, 0+0:0:0:0:0, 0+0:0:0:0:0, 0+0:0:0:0:0, 0+0:0:0:0:0, 0+0:0:0:0:0, 2+0:0:0:0:0, 1+0:0:0:0:0, 0+0:0:0:0:0, 0+0:0:0:0:0, 0+0:0:0:0:0, 0+0:0:0:0:0, 17+0:1:0:0:2
E phrygian (4#), 2+0:1:0:0:0, 1+0:0:0:0:0, 2+0:1:0:0:0, 2+0:1:0:0:0, 1+0:0:0:0:0, 0+0:0:0:0:0, 1+0:0:0:0:0, 0+0:0:0:0:0, 0+0:0:0:0:0, 1+0:1:0:0:0, 2+0:1:0:0:0, 0+0:0:0:0:0, 1+0:1:0:0:0, 2+0:0:1:0:2, 3+0:1:0:0:0, 2+0:1:0:0:0, 2+0:0:0:0:0, 1+0:1:0:0:0, 4+0:1:0:0:0, 2+0:0:0:0:0, 3+0:2:0:0:0, 2+0:1:0:0:0, 1+0:1:0:0:0, 1+0:1:0:0:0, 36+0:15:1:0:2
Ab lydian (4b), 0+0:0:0:0:0, 0+0:0:0:0:0, 0+0:0:0:0:0, 0+0:0:0:0:0, 2+0:0:0:0:0, 1+0:0:0:0:0, 2+0:1:0:0:1, 0+0:0:0:0:0, 0+0:0:0:0:0, 0+0:0:0:0:0, 0+0:0:0:0:0, 0+0:0:0:0:0, 0+0:0:0:0:0, 1+0:0:0:0:0, 0+0:0:0:0:0, 0+0:0:0:0:0, 0+0:0:0:0:0, 0+0:0:0:0:0, 0+0:0:0:0:0, 0+0:0:0:0:0, 0+0:0:0:0:0, 0+0:0:0:0:0, 0+0:0:0:0:0, 0+0:0:0:0:0, 6+0:1:0:0:1
E lydian (4#), 1+0:0:0:0:0, 1+0:0:0:0:0, 1+0:0:0:0:0, 1+0:0:0:0:0, 2+0:0:0:0:0, 0+0:0:0:0:0, 2+0:0:0:0:0, 1+0:0:0:0:0, 1+0:0:0:0:0, 2+0:1:0:0:1, 2+0:0:0:0:0, 1+0:0:0:0:0, 0+0:0:0:0:0, 1+0:0:1:0:1, 2+0:0:0:0:0, 1+0:0:0:0:0, 2+0:0:0:0:0, 0+0:0:0:0:0, 4+0:0:0:0:0, 2+0:0:0:0:0, 1+0:0:0:0:0, 1+0:0:0:0:0, 0+0:0:0:0:0, 0+0:0:0:0:0, 29+0:1:1:0:2
Ab mixolydian (4b), 0+0:0:0:0:0, 1+0:0:0:0:0, 0+0:0:0:0:0, 1+0:0:0:0:0, 3+0:0:0:0:0, 1+0:0:0:0:1, 3+0:1:0:0:1, 1+0:0:0:0:0, 1+0:0:0:0:0, 1+0:0:0:0:0, 1+0:0:0:0:0, 1+0:0:0:0:0, 0+0:0:0:0:0, 0+0:0:0:0:0, 0+0:0:0:0:0, 0+0:0:0:0:0, 0+0:0:0:0:0, 0+0:0:0:0:0, 2+0:0:0:0:0, 1+0:0:0:0:0, 0+0:0:0:0:0, 0+0:0:0:0:0, 0+0:0:0:0:0, 0+0:0:0:0:0, 17+0:1:0:0:2
E mixolydian (4#), 2+0:1:0:0:0, 1+0:0:0:0:0, 2+0:1:0:0:0, 2+0:1:0:0:0, 1+0:0:0:0:0, 0+0:0:0:0:0, 1+0:0:0:0:0, 0+0:0:0:0:0, 0+0:0:0:0:0, 1+0:1:0:0:0, 2+0:1:0:0:0, 0+0:0:0:0:0, 1+0:1:0:0:0, 2+0:0:1:0:2, 3+0:1:0:0:0, 2+0:1:0:0:0, 2+0:0:0:0:0, 1+0:1:0:0:0, 4+0:1:0:0:0, 2+0:0:0:0:0, 3+0:2:0:0:0, 2+0:1:0:0:0, 1+0:1:0:0:0, 1+0:1:0:0:0, 36+0:15:1:0:2
Ab aeolian (4b), 0+0:0:0:0:0, 0+0:0:0:0:0, 0+0:0:0:0:0, 0+0:0:0:0:0, 2+0:0:0:0:0, 1+0:0:0:0:0, 2+0:1:0:0:1, 1+0:0:0:0:0, 1+0:0:0:0:0, 1+0:0:0:0:0, 1+0:0:0:0:0, 1+0:0:0:0:0, 0+0:0:0:0:0, 0+0:0:0:0:0, 0+0:0:0:0:0, 0+0:0:0:0:0, 0+0:0:0:0:0, 0+0:0:0:0:0, 1+0:0:0:0:0, 0+0:0:0:0:0, 0+0:0:0:0:0, 0+0:0:0:0:0, 0+0:0:0:0:0, 0+0:0:0:0:0, 11+0:1:0:0:1
E aeolian (4#), 2+0:1:0:0:0, 1+0:0:0:0:0, 2+0:1:0:0:0, 2+0:1:0:0:0, 1+0:0:0:0:0, 0+0:0:0:0:0, 1+0:0:0:0:0, 1+0:0:0:0:0, 1+0:0:0:0:0, 2+0:1:0:0:1, 2+0:0:0:0:0, 1+0:0:0:0:0, 1+0:1:0:0:0, 2+0:0:1:0:2, 2+0:0:0:0:0, 2+0:1:0:0:0, 2+0:0:0:0:0, 0+0:0:0:0:0, 5+0:1:0:0:0, 2+0:0:0:0:0, 2+0:1:0:0:0, 2+0:1:0:0:0, 1+0:1:0:0:0, 1+0:1:0:0:0, 38+0:11:1:0:3
Ab locrian (4b), 1+0:0:0:0:0, 1+0:0:0:0:0, 1+0:0:0:0:0, 1+0:0:0:0:0, 3+0:0:0:0:1, 1+0:0:0:0:1, 3+0:1:0:0:2, 1+0:0:0:0:0, 1+0:0:0:0:0, 1+0:0:0:0:0, 2+0:0:0:0:0, 1+0:0:0:0:0, 0+0:0:0:0:0, 1+0:0:0:0:0, 1+0:0:0:0:0, 0+0:0:0:0:0, 1+0:0:0:0:0, 0+0:0:0:0:0, 3+0:0:0:0:0, 2+0:0:0:0:0, 1+0:0:0:0:0, 0+0:0:0:0:0, 0+0:0:0:0:0, 0+0:0:0:0:0, 26+0:1:0:0:4
E locrian (4#), 2+0:1:0:0:0, 0+0:0:0:0:0, 2+0:1:0:0:0, 1+0:1:0:0:0, 0+0:0:0:0:0, 0+0:0:0:0:0, 0+0:0:0:0:0, 0+0:0:0:0:0, 0+0:0:0:0:0, 1+0:1:0:0:0, 2+0:1:0:0:0, 0+0:0:0:0:0, 1+0:1:0:0:0, 2+0:0:1:0:2, 4+0:2:0:0:0, 2+0:1:0:0:0, 2+0:0:0:0:0, 1+0:1:0:0:0, 4+0:2:0:0:0, 1+0:0:0:0:0, 4+0:3:0:0:0, 2+0:1:0:0:0, 1+0:1:0:0:0, 1+0:1:0:0:0, 33+0:18:1:0:2
Db major (5b), 0+0:0:0:0:0, 1+0:0:0:0:0, 0+0:0:0:0:0, 1+0:0:0:0:0, 3+0:0:0:0:0, 1+0:0:0:0:1, 3+0:1:0:0:1, 1+0:0:0:0:0, 1+0:0:0:0:0, 1+0:0:0:0:0, 1+0:0:0:0:0, 1+0:0:0:0:0, 0+0:0:0:0:0, 0+0:0:0:0:0, 0+0:0:0:0:0, 0+0:0:0:0:0, 0+0:0:0:0:0, 0+0:0:0:0:0, 2+0:0:0:0:0, 1+0:0:0:0:0, 0+0:0:0:0:0, 0+0:0:0:0:0, 0+0:0:0:0:0, 0+0:0:0:0:0, 17+0:1:0:0:2
B major (5#), 1+0:0:0:0:0, 1+0:0:0:0:0, 1+0:0:0:0:0, 1+0:0:0:0:0, 2+0:0:0:0:0, 0+0:0:0:0:0, 2+0:0:0:0:0, 1+0:0:0:0:0, 1+0:0:0:0:0, 2+0:1:0:0:1, 2+0:0:0:0:0, 1+0:0:0:0:0, 0+0:0:0:0:0, 1+0:0:1:0:1, 2+0:0:0:0:0, 1+0:0:0:0:0, 2+0:0:0:0:0, 0+0:0:0:0:0, 4+0:0:0:0:0, 2+0:0:0:0:0, 1+0:0:0:0:0, 1+0:0:0:0:0, 0+0:0:0:0:0, 0+0:0:0:0:0, 29+0:1:1:0:2
Bb minor (5b), 0+0:0:0:0:0, 1+0:0:0:0:0, 0+0:0:0:0:0, 1+0:0:0:0:0, 2+0:0:0:0:0, 1+0:0:0:0:0, 2+0:1:0:0:1, 1+0:0:0:0:0, 1+0:0:0:0:0, 1+0:0:0:0:0, 1+0:0:0:0:0, 1+0:0:0:0:0, 0+0:0:0:0:0, 0+0:0:0:0:0, 1+0:0:0:0:0, 0+0:0:0:0:0, 0+0:0:0:0:0, 0+0:0:0:0:0, 3+0:0:0:0:0, 1+0:0:0:0:0, 1+0:0:0:0:0, 0+0:0:0:0:0, 0+0:0:0:0:0, 0+0:0:0:0:0, 18+0:1:0:0:1
G# minor (5#), 1+0:0:0:0:1, 0+0:0:0:0:0, 1+0:0:0:0:1, 0+0:0:0:0:0, 2+0:0:0:0:0, 0+0:0:0:0:0, 2+0:1:0:0:1, 1+0:0:0:0:1, 1+0:0:0:0:1, 2+0:1:0:0:2, 2+0:0:0:0:2, 1+0:0:0:0:1, 0+0:0:0:0:0, 1+0:0:1:0:0, 2+0:0:0:0:2, 1+0:0:0:0:1, 2+0:0:0:0:2, 0+0:0:0:0:0, 3+0:0:0:0:3, 1+0:0:0:0:1, 1+0:0:0:0:1, 1+0:0:0:0:1, 0+0:0:0:0:0, 0+0:0:0:0:0, 25+0:2:1:0:21
Bb minor mel (5b), 0+0:0:0:0:0, 0+0:0:0:0:0, 0+0:0:0:0:0, 0+0:0:0:0:0, 1+0:0:0:0:0, 1+0:0:0:0:0, 1+0:1:0:0:1, 1+0:0:0:0:0, 1+0:0:0:0:0, 1+0:0:0:0:0, 1+0:0:0:0:0, 1+0:0:0:0:0, 0+0:0:0:0:0, 0+0:0:0:0:0, 1+0:0:0:0:0, 0+0:0:0:0:0, 0+0:0:0:0:0, 0+0:0:0:0:0, 2+0:0:0:0:0, 0+0:0:0:0:0, 1+0:0:0:0:0, 0+0:0:0:0:0, 0+0:0:0:0:0, 0+0:0:0:0:0, 12+0:1:0:0:1
G# minor mel (5#), 1+0:0:0:0:1, 0+0:0:0:0:0, 1+0:0:0:0:1, 0+0:0:0:0:0, 2+0:0:0:0:0, 1+0:0:0:0:0, 2+0:1:0:0:1, 1+0:0:0:0:1, 1+0:0:0:0:1, 2+0:1:0:0:2, 2+0:0:0:0:2, 1+0:0:0:0:1, 0+0:0:0:0:0, 1+0:0:1:0:0, 1+0:0:0:0:1, 0+0:0:0:0:0, 1+0:0:0:0:1, 0+0:0:0:0:0, 2+0:0:0:0:2, 1+0:0:0:0:1, 1+0:0:0:0:1, 0+0:0:0:0:0, 0+0:0:0:0:0, 0+0:0:0:0:0, 21+0:2:1:0:16
Db major blues (5b), 1+0:0:0:0:0, 1+0:0:0:0:0, 1+0:0:0:0:0, 1+0:0:0:0:0, 3+0:0:0:0:1, 1+0:0:0:0:0, 3+0:1:0:0:2, 1+0:0:0:0:1, 1+0:0:0:0:1, 1+0:0:0:0:1, 2+0:0:0:0:1, 1+0:0:0:0:1, 0+0:0:0:0:0, 1+0:0:0:0:0, 2+0:0:0:0:0, 1+0:0:0:0:0, 2+0:0:0:0:0, 0+0:0:0:0:0, 4+0:0:0:0:1, 2+0:0:0:0:0, 1+0:0:0:0:0, 1+0:0:0:0:0, 0+0:0:0:0:0, 0+0:0:0:0:0, 31+0:1:0:0:9
B major blues (5#), 2+0:0:0:0:0, 1+0:0:0:0:0, 2+0:0:0:0:0, 2+0:0:0:0:0, 2+0:0:0:0:0, 1+0:0:0:0:0, 2+0:0:0:0:0, 1+0:0:0:0:0, 1+0:0:0:0:0, 2+0:1:0:0:1, 3+0:0:0:0:0, 1+0:0:0:0:0, 1+0:0:0:0:0, 2+0:0:1:0:1, 3+0:0:0:0:1, 2+0:0:0:0:1, 2+0:0:0:0:1, 1+0:0:0:0:0, 5+0:0:0:0:1, 2+0:0:0:0:0, 3+0:0:0:0:0, 2+0:0:0:0:1, 1+0:0:0:0:0, 1+0:0:0:0:0, 45+0:1:1:0:7
Bb minor blues (5b), 1+0:0:0:0:0, 1+0:0:0:0:0, 1+0:0:0:0:0, 1+0:0:0:0:0, 3+0:0:0:0:1, 1+0:0:0:0:0, 3+0:1:0:0:2, 1+0:0:0:0:1, 1+0:0:0:0:1, 1+0:0:0:0:1, 2+0:0:0:0:1, 1+0:0:0:0:1, 0+0:0:0:0:0, 1+0:0:0:0:0, 2+0:0:0:0:0, 1+0:0:0:0:0, 2+0:0:0:0:0, 0+0:0:0:0:0, 4+0:0:0:0:1, 2+0:0:0:0:0, 1+0:0:0:0:0, 1+0:0:0:0:0, 0+0:0:0:0:0, 0+0:0:0:0:0, 31+0:1:0:0:9
G# minor blues (5#), 2+0:0:0:0:0, 1+0:0:0:0:0, 2+0:0:0:0:0, 2+0:0:0:0:0, 2+0:0:0:0:0, 1+0:0:0:0:0, 2+0:0:0:0:0, 1+0:0:0:0:0, 1+0:0:0:0:0, 2+0:1:0:0:1, 3+0:0:0:0:0, 1+0:0:0:0:0, 1+0:0:0:0:0, 2+0:0:1:0:1, 3+0:0:0:0:1, 2+0:0:0:0:1, 2+0:0:0:0:1, 1+0:0:0:0:0, 5+0:0:0:0:1, 2+0:0:0:0:0, 3+0:0:0:0:0, 2+0:0:0:0:1, 1+0:0:0:0:0, 1+0:0:0:0:0, 45+0:1:1:0:7
Db dorian (5b), 0+0:0:0:0:0, 0+0:0:0:0:0, 0+0:0:0:0:0, 0+0:0:0:0:0, 2+0:0:0:0:0, 1+0:0:0:0:0, 2+0:1:0:0:1, 1+0:0:0:0:0, 1+0:0:0:0:0, 1+0:0:0:0:0, 1+0:0:0:0:0, 1+0:0:0:0:0, 0+0:0:0:0:0, 0+0:0:0:0:0, 0+0:0:0:0:0, 0+0:0:0:0:0, 0+0:0:0:0:0, 0+0:0:0:0:0, 1+0:0:0:0:0, 0+0:0:0:0:0, 0+0:0:0:0:0, 0+0:0:0:0:0, 0+0:0:0:0:0, 0+0:0:0:0:0, 11+0:1:0:0:1
B dorian (5#), 1+0:0:0:0:0, 1+0:0:0:0:0, 1+0:0:0:0:0, 1+0:0:0:0:0, 2+0:0:0:0:0, 1+0:0:0:0:0, 2+0:0:0:0:0, 1+0:0:0:0:0, 1+0:0:0:0:0, 2+0:1:0:0:1, 2+0:0:0:0:0, 1+0:0:0:0:0, 0+0:0:0:0:0, 1+0:0:1:0:1, 1+0:0:0:0:0, 0+0:0:0:0:0, 1+0:0:0:0:0, 0+0:0:0:0:0, 3+0:0:0:0:0, 2+0:0:0:0:0, 1+0:0:0:0:0, 0+0:0:0:0:0, 0+0:0:0:0:0, 0+0:0:0:0:0, 25+0:1:1:0:2
Db phrygian (5b), 1+0:0:0:0:0, 1+0:0:0:0:0, 1+0:0:0:0:0, 1+0:0:0:0:0, 3+0:0:0:0:1, 1+0:0:0:0:1, 3+0:1:0:0:2, 1+0:0:0:0:0, 1+0:0:0:0:0, 1+0:0:0:0:0, 2+0:0:0:0:0, 1+0:0:0:0:0, 0+0:0:0:0:0, 1+0:0:0:0:0, 1+0:0:0:0:0, 0+0:0:0:0:0, 1+0:0:0:0:0, 0+0:0:0:0:0, 3+0:0:0:0:0, 2+0:0:0:0:0, 1+0:0:0:0:0, 0+0:0:0:0:0, 0+0:0:0:0:0, 0+0:0:0:0:0, 26+0:1:0:0:4
B phrygian (5#), 2+0:1:0:0:0, 1+0:0:0:0:0, 2+0:1:0:0:0, 2+0:1:0:0:0, 1+0:0:0:0:0, 0+0:0:0:0:0, 1+0:0:0:0:0, 1+0:0:0:0:0, 1+0:0:0:0:0, 2+0:1:0:0:1, 2+0:0:0:0:0, 1+0:0:0:0:0, 1+0:1:0:0:0, 2+0:0:1:0:2, 2+0:0:0:0:0, 2+0:1:0:0:0, 2+0:0:0:0:0, 0+0:0:0:0:0, 5+0:1:0:0:0, 2+0:0:0:0:0, 2+0:1:0:0:0, 2+0:1:0:0:0, 1+0:1:0:0:0, 1+0:1:0:0:0, 38+0:11:1:0:3
Db lydian (5b), 0+0:0:0:0:0, 0+0:0:0:0:0, 0+0:0:0:0:0, 0+0:0:0:0:0, 2+0:0:0:0:0, 1+0:0:0:0:0, 2+0:1:0:0:1, 1+0:0:0:0:0, 1+0:0:0:0:0, 1+0:0:0:0:0, 1+0:0:0:0:0, 1+0:0:0:0:0, 0+0:0:0:0:0, 0+0:0:0:0:0, 0+0:0:0:0:0, 0+0:0:0:0:0, 0+0:0:0:0:0, 0+0:0:0:0:0, 1+0:0:0:0:0, 0+0:0:0:0:0, 0+0:0:0:0:0, 0+0:0:0:0:0, 0+0:0:0:0:0, 0+0:0:0:0:0, 11+0:1:0:0:1
B lydian (5#), 1+0:0:0:0:0, 1+0:0:0:0:0, 1+0:0:0:0:0, 1+0:0:0:0:0, 2+0:0:0:0:0, 1+0:0:0:0:0, 2+0:0:0:0:0, 1+0:0:0:0:0, 1+0:0:0:0:0, 2+0:1:0:0:1, 2+0:0:0:0:0, 1+0:0:0:0:0, 0+0:0:0:0:0, 1+0:0:1:0:1, 1+0:0:0:0:0, 0+0:0:0:0:0, 1+0:0:0:0:0, 0+0:0:0:0:0, 3+0:0:0:0:0, 2+0:0:0:0:0, 1+0:0:0:0:0, 0+0:0:0:0:0, 0+0:0:0:0:0, 0+0:0:0:0:0, 25+0:1:1:0:2
Db mixolydian (5b), 1+0:0:0:0:0, 1+0:0:0:0:0, 1+0:0:0:0:0, 1+0:0:0:0:0, 3+0:0:0:0:1, 1+0:0:0:0:1, 3+0:1:0:0:2, 1+0:0:0:0:0, 1+0:0:0:0:0, 1+0:0:0:0:0, 2+0:0:0:0:0, 1+0:0:0:0:0, 0+0:0:0:0:0, 1+0:0:0:0:0, 1+0:0:0:0:0, 0+0:0:0:0:0, 1+0:0:0:0:0, 0+0:0:0:0:0, 3+0:0:0:0:0, 2+0:0:0:0:0, 1+0:0:0:0:0, 0+0:0:0:0:0, 0+0:0:0:0:0, 0+0:0:0:0:0, 26+0:1:0:0:4
B mixolydian (5#), 2+0:1:0:0:0, 1+0:0:0:0:0, 2+0:1:0:0:0, 2+0:1:0:0:0, 1+0:0:0:0:0, 0+0:0:0:0:0, 1+0:0:0:0:0, 1+0:0:0:0:0, 1+0:0:0:0:0, 2+0:1:0:0:1, 2+0:0:0:0:0, 1+0:0:0:0:0, 1+0:1:0:0:0, 2+0:0:1:0:2, 2+0:0:0:0:0, 2+0:1:0:0:0, 2+0:0:0:0:0, 0+0:0:0:0:0, 5+0:1:0:0:0, 2+0:0:0:0:0, 2+0:1:0:0:0, 2+0:1:0:0:0, 1+0:1:0:0:0, 1+0:1:0:0:0, 38+0:11:1:0:3
Db aeolian (5b), 0+0:0:0:0:0, 1+0:0:0:0:0, 0+0:0:0:0:0, 1+0:0:0:0:0, 3+0:0:0:0:0, 1+0:0:0:0:1, 3+0:1:0:0:1, 1+0:0:0:0:0, 1+0:0:0:0:0, 1+0:0:0:0:0, 1+0:0:0:0:0, 1+0:0:0:0:0, 0+0:0:0:0:0, 0+0:0:0:0:0, 0+0:0:0:0:0, 0+0:0:0:0:0, 0+0:0:0:0:0, 0+0:0:0:0:0, 2+0:0:0:0:0, 1+0:0:0:0:0, 0+0:0:0:0:0, 0+0:0:0:0:0, 0+0:0:0:0:0, 0+0:0:0:0:0, 17+0:1:0:0:2
B aeolian (5#), 1+0:0:0:0:0, 1+0:0:0:0:0, 1+0:0:0:0:0, 1+0:0:0:0:0, 2+0:0:0:0:0, 0+0:0:0:0:0, 2+0:0:0:0:0, 1+0:0:0:0:0, 1+0:0:0:0:0, 2+0:1:0:0:1, 2+0:0:0:0:0, 1+0:0:0:0:0, 0+0:0:0:0:0, 1+0:0:1:0:1, 2+0:0:0:0:0, 1+0:0:0:0:0, 2+0:0:0:0:0, 0+0:0:0:0:0, 4+0:0:0:0:0, 2+0:0:0:0:0, 1+0:0:0:0:0, 1+0:0:0:0:0, 0+0:0:0:0:0, 0+0:0:0:0:0, 29+0:1:1:0:2
Db locrian (5b), 1+0:0:0:0:0, 1+0:0:0:0:0, 1+0:0:0:0:0, 1+0:0:0:0:0, 3+0:0:0:0:1, 0+0:0:0:0:0, 3+0:1:0:0:2, 1+0:0:0:0:1, 1+0:0:0:0:1, 1+0:0:0:0:1, 2+0:0:0:0:1, 1+0:0:0:0:1, 0+0:0:0:0:0, 1+0:0:0:0:0, 2+0:0:0:0:0, 1+0:0:0:0:0, 2+0:0:0:0:0, 0+0:0:0:0:0, 4+0:0:0:0:1, 2+0:0:0:0:0, 1+0:0:0:0:0, 1+0:0:0:0:0, 0+0:0:0:0:0, 0+0:0:0:0:0, 30+0:1:0:0:9
B locrian (5#), 2+0:1:0:0:0, 1+0:0:0:0:0, 2+0:1:0:0:0, 2+0:1:0:0:0, 1+0:0:0:0:0, 0+0:0:0:0:0, 1+0:0:0:0:0, 0+0:0:0:0:0, 0+0:0:0:0:0, 1+0:1:0:0:0, 2+0:1:0:0:0, 0+0:0:0:0:0, 1+0:1:0:0:0, 2+0:0:1:0:2, 3+0:1:0:0:0, 2+0:1:0:0:0, 2+0:0:0:0:0, 1+0:1:0:0:0, 4+0:1:0:0:0, 2+0:0:0:0:0, 3+0:2:0:0:0, 2+0:1:0:0:0, 1+0:1:0:0:0, 1+0:1:0:0:0, 36+0:15:1:0:2
Gb major (6b), 1+0:0:0:0:0, 1+0:0:0:0:0, 1+0:0:0:0:0, 1+0:0:0:0:0, 3+0:0:0:0:1, 1+0:0:0:0:1, 3+0:1:0:0:2, 1+0:0:0:0:0, 1+0:0:0:0:0, 1+0:0:0:0:0, 2+0:0:0:0:0, 1+0:0:0:0:0, 0+0:0:0:0:0, 1+0:0:0:0:0, 1+0:0:0:0:0, 0+0:0:0:0:0, 1+0:0:0:0:0, 0+0:0:0:0:0, 3+0:0:0:0:0, 2+0:0:0:0:0, 1+0:0:0:0:0, 0+0:0:0:0:0, 0+0:0:0:0:0, 0+0:0:0:0:0, 26+0:1:0:0:4
F# major (6#), 1+0:0:0:0:0, 1+0:0:0:0:0, 1+0:0:0:0:0, 1+0:0:0:0:0, 2+0:0:0:0:0, 1+0:0:0:0:0, 2+0:0:0:0:0, 1+0:0:0:0:0, 1+0:0:0:0:0, 2+0:1:0:0:1, 2+0:0:0:0:0, 1+0:0:0:0:0, 0+0:0:0:0:0, 1+0:0:1:0:1, 1+0:0:0:0:0, 0+0:0:0:0:0, 1+0:0:0:0:0, 0+0:0:0:0:0, 3+0:0:0:0:0, 2+0:0:0:0:0, 1+0:0:0:0:0, 0+0:0:0:0:0, 0+0:0:0:0:0, 0+0:0:0:0:0, 25+0:1:1:0:2
Eb minor (6b), 1+0:0:0:0:0, 1+0:0:0:0:0, 1+0:0:0:0:0, 1+0:0:0:0:0, 3+0:0:0:0:0, 1+0:0:0:0:1, 3+0:1:0:0:1, 0+0:0:0:0:0, 0+0:0:0:0:0, 0+0:0:0:0:0, 1+0:0:0:0:0, 0+0:0:0:0:0, 0+0:0:0:0:0, 2+0:0:0:0:0, 1+0:0:0:0:0, 0+0:0:0:0:0, 1+0:0:0:0:0, 0+0:0:0:0:0, 2+0:0:0:0:0, 2+0:0:0:0:0, 1+0:0:0:0:0, 0+0:0:0:0:0, 0+0:0:0:0:0, 0+0:0:0:0:0, 21+0:1:0:0:2
D# minor (6#), 1+0:0:0:0:1, 1+0:0:0:0:1, 1+0:0:0:0:1, 1+0:0:0:0:1, 2+0:0:0:0:2, 1+0:0:0:0:0, 2+0:0:0:0:2, 0+0:0:0:0:0, 0+0:0:0:0:0, 0+0:0:0:0:0, 1+0:0:1:0:0, 0+0:0:0:0:0, 0+0:0:0:0:0, 2+0:1:0:0:2, 1+0:0:0:0:1, 0+0:0:0:0:0, 1+0:0:0:0:1, 0+0:0:0:0:0, 2+0:0:0:0:2, 2+0:0:0:0:2, 1+0:0:0:0:1, 0+0:0:0:0:0, 0+0:0:0:0:0, 0+0:0:0:0:0, 19+0:1:1:0:17
Eb minor mel (6b), 0+0:0:0:0:0, 1+0:0:0:0:0, 0+0:0:0:0:0, 1+0:0:0:0:0, 3+0:0:0:0:0, 1+0:0:0:0:1, 3+0:1:0:0:1, 0+0:0:0:0:0, 0+0:0:0:0:0, 0+0:0:0:0:0, 0+0:0:0:0:0, 0+0:0:0:0:0, 0+0:0:0:0:0, 1+0:0:0:0:0, 0+0:0:0:0:0, 0+0:0:0:0:0, 0+0:0:0:0:0, 0+0:0:0:0:0, 1+0:0:0:0:0, 1+0:0:0:0:0, 0+0:0:0:0:0, 0+0:0:0:0:0, 0+0:0:0:0:0, 0+0:0:0:0:0, 12+0:1:0:0:2
D# minor mel (6#), 0+0:0:0:0:0, 1+0:0:0:0:1, 0+0:0:0:0:0, 1+0:0:0:0:1, 2+0:0:0:0:2, 1+0:0:0:0:0, 2+0:0:0:0:2, 0+0:0:0:0:0, 0+0:0:0:0:0, 0+0:0:0:0:0, 0+0:0:0:0:0, 0+0:0:0:0:0, 0+0:0:0:0:0, 1+0:0:0:0:0, 0+0:0:0:0:0, 0+0:0:0:0:0, 0+0:0:0:0:0, 0+0:0:0:0:0, 1+0:0:0:0:1, 1+0:0:0:0:1, 0+0:0:0:0:0, 0+0:0:0:0:0, 0+0:0:0:0:0, 0+0:0:0:0:0, 10+0:0:0:0:8
Gb major blues (6b), 2+0:0:0:0:0, 1+0:0:0:0:1, 2+0:0:0:0:0, 2+0:0:0:0:1, 3+0:0:0:0:2, 1+0:0:0:0:1, 3+0:1:0:0:3, 1+0:0:0:0:1, 1+0:0:0:0:1, 1+0:0:0:0:1, 2+0:0:0:0:1, 1+0:0:0:0:1, 1+0:0:0:0:0, 2+0:0:0:0:0, 2+0:0:0:0:0, 2+0:0:0:0:0, 2+0:0:0:0:0, 0+0:0:0:0:0, 5+0:0:0:0:2, 2+0:0:0:0:1, 2+0:0:0:0:0, 2+0:0:0:0:0, 1+0:0:0:0:0, 1+0:0:0:0:0, 42+0:1:0:0:16
F# major blues (6#), 2+0:0:0:0:1, 1+0:0:0:0:0, 2+0:0:0:0:1, 2+0:0:0:0:0, 2+0:0:0:0:0, 1+0:0:0:0:0, 2+0:0:0:0:0, 1+0:0:0:0:0, 1+0:0:0:0:0, 2+0:1:0:0:1, 2+0:0:0:0:1, 1+0:0:0:0:0, 1+0:0:0:0:0, 2+0:0:1:0:0, 2+0:0:0:0:2, 2+0:0:0:0:1, 2+0:0:0:0:2, 0+0:0:0:0:0, 5+0:0:0:0:2, 2+0:0:0:0:1, 2+0:0:0:0:1, 2+0:0:0:0:1, 1+0:0:0:0:0, 1+0:0:0:0:0, 41+0:1:1:0:14
Eb minor blues (6b), 2+0:0:0:0:0, 1+0:0:0:0:1, 2+0:0:0:0:0, 2+0:0:0:0:1, 3+0:0:0:0:2, 1+0:0:0:0:1, 3+0:1:0:0:3, 1+0:0:0:0:1, 1+0:0:0:0:1, 1+0:0:0:0:1, 2+0:0:0:0:1, 1+0:0:0:0:1, 1+0:0:0:0:0, 2+0:0:0:0:0, 2+0:0:0:0:0, 2+0:0:0:0:0, 2+0:0:0:0:0, 0+0:0:0:0:0, 5+0:0:0:0:2, 2+0:0:0:0:1, 2+0:0:0:0:0, 2+0:0:0:0:0, 1+0:0:0:0:0, 1+0:0:0:0:0, 42+0:1:0:0:16
D# minor blues (6#), 1+0:0:0:0:0, 1+0:0:0:0:1, 1+0:0:0:0:0, 2+0:0:0:0:1, 2+0:0:0:0:2, 1+0:0:0:0:0, 2+0:0:0:0:2, 1+0:0:0:0:1, 1+0:0:0:0:1, 2+0:1:0:0:2, 1+0:0:0:0:1, 1+0:0:0:0:1, 1+0:0:0:0:0, 1+0:0:0:0:0, 1+0:0:0:0:1, 2+0:0:0:0:1, 1+0:0:0:0:1, 0+0:0:0:0:0, 4+0:0:0:0:3, 1+0:0:0:0:1, 1+0:0:0:0:0, 2+0:0:0:0:1, 1+0:0:0:0:0, 1+0:0:0:0:0, 32+0:1:0:0:20
Gb dorian (6b), 0+0:0:0:0:0, 1+0:0:0:0:0, 0+0:0:0:0:0, 1+0:0:0:0:0, 3+0:0:0:0:0, 1+0:0:0:0:1, 3+0:1:0:0:1, 1+0:0:0:0:0, 1+0:0:0:0:0, 1+0:0:0:0:0, 1+0:0:0:0:0, 1+0:0:0:0:0, 0+0:0:0:0:0, 0+0:0:0:0:0, 0+0:0:0:0:0, 0+0:0:0:0:0, 0+0:0:0:0:0, 0+0:0:0:0:0, 2+0:0:0:0:0, 1+0:0:0:0:0, 0+0:0:0:0:0, 0+0:0:0:0:0, 0+0:0:0:0:0, 0+0:0:0:0:0, 17+0:1:0:0:2
F# dorian (6#), 0+0:0:0:0:0, 1+0:0:0:0:0, 0+0:0:0:0:0, 1+0:0:0:0:0, 2+0:0:0:0:0, 1+0:0:0:0:0, 2+0:0:0:0:0, 1+0:0:0:0:0, 1+0:0:0:0:0, 2+0:1:0:0:1, 1+0:0:0:0:0, 1+0:0:0:0:0, 0+0:0:0:0:0, 0+0:0:0:0:0, 0+0:0:0:0:0, 0+0:0:0:0:0, 0+0:0:0:0:0, 0+0:0:0:0:0, 2+0:0:0:0:0, 1+0:0:0:0:0, 0+0:0:0:0:0, 0+0:0:0:0:0, 0+0:0:0:0:0, 0+0:0:0:0:0, 16+0:1:0:0:1
Gb phrygian (6b), 1+0:0:0:0:0, 1+0:0:0:0:0, 1+0:0:0:0:0, 1+0:0:0:0:0, 3+0:0:0:0:1, 0+0:0:0:0:0, 3+0:1:0:0:2, 1+0:0:0:0:1, 1+0:0:0:0:1, 1+0:0:0:0:1, 2+0:0:0:0:1, 1+0:0:0:0:1, 0+0:0:0:0:0, 1+0:0:0:0:0, 2+0:0:0:0:0, 1+0:0:0:0:0, 2+0:0:0:0:0, 0+0:0:0:0:0, 4+0:0:0:0:1, 2+0:0:0:0:0, 1+0:0:0:0:0, 1+0:0:0:0:0, 0+0:0:0:0:0, 0+0:0:0:0:0, 30+0:1:0:0:9
F# phrygian (6#), 1+0:0:0:0:0, 1+0:0:0:0:0, 1+0:0:0:0:0, 1+0:0:0:0:0, 2+0:0:0:0:0, 0+0:0:0:0:0, 2+0:0:0:0:0, 1+0:0:0:0:0, 1+0:0:0:0:0, 2+0:1:0:0:1, 2+0:0:0:0:0, 1+0:0:0:0:0, 0+0:0:0:0:0, 1+0:0:1:0:1, 2+0:0:0:0:0, 1+0:0:0:0:0, 2+0:0:0:0:0, 0+0:0:0:0:0, 4+0:0:0:0:0, 2+0:0:0:0:0, 1+0:0:0:0:0, 1+0:0:0:0:0, 0+0:0:0:0:0, 0+0:0:0:0:0, 29+0:1:1:0:2
Gb lydian (6b), 0+0:0:0:0:0, 1+0:0:0:0:0, 0+0:0:0:0:0, 1+0:0:0:0:0, 3+0:0:0:0:0, 1+0:0:0:0:1, 3+0:1:0:0:1, 1+0:0:0:0:0, 1+0:0:0:0:0, 1+0:0:0:0:0, 1+0:0:0:0:0, 1+0:0:0:0:0, 0+0:0:0:0:0, 0+0:0:0:0:0, 0+0:0:0:0:0, 0+0:0:0:0:0, 0+0:0:0:0:0, 0+0:0:0:0:0, 2+0:0:0:0:0, 1+0:0:0:0:0, 0+0:0:0:0:0, 0+0:0:0:0:0, 0+0:0:0:0:0, 0+0:0:0:0:0, 17+0:1:0:0:2
F# lydian (6#), 0+0:0:0:0:0, 1+0:0:0:0:0, 0+0:0:0:0:0, 1+0:0:0:0:0, 2+0:0:0:0:0, 1+0:0:0:0:0, 2+0:0:0:0:0, 1+0:0:0:0:0, 1+0:0:0:0:0, 2+0:1:0:0:1, 1+0:0:0:0:0, 1+0:0:0:0:0, 0+0:0:0:0:0, 0+0:0:0:0:0, 0+0:0:0:0:0, 0+0:0:0:0:0, 0+0:0:0:0:0, 0+0:0:0:0:0, 2+0:0:0:0:0, 1+0:0:0:0:0, 0+0:0:0:0:0, 0+0:0:0:0:0, 0+0:0:0:0:0, 0+0:0:0:0:0, 16+0:1:0:0:1
Gb mixolydian (6b), 1+0:0:0:0:0, 1+0:0:0:0:0, 1+0:0:0:0:0, 1+0:0:0:0:0, 3+0:0:0:0:1, 0+0:0:0:0:0, 3+0:1:0:0:2, 1+0:0:0:0:1, 1+0:0:0:0:1, 1+0:0:0:0:1, 2+0:0:0:0:1, 1+0:0:0:0:1, 0+0:0:0:0:0, 1+0:0:0:0:0, 2+0:0:0:0:0, 1+0:0:0:0:0, 2+0:0:0:0:0, 0+0:0:0:0:0, 4+0:0:0:0:1, 2+0:0:0:0:0, 1+0:0:0:0:0, 1+0:0:0:0:0, 0+0:0:0:0:0, 0+0:0:0:0:0, 30+0:1:0:0:9
F# mixolydian (6#), 1+0:0:0:0:0, 1+0:0:0:0:0, 1+0:0:0:0:0, 1+0:0:0:0:0, 2+0:0:0:0:0, 0+0:0:0:0:0, 2+0:0:0:0:0, 1+0:0:0:0:0, 1+0:0:0:0:0, 2+0:1:0:0:1, 2+0:0:0:0:0, 1+0:0:0:0:0, 0+0:0:0:0:0, 1+0:0:1:0:1, 2+0:0:0:0:0, 1+0:0:0:0:0, 2+0:0:0:0:0, 0+0:0:0:0:0, 4+0:0:0:0:0, 2+0:0:0:0:0, 1+0:0:0:0:0, 1+0:0:0:0:0, 0+0:0:0:0:0, 0+0:0:0:0:0, 29+0:1:1:0:2
Gb aeolian (6b), 1+0:0:0:0:0, 1+0:0:0:0:0, 1+0:0:0:0:0, 1+0:0:0:0:0, 3+0:0:0:0:1, 1+0:0:0:0:1, 3+0:1:0:0:2, 1+0:0:0:0:0, 1+0:0:0:0:0, 1+0:0:0:0:0, 2+0:0:0:0:0, 1+0:0:0:0:0, 0+0:0:0:0:0, 1+0:0:0:0:0, 1+0:0:0:0:0, 0+0:0:0:0:0, 1+0:0:0:0:0, 0+0:0:0:0:0, 3+0:0:0:0:0, 2+0:0:0:0:0, 1+0:0:0:0:0, 0+0:0:0:0:0, 0+0:0:0:0:0, 0+0:0:0:0:0, 26+0:1:0:0:4
F# aeolian (6#), 1+0:0:0:0:0, 1+0:0:0:0:0, 1+0:0:0:0:0, 1+0:0:0:0:0, 2+0:0:0:0:0, 1+0:0:0:0:0, 2+0:0:0:0:0, 1+0:0:0:0:0, 1+0:0:0:0:0, 2+0:1:0:0:1, 2+0:0:0:0:0, 1+0:0:0:0:0, 0+0:0:0:0:0, 1+0:0:1:0:1, 1+0:0:0:0:0, 0+0:0:0:0:0, 1+0:0:0:0:0, 0+0:0:0:0:0, 3+0:0:0:0:0, 2+0:0:0:0:0, 1+0:0:0:0:0, 0+0:0:0:0:0, 0+0:0:0:0:0, 0+0:0:0:0:0, 25+0:1:1:0:2
Gb locrian (6b), 2+0:0:0:0:0, 1+0:0:0:0:1, 2+0:0:0:0:0, 2+0:0:0:0:1, 2+0:0:0:0:1, 0+0:0:0:0:0, 2+0:1:0:0:2, 1+0:0:0:0:1, 1+0:0:0:0:1, 1+0:0:0:0:1, 2+0:0:0:0:1, 1+0:0:0:0:1, 1+0:0:0:0:0, 2+0:0:0:0:0, 2+0:0:0:0:0, 2+0:0:0:0:0, 2+0:0:0:0:0, 0+0:0:0:0:0, 5+0:0:0:0:2, 2+0:0:0:0:1, 2+0:0:0:0:0, 2+0:0:0:0:0, 1+0:0:0:0:0, 1+0:0:0:0:0, 39+0:1:0:0:13
F# locrian (6#), 2+0:1:0:0:0, 1+0:0:0:0:0, 2+0:1:0:0:0, 2+0:1:0:0:0, 1+0:0:0:0:0, 0+0:0:0:0:0, 1+0:0:0:0:0, 1+0:0:0:0:0, 1+0:0:0:0:0, 2+0:1:0:0:1, 2+0:0:0:0:0, 1+0:0:0:0:0, 1+0:1:0:0:0, 2+0:0:1:0:2, 2+0:0:0:0:0, 2+0:1:0:0:0, 2+0:0:0:0:0, 0+0:0:0:0:0, 5+0:1:0:0:0, 2+0:0:0:0:0, 2+0:1:0:0:0, 2+0:1:0:0:0, 1+0:1:0:0:0, 1+0:1:0:0:0, 38+0:11:1:0:3
Cb major (7b), 1+0:0:0:0:0, 1+0:0:0:0:0, 1+0:0:0:0:0, 1+0:0:0:0:0, 3+0:0:0:0:1, 0+0:0:0:0:0, 3+0:1:0:0:2, 1+0:0:0:0:1, 1+0:0:0:0:1, 1+0:0:0:0:1, 2+0:0:0:0:1, 1+0:0:0:0:1, 0+0:0:0:0:0, 1+0:0:0:0:0, 2+0:0:0:0:0, 1+0:0:0:0:0, 2+0:0:0:0:0, 0+0:0:0:0:0, 4+0:0:0:0:1, 2+0:0:0:0:0, 1+0:0:0:0:0, 1+0:0:0:0:0, 0+0:0:0:0:0, 0+0:0:0:0:0, 30+0:1:0:0:9
C# major (7#), 0+0:0:0:0:0, 1+0:0:0:0:0, 0+0:0:0:0:0, 1+0:0:0:0:0, 2+0:0:0:0:0, 1+0:0:0:0:0, 2+0:0:0:0:0, 1+0:0:0:0:0, 1+0:0:0:0:0, 2+0:1:0:0:1, 1+0:0:0:0:0, 1+0:0:0:0:0, 0+0:0:0:0:0, 0+0:0:0:0:0, 0+0:0:0:0:0, 0+0:0:0:0:0, 0+0:0:0:0:0, 0+0:0:0:0:0, 2+0:0:0:0:0, 1+0:0:0:0:0, 0+0:0:0:0:0, 0+0:0:0:0:0, 0+0:0:0:0:0, 0+0:0:0:0:0, 16+0:1:0:0:1
Ab minor (7b), 1+0:0:0:0:0, 0+0:0:0:0:0, 1+0:0:0:0:0, 0+0:0:0:0:0, 2+0:0:0:0:1, 0+0:0:0:0:0, 2+0:1:0:0:2, 1+0:0:0:0:0, 1+0:0:0:0:0, 1+0:0:0:0:0, 2+0:0:0:0:0, 1+0:0:0:0:0, 0+0:0:0:0:0, 1+0:0:0:0:0, 2+0:0:0:0:0, 1+0:0:0:0:0, 2+0:0:0:0:0, 0+0:0:0:0:0, 3+0:0:0:0:0, 1+0:0:0:0:0, 1+0:0:0:0:0, 1+0:0:0:0:0, 0+0:0:0:0:0, 0+0:0:0:0:0, 24+0:1:0:0:3
A# minor (7#), 0+0:0:0:0:0, 1+0:0:0:0:1, 0+0:0:0:0:0, 1+0:0:0:0:1, 2+0:0:0:0:2, 1+0:0:0:0:1, 2+0:0:0:0:2, 1+0:0:0:0:1, 1+0:0:0:0:1, 2+0:1:0:0:2, 1+0:0:0:0:1, 1+0:0:0:0:1, 0+0:0:0:0:0, 0+0:0:0:0:0, 1+0:0:0:0:0, 0+0:0:0:0:0, 0+0:0:0:0:0, 0+0:0:0:0:0, 3+0:0:0:0:2, 1+0:0:0:0:1, 1+0:0:0:0:0, 0+0:0:0:0:0, 0+0:0:0:0:0, 0+0:0:0:0:0, 19+0:1:0:0:16
Ab minor mel (7b), 1+0:0:0:0:0, 0+0:0:0:0:0, 1+0:0:0:0:0, 0+0:0:0:0:0, 2+0:0:0:0:1, 1+0:0:0:0:1, 2+0:1:0:0:2, 1+0:0:0:0:0, 1+0:0:0:0:0, 1+0:0:0:0:0, 2+0:0:0:0:0, 1+0:0:0:0:0, 0+0:0:0:0:0, 1+0:0:0:0:0, 1+0:0:0:0:0, 0+0:0:0:0:0, 1+0:0:0:0:0, 0+0:0:0:0:0, 2+0:0:0:0:0, 1+0:0:0:0:0, 1+0:0:0:0:0, 0+0:0:0:0:0, 0+0:0:0:0:0, 0+0:0:0:0:0, 20+0:1:0:0:4
A# minor mel (7#), 0+0:0:0:0:0, 0+0:0:0:0:0, 0+0:0:0:0:0, 0+0:0:0:0:0, 1+0:0:0:0:0, 1+0:0:0:0:1, 2+0:1:0:0:2, 1+0:0:0:0:1, 1+0:0:0:0:1, 2+0:1:0:0:2, 1+0:0:0:0:1, 1+0:0:0:0:1, 0+0:0:0:0:0, 0+0:0:0:0:0, 1+0:0:0:0:0, 0+0:0:0:0:0, 0+0:0:0:0:0, 0+0:0:0:0:0, 2+0:0:0:0:1, 0+0:0:0:0:0, 1+0:0:0:0:0, 0+0:0:0:0:0, 0+0:0:0:0:0, 0+0:0:0:0:0, 14+0:2:0:0:10
Cb major blues (7b), 2+0:0:0:0:1, 1+0:0:0:0:1, 2+0:0:0:0:1, 2+0:0:0:0:1, 3+0:0:0:0:2, 1+0:0:0:0:1, 3+0:1:0:0:3, 1+0:0:0:0:1, 1+0:0:0:0:1, 2+0:0:0:0:1, 3+0:0:0:0:2, 1+0:0:0:0:1, 1+0:0:0:0:0, 2+0:0:0:0:1, 3+0:0:0:0:1, 2+0:0:0:0:0, 2+0:0:0:0:1, 1+0:0:0:0:0, 5+0:0:0:0:3, 2+0:0:0:0:2, 3+0:0:0:0:1, 2+0:0:0:0:0, 1+0:0:0:0:0, 1+0:0:0:0:0, 47+0:1:0:0:25
C# major blues (7#), 1+0:0:0:0:1, 1+0:0:0:0:1, 1+0:0:0:0:1, 1+0:0:0:0:1, 3+0:0:0:0:1, 1+0:0:0:0:0, 3+0:0:0:0:1, 1+0:0:0:0:0, 1+0:0:0:0:0, 2+0:1:0:0:1, 2+0:0:0:0:1, 1+0:0:0:0:0, 0+0:0:0:0:0, 1+0:0:1:0:0, 2+0:0:0:0:1, 1+0:0:0:0:0, 2+0:0:0:0:1, 0+0:0:0:0:0, 4+0:0:0:0:2, 2+0:0:0:0:2, 1+0:0:0:0:1, 1+0:0:0:0:0, 0+0:0:0:0:0, 0+0:0:0:0:0, 32+0:1:1:0:15
Ab minor blues (7b), 2+0:0:0:0:1, 1+0:0:0:0:1, 2+0:0:0:0:1, 2+0:0:0:0:1, 3+0:0:0:0:2, 1+0:0:0:0:1, 3+0:1:0:0:3, 1+0:0:0:0:1, 1+0:0:0:0:1, 2+0:0:0:0:1, 3+0:0:0:0:2, 1+0:0:0:0:1, 1+0:0:0:0:0, 2+0:0:0:0:1, 3+0:0:0:0:1, 2+0:0:0:0:0, 2+0:0:0:0:1, 1+0:0:0:0:0, 5+0:0:0:0:3, 2+0:0:0:0:2, 3+0:0:0:0:1, 2+0:0:0:0:0, 1+0:0:0:0:0, 1+0:0:0:0:0, 47+0:1:0:0:25
A# minor blues (7#), 1+0:0:0:0:1, 1+0:0:0:0:1, 1+0:0:0:0:1, 1+0:0:0:0:1, 3+0:0:0:0:1, 1+0:0:0:0:0, 3+0:0:0:0:1, 1+0:0:0:0:0, 1+0:0:0:0:0, 2+0:1:0:0:1, 2+0:0:0:0:1, 1+0:0:0:0:0, 0+0:0:0:0:0, 1+0:0:1:0:0, 2+0:0:0:0:1, 1+0:0:0:0:0, 2+0:0:0:0:1, 0+0:0:0:0:0, 4+0:0:0:0:2, 2+0:0:0:0:2, 1+0:0:0:0:1, 1+0:0:0:0:0, 0+0:0:0:0:0, 0+0:0:0:0:0, 32+0:1:1:0:15
Cb dorian (7b), 1+0:0:0:0:0, 1+0:0:0:0:0, 1+0:0:0:0:0, 1+0:0:0:0:0, 3+0:0:0:0:1, 1+0:0:0:0:1, 3+0:1:0:0:2, 1+0:0:0:0:0, 1+0:0:0:0:0, 1+0:0:0:0:0, 2+0:0:0:0:0, 1+0:0:0:0:0, 0+0:0:0:0:0, 1+0:0:0:0:0, 1+0:0:0:0:0, 0+0:0:0:0:0, 1+0:0:0:0:0, 0+0:0:0:0:0, 3+0:0:0:0:0, 2+0:0:0:0:0, 1+0:0:0:0:0, 0+0:0:0:0:0, 0+0:0:0:0:0, 0+0:0:0:0:0, 26+0:1:0:0:4
C# dorian (7#), 0+0:0:0:0:0, 0+0:0:0:0:0, 0+0:0:0:0:0, 0+0:0:0:0:0, 2+0:0:0:0:0, 1+0:0:0:0:0, 2+0:1:0:0:1, 1+0:0:0:0:0, 1+0:0:0:0:0, 2+0:1:0:0:1, 1+0:0:0:0:0, 1+0:0:0:0:0, 0+0:0:0:0:0, 0+0:0:0:0:0, 0+0:0:0:0:0, 0+0:0:0:0:0, 0+0:0:0:0:0, 0+0:0:0:0:0, 1+0:0:0:0:0, 0+0:0:0:0:0, 0+0:0:0:0:0, 0+0:0:0:0:0, 0+0:0:0:0:0, 0+0:0:0:0:0, 12+0:2:0:0:2
Cb phrygian (7b), 2+0:0:0:0:0, 1+0:0:0:0:1, 2+0:0:0:0:0, 2+0:0:0:0:1, 2+0:0:0:0:1, 0+0:0:0:0:0, 2+0:1:0:0:2, 1+0:0:0:0:1, 1+0:0:0:0:1, 1+0:0:0:0:1, 2+0:0:0:0:1, 1+0:0:0:0:1, 1+0:0:0:0:0, 2+0:0:0:0:0, 2+0:0:0:0:0, 2+0:0:0:0:0, 2+0:0:0:0:0, 0+0:0:0:0:0, 5+0:0:0:0:2, 2+0:0:0:0:1, 2+0:0:0:0:0, 2+0:0:0:0:0, 1+0:0:0:0:0, 1+0:0:0:0:0, 39+0:1:0:0:13
C# phrygian (7#), 1+0:0:0:0:0, 1+0:0:0:0:0, 1+0:0:0:0:0, 1+0:0:0:0:0, 2+0:0:0:0:0, 1+0:0:0:0:0, 2+0:0:0:0:0, 1+0:0:0:0:0, 1+0:0:0:0:0, 2+0:1:0:0:1, 2+0:0:0:0:0, 1+0:0:0:0:0, 0+0:0:0:0:0, 1+0:0:1:0:1, 1+0:0:0:0:0, 0+0:0:0:0:0, 1+0:0:0:0:0, 0+0:0:0:0:0, 3+0:0:0:0:0, 2+0:0:0:0:0, 1+0:0:0:0:0, 0+0:0:0:0:0, 0+0:0:0:0:0, 0+0:0:0:0:0, 25+0:1:1:0:2
Cb lydian (7b), 1+0:0:0:0:0, 1+0:0:0:0:0, 1+0:0:0:0:0, 1+0:0:0:0:0, 3+0:0:0:0:1, 1+0:0:0:0:1, 3+0:1:0:0:2, 1+0:0:0:0:0, 1+0:0:0:0:0, 1+0:0:0:0:0, 2+0:0:0:0:0, 1+0:0:0:0:0, 0+0:0:0:0:0, 1+0:0:0:0:0, 1+0:0:0:0:0, 0+0:0:0:0:0, 1+0:0:0:0:0, 0+0:0:0:0:0, 3+0:0:0:0:0, 2+0:0:0:0:0, 1+0:0:0:0:0, 0+0:0:0:0:0, 0+0:0:0:0:0, 0+0:0:0:0:0, 26+0:1:0:0:4
C# lydian (7#), 0+0:0:0:0:0, 0+0:0:0:0:0, 0+0:0:0:0:0, 0+0:0:0:0:0, 2+0:0:0:0:0, 1+0:0:0:0:0, 2+0:1:0:0:1, 1+0:0:0:0:0, 1+0:0:0:0:0, 2+0:1:0:0:1, 1+0:0:0:0:0, 1+0:0:0:0:0, 0+0:0:0:0:0, 0+0:0:0:0:0, 0+0:0:0:0:0, 0+0:0:0:0:0, 0+0:0:0:0:0, 0+0:0:0:0:0, 1+0:0:0:0:0, 0+0:0:0:0:0, 0+0:0:0:0:0, 0+0:0:0:0:0, 0+0:0:0:0:0, 0+0:0:0:0:0, 12+0:2:0:0:2
Cb mixolydian (7b), 2+0:0:0:0:0, 1+0:0:0:0:1, 2+0:0:0:0:0, 2+0:0:0:0:1, 2+0:0:0:0:1, 0+0:0:0:0:0, 2+0:1:0:0:2, 1+0:0:0:0:1, 1+0:0:0:0:1, 1+0:0:0:0:1, 2+0:0:0:0:1, 1+0:0:0:0:1, 1+0:0:0:0:0, 2+0:0:0:0:0, 2+0:0:0:0:0, 2+0:0:0:0:0, 2+0:0:0:0:0, 0+0:0:0:0:0, 5+0:0:0:0:2, 2+0:0:0:0:1, 2+0:0:0:0:0, 2+0:0:0:0:0, 1+0:0:0:0:0, 1+0:0:0:0:0, 39+0:1:0:0:13
C# mixolydian (7#), 1+0:0:0:0:0, 1+0:0:0:0:0, 1+0:0:0:0:0, 1+0:0:0:0:0, 2+0:0:0:0:0, 1+0:0:0:0:0, 2+0:0:0:0:0, 1+0:0:0:0:0, 1+0:0:0:0:0, 2+0:1:0:0:1, 2+0:0:0:0:0, 1+0:0:0:0:0, 0+0:0:0:0:0, 1+0:0:1:0:1, 1+0:0:0:0:0, 0+0:0:0:0:0, 1+0:0:0:0:0, 0+0:0:0:0:0, 3+0:0:0:0:0, 2+0:0:0:0:0, 1+0:0:0:0:0, 0+0:0:0:0:0, 0+0:0:0:0:0, 0+0:0:0:0:0, 25+0:1:1:0:2
Cb aeolian (7b), 1+0:0:0:0:0, 1+0:0:0:0:0, 1+0:0:0:0:0, 1+0:0:0:0:0, 3+0:0:0:0:1, 0+0:0:0:0:0, 3+0:1:0:0:2, 1+0:0:0:0:1, 1+0:0:0:0:1, 1+0:0:0:0:1, 2+0:0:0:0:1, 1+0:0:0:0:1, 0+0:0:0:0:0, 1+0:0:0:0:0, 2+0:0:0:0:0, 1+0:0:0:0:0, 2+0:0:0:0:0, 0+0:0:0:0:0, 4+0:0:0:0:1, 2+0:0:0:0:0, 1+0:0:0:0:0, 1+0:0:0:0:0, 0+0:0:0:0:0, 0+0:0:0:0:0, 30+0:1:0:0:9
C# aeolian (7#), 0+0:0:0:0:0, 1+0:0:0:0:0, 0+0:0:0:0:0, 1+0:0:0:0:0, 2+0:0:0:0:0, 1+0:0:0:0:0, 2+0:0:0:0:0, 1+0:0:0:0:0, 1+0:0:0:0:0, 2+0:1:0:0:1, 1+0:0:0:0:0, 1+0:0:0:0:0, 0+0:0:0:0:0, 0+0:0:0:0:0, 0+0:0:0:0:0, 0+0:0:0:0:0, 0+0:0:0:0:0, 0+0:0:0:0:0, 2+0:0:0:0:0, 1+0:0:0:0:0, 0+0:0:0:0:0, 0+0:0:0:0:0, 0+0:0:0:0:0, 0+0:0:0:0:0, 16+0:1:0:0:1
Cb locrian (7b), 2+0:0:0:0:1, 1+0:0:0:0:1, 2+0:0:0:0:1, 2+0:0:0:0:1, 2+0:0:0:0:1, 0+0:0:0:0:0, 2+0:1:0:0:2, 0+0:0:0:0:0, 0+0:0:0:0:0, 1+0:1:0:0:1, 2+0:1:0:0:2, 0+0:0:0:0:0, 1+0:0:0:0:0, 2+0:0:0:0:1, 3+0:0:0:0:1, 2+0:0:0:0:0, 2+0:0:0:0:1, 1+0:0:0:0:0, 4+0:0:0:0:2, 2+0:0:0:0:2, 3+0:0:0:0:1, 2+0:0:0:0:0, 1+0:0:0:0:0, 1+0:0:0:0:0, 38+0:3:0:0:18
C# locrian (7#), 1+0:0:0:0:0, 1+0:0:0:0:0, 1+0:0:0:0:0, 1+0:0:0:0:0, 2+0:0:0:0:0, 0+0:0:0:0:0, 2+0:0:0:0:0, 1+0:0:0:0:0, 1+0:0:0:0:0, 2+0:1:0:0:1, 2+0:0:0:0:0, 1+0:0:0:0:0, 0+0:0:0:0:0, 1+0:0:1:0:1, 2+0:0:0:0:0, 1+0:0:0:0:0, 2+0:0:0:0:0, 0+0:0:0:0:0, 4+0:0:0:0:0, 2+0:0:0:0:0, 1+0:0:0:0:0, 1+0:0:0:0:0, 0+0:0:0:0:0, 0+0:0:0:0:0, 29+0:1:1:0:2
