 , 0, 1, 2, 3, 4, 5, 6, 7, 8, 9, 10, 11, 12, 13, 14, 15, 16, 17, 18, 19, 20, 21, 22, 23, 24, 25, 26, 27, 28, 29, 30, 31, 32, 33, 34, 35, 36, 37, 38, 39, 40, 41, 42, 43, 44, 45, 46, 47, 48, 49, 50, 51, 52, 53, 54, 55, 56, 57, 58, 59, 60, 61, 62, 63, 64, rowcost
C major (0), 0+0+0:0:0:0:0, 1+0+0:0:0:0:0, 2+0+4:0:0:0:0, 0+0+0:0:0:0:0, 2+0+1:0:0:0:0, 0+0+0:0:0:0:0, 4+0+2:0:0:0:0, 0+0+0:0:0:0:0, 0+0+0:0:0:0:0, 1+0+0:0:0:0:0, 2+0+4:0:0:0:0, 0+0+0:0:0:0:0, 2+0+1:0:0:0:0, 0+0+0:0:0:0:0, 1+0+0:0:0:0:0,  , 2+0+1:1:0:0:0, 1+0+0:0:0:0:0, 1+0+0:0:0:0:0, 1+0+0:0:0:0:0, 0+0+0:0:0:0:0, 1+0+1:0:0:0:0, 3+0+2:0:0:0:0, 1+0+1:0:0:0:0, 0+0+0:0:0:0:0, 1+0+0:0:0:0:0, 2+0+4:0:0:0:0, 0+0+0:0:0:0:0, 2+0+1:0:0:0:0, 0+0+0:0:0:0:0, 1+0+0:0:0:0:0, 0+0+0:0:0:0:0, 1+0+0:0:0:0:0,  , 1+0+2:1:0:0:1, 1+0+0:0:0:0:0, 4+0+2:0:0:0:1, 2+0+4:0:0:0:0, 1+0+3:0:0:0:0, 2+0+1:0:0:0:0, 6+0+2:0:0:0:1, 0+0+0:0:0:0:0, 1+0+1:0:0:0:0, 2+0+1:0:0:0:0, 4+0+2:0:0:0:1, 2+0+2:0:0:0:0, 1+0+0:0:0:0:0,  , 2+0+1:0:0:0:0, 3+0+1:0:0:0:0, 3+0+2:2:0:0:0, 2+0+1:1:0:0:0, 2+0+1:0:0:0:0, 0+0+0:0:0:0:0, 2+0+1:0:0:0:0, 1+0+0:0:0:0:0, 1+0+0:0:0:0:0, 1+0+0:0:0:0:0, 1+0+0:0:0:0:0, 0+0+0:0:0:0:0, 2+0+0:0:0:0:0, 2+0+1:0:0:0:0, 0+0+0:0:0:0:0, 0+0+0:0:0:0:0, 1+0+0:0:0:0:0, 82+0+50:5:0:0:4
A minor (0), 0+0+0:0:0:0:0, 1+0+0:0:0:0:0, 2+0+4:1:0:0:0, 0+0+0:0:0:0:0, 2+0+2:1:0:0:0, 0+0+0:0:0:0:0, 4+0+3:0:0:0:0, 0+0+0:0:0:0:0, 0+0+0:0:0:0:0, 1+0+0:0:0:0:0, 2+0+4:1:0:0:0, 0+0+0:0:0:0:0, 2+0+2:1:0:0:0, 0+0+0:0:0:0:0, 1+0+0:0:0:0:0,  , 2+0+1:0:0:0:0, 1+0+0:0:0:0:0, 1+0+0:0:0:0:0, 1+0+0:0:0:0:0, 0+0+0:0:0:0:0, 1+0+1:1:0:0:0, 3+0+2:0:0:0:0, 1+0+1:0:0:0:0, 0+0+0:0:0:0:0, 1+0+0:0:0:0:0, 2+0+4:1:0:0:0, 0+0+0:0:0:0:0, 2+0+2:1:0:0:0, 0+0+0:0:0:0:0, 1+0+0:0:0:0:0, 0+0+0:0:0:0:0, 1+0+0:0:0:0:0,  , 1+0+2:0:0:0:0, 1+0+0:0:0:0:0, 4+0+3:0:0:0:0, 2+0+4:0:0:0:0, 1+0+3:1:0:0:0, 2+0+1:0:0:0:0, 4+0+4:0:0:0:2, 0+0+0:0:0:0:0, 1+0+1:0:0:0:0, 3+0+2:0:0:0:0, 4+0+3:0:0:0:0, 2+0+2:0:0:0:0, 1+0+0:0:0:0:0,  , 2+0+1:0:0:0:0, 3+0+1:0:0:0:0, 3+0+0:0:0:0:0, 2+0+1:1:0:0:0, 2+0+1:0:0:0:0, 0+0+0:0:0:0:0, 2+0+1:0:0:0:0, 1+0+0:0:0:0:0, 1+0+0:0:0:0:0, 1+0+0:0:0:0:0, 1+0+0:0:0:0:0, 0+0+0:0:0:0:0, 2+0+1:0:0:0:0, 2+0+1:0:0:0:0, 0+0+0:0:0:0:0, 0+0+0:0:0:0:0, 1+0+0:0:0:0:0, 81+0+58:9:0:0:2
A minor mel (0),  ,  ,  ,  ,  ,  ,  ,  ,  ,  ,  ,  ,  ,  ,  ,  ,  ,  ,  ,  ,  ,  ,  ,  ,  ,  ,  ,  ,  ,  ,  ,  ,  ,  ,  ,  ,  ,  ,  ,  ,  ,  ,  ,  ,  ,  ,  ,  ,  ,  ,  ,  ,  ,  ,  ,  ,  ,  ,  ,  ,  ,  ,  ,  ,  , 0+0+0:0:0:0:0
C major blues (0),  ,  ,  ,  ,  ,  ,  ,  ,  ,  ,  ,  ,  ,  ,  ,  ,  ,  ,  ,  ,  ,  ,  ,  ,  ,  ,  ,  ,  ,  ,  ,  ,  ,  ,  ,  ,  ,  ,  ,  ,  ,  ,  ,  ,  ,  ,  ,  ,  ,  ,  ,  ,  ,  ,  ,  ,  ,  ,  ,  ,  ,  ,  ,  ,  , 0+0+0:0:0:0:0
A minor blues (0),  ,  ,  ,  ,  ,  ,  ,  ,  ,  ,  ,  ,  ,  ,  ,  ,  ,  ,  ,  ,  ,  ,  ,  ,  ,  ,  ,  ,  ,  ,  ,  ,  ,  ,  ,  ,  ,  ,  ,  ,  ,  ,  ,  ,  ,  ,  ,  ,  ,  ,  ,  ,  ,  ,  ,  ,  ,  ,  ,  ,  ,  ,  ,  ,  , 0+0+0:0:0:0:0
C dorian (0),  ,  ,  ,  ,  ,  ,  ,  ,  ,  ,  ,  ,  ,  ,  ,  ,  ,  ,  ,  ,  ,  ,  ,  ,  ,  ,  ,  ,  ,  ,  ,  ,  ,  ,  ,  ,  ,  ,  ,  ,  ,  ,  ,  ,  ,  ,  ,  ,  ,  ,  ,  ,  ,  ,  ,  ,  ,  ,  ,  ,  ,  ,  ,  ,  , 0+0+0:0:0:0:0
C phrygian (0),  ,  ,  ,  ,  ,  ,  ,  ,  ,  ,  ,  ,  ,  ,  ,  ,  ,  ,  ,  ,  ,  ,  ,  ,  ,  ,  ,  ,  ,  ,  ,  ,  ,  ,  ,  ,  ,  ,  ,  ,  ,  ,  ,  ,  ,  ,  ,  ,  ,  ,  ,  ,  ,  ,  ,  ,  ,  ,  ,  ,  ,  ,  ,  ,  , 0+0+0:0:0:0:0
C lydian (0),  ,  ,  ,  ,  ,  ,  ,  ,  ,  ,  ,  ,  ,  ,  ,  ,  ,  ,  ,  ,  ,  ,  ,  ,  ,  ,  ,  ,  ,  ,  ,  ,  ,  ,  ,  ,  ,  ,  ,  ,  ,  ,  ,  ,  ,  ,  ,  ,  ,  ,  ,  ,  ,  ,  ,  ,  ,  ,  ,  ,  ,  ,  ,  ,  , 0+0+0:0:0:0:0
C mixolydian (0),  ,  ,  ,  ,  ,  ,  ,  ,  ,  ,  ,  ,  ,  ,  ,  ,  ,  ,  ,  ,  ,  ,  ,  ,  ,  ,  ,  ,  ,  ,  ,  ,  ,  ,  ,  ,  ,  ,  ,  ,  ,  ,  ,  ,  ,  ,  ,  ,  ,  ,  ,  ,  ,  ,  ,  ,  ,  ,  ,  ,  ,  ,  ,  ,  , 0+0+0:0:0:0:0
C aeolian (0),  ,  ,  ,  ,  ,  ,  ,  ,  ,  ,  ,  ,  ,  ,  ,  ,  ,  ,  ,  ,  ,  ,  ,  ,  ,  ,  ,  ,  ,  ,  ,  ,  ,  ,  ,  ,  ,  ,  ,  ,  ,  ,  ,  ,  ,  ,  ,  ,  ,  ,  ,  ,  ,  ,  ,  ,  ,  ,  ,  ,  ,  ,  ,  ,  , 0+0+0:0:0:0:0
C locrian (0),  ,  ,  ,  ,  ,  ,  ,  ,  ,  ,  ,  ,  ,  ,  ,  ,  ,  ,  ,  ,  ,  ,  ,  ,  ,  ,  ,  ,  ,  ,  ,  ,  ,  ,  ,  ,  ,  ,  ,  ,  ,  ,  ,  ,  ,  ,  ,  ,  ,  ,  ,  ,  ,  ,  ,  ,  ,  ,  ,  ,  ,  ,  ,  ,  , 0+0+0:0:0:0:0
F major (1b), 0+0+0:0:0:0:0, 0+0+0:0:0:0:0, 3+0+4:0:0:0:0, 0+0+0:0:0:0:0, 2+0+1:0:0:0:0, 0+0+0:0:0:0:0, 3+0+2:0:0:0:0, 0+0+0:0:0:0:0, 0+0+0:0:0:0:0, 0+0+0:0:0:0:0, 3+0+4:0:0:0:0, 0+0+0:0:0:0:0, 2+0+1:0:0:0:0, 0+0+0:0:0:0:0, 0+0+0:0:0:0:0,  , 2+0+1:1:0:0:0, 2+0+0:0:0:0:0, 2+0+0:0:0:0:0, 2+0+0:0:0:0:0, 0+0+0:0:0:0:0, 2+0+1:0:0:0:0, 2+0+2:0:0:0:0, 1+0+1:0:0:0:0, 0+0+0:0:0:0:0, 0+0+0:0:0:0:0, 3+0+4:0:0:0:0, 0+0+0:0:0:0:0, 2+0+1:0:0:0:0, 0+0+0:0:0:0:0, 0+0+0:0:0:0:0, 0+0+0:0:0:0:0, 0+0+0:0:0:0:0,  , 1+0+2:1:0:0:1, 0+0+0:0:0:0:0, 3+0+2:0:0:0:1, 1+0+4:0:0:0:0, 1+0+3:0:0:0:0, 1+0+1:0:0:0:0, 4+0+2:0:0:0:1, 0+0+0:0:0:0:0, 1+0+1:0:0:0:0, 1+0+1:0:0:0:0, 3+0+2:0:0:0:1, 1+0+2:0:0:0:0, 0+0+0:0:0:0:0,  , 2+0+0:0:0:0:0, 4+0+1:0:0:0:0, 2+0+0:0:0:0:0, 2+0+1:1:0:0:0, 3+0+1:0:0:0:0, 0+0+0:0:0:0:0, 1+0+1:0:0:0:0, 0+0+0:0:0:0:0, 0+0+0:0:0:0:0, 0+0+0:0:0:0:0, 0+0+0:0:0:0:0, 0+0+0:0:0:0:0, 1+0+0:0:0:0:0, 1+0+1:0:0:0:0, 0+0+0:0:0:0:0, 0+0+0:0:0:0:0, 0+0+0:0:0:0:0, 64+0+47:3:0:0:4
G major (1#), 1+0+0:0:0:0:0, 2+0+0:0:0:0:0, 2+0+4:0:0:0:0, 1+0+0:0:0:0:0, 3+0+1:0:0:0:0, 1+0+0:0:0:0:0, 3+0+2:0:0:0:0, 1+0+0:0:0:0:0, 1+0+0:0:0:0:0, 2+0+0:0:0:0:0, 2+0+4:0:0:0:0, 1+0+0:0:0:0:0, 3+0+1:0:0:0:0, 1+0+0:0:0:0:0, 2+0+0:0:0:0:0,  , 1+0+1:1:0:0:0, 1+0+0:0:0:0:0, 0+0+0:0:0:0:0, 0+0+0:0:0:0:0, 0+0+0:0:0:0:0, 2+0+1:0:0:0:0, 3+0+2:0:0:0:0, 2+0+1:0:0:0:0, 1+0+0:0:0:0:0, 2+0+0:0:0:0:0, 2+0+4:0:0:0:0, 1+0+0:0:0:0:0, 3+0+1:0:0:0:0, 1+0+0:0:0:0:0, 2+0+0:0:0:0:0, 0+0+0:0:0:0:0, 2+0+0:0:0:0:0,  , 3+0+2:0:0:0:1, 2+0+0:0:0:0:0, 4+0+2:0:0:0:1, 3+0+4:0:0:0:0, 2+0+3:0:0:0:0, 2+0+1:0:0:0:0, 8+0+2:0:0:0:1, 0+0+0:0:0:0:0, 2+0+1:0:0:0:0, 2+0+1:0:0:0:0, 5+0+2:0:0:0:1, 3+0+2:0:0:0:0, 1+0+0:0:0:0:0,  , 1+0+0:0:0:0:0, 2+0+1:0:0:0:0, 2+0+0:0:0:0:0, 1+0+1:1:0:0:0, 2+0+1:0:0:0:0, 0+0+0:0:0:0:0, 2+0+1:0:0:0:0, 2+0+0:0:0:0:0, 2+0+0:0:0:0:0, 1+0+0:0:0:0:0, 2+0+0:0:0:0:0, 0+0+0:0:0:0:0, 3+0+0:0:0:0:0, 4+0+1:0:0:0:0, 1+0+0:0:0:0:0, 1+0+0:0:0:0:0, 1+0+0:0:0:0:0, 113+0+47:2:0:0:4
D minor (1b), 0+0+0:0:0:0:0, 0+0+0:0:0:0:0, 3+0+4:0:0:0:0, 0+0+0:0:0:0:0, 2+0+1:0:0:0:0, 0+0+0:0:0:0:0, 3+0+2:0:0:0:0, 0+0+0:0:0:0:0, 0+0+0:0:0:0:0, 0+0+0:0:0:0:0, 3+0+4:0:0:0:0, 0+0+0:0:0:0:0, 2+0+1:0:0:0:0, 0+0+0:0:0:0:0, 0+0+0:0:0:0:0,  , 2+0+1:1:0:0:1, 2+0+0:0:0:0:0, 2+0+0:0:0:0:0, 2+0+0:0:0:0:0, 0+0+0:0:0:0:0, 2+0+1:0:0:0:0, 2+0+2:0:0:0:0, 1+0+1:0:0:0:0, 0+0+0:0:0:0:0, 0+0+0:0:0:0:0, 3+0+4:0:0:0:0, 0+0+0:0:0:0:0, 2+0+1:0:0:0:0, 0+0+0:0:0:0:0, 0+0+0:0:0:0:0, 0+0+0:0:0:0:0, 0+0+0:0:0:0:0,  , 1+0+2:1:0:0:1, 0+0+0:0:0:0:0, 3+0+2:0:0:0:1, 1+0+4:0:0:0:0, 1+0+3:0:0:0:0, 1+0+1:0:0:0:0, 4+0+2:0:0:0:1, 0+0+0:0:0:0:0, 1+0+1:0:0:0:0, 1+0+1:0:0:0:0, 3+0+2:0:0:0:1, 1+0+2:0:0:0:0, 0+0+0:0:0:0:0,  , 2+0+0:0:0:0:0, 4+0+1:0:0:0:0, 2+0+0:0:0:0:0, 2+0+1:0:0:0:0, 3+0+3:0:0:0:0, 0+0+0:0:0:0:0, 1+0+1:0:0:0:0, 0+0+0:0:0:0:0, 0+0+0:0:0:0:0, 0+0+0:0:0:0:0, 0+0+0:0:0:0:0, 0+0+0:0:0:0:0, 1+0+0:0:0:0:0, 1+0+1:0:0:0:0, 0+0+0:0:0:0:0, 0+0+0:0:0:0:0, 0+0+0:0:0:0:0, 64+0+49:2:0:0:5
E minor (1#), 1+0+0:0:0:0:0, 2+0+1:1:0:0:0, 2+0+4:1:0:0:0, 1+0+0:0:0:0:0, 3+0+2:1:0:0:0, 1+0+0:0:0:0:0, 3+0+1:1:0:0:0, 1+0+0:0:0:0:0, 1+0+0:0:0:0:0, 2+0+1:0:0:0:0, 2+0+4:0:0:0:0, 1+0+0:0:0:0:0, 3+0+2:0:0:0:0, 1+0+0:0:0:0:0, 2+0+1:0:0:0:0,  , 1+0+1:0:0:0:0, 1+0+0:0:0:0:0, 0+0+0:0:0:0:0, 0+0+0:0:0:0:0, 0+0+0:0:0:0:0, 2+0+1:1:0:0:0, 3+0+2:0:0:0:0, 2+0+1:0:0:0:0, 1+0+0:0:0:0:0, 2+0+1:1:0:0:0, 2+0+4:1:0:0:0, 1+0+0:0:0:0:0, 3+0+2:1:0:0:0, 1+0+0:0:0:0:0, 2+0+1:0:0:0:0, 0+0+0:0:0:0:0, 2+0+2:0:0:0:0,  , 3+0+2:0:0:0:0, 2+0+2:1:0:0:0, 4+0+2:0:0:0:0, 3+0+4:0:0:0:0, 2+0+3:1:0:0:0, 1+0+2:0:0:0:1, 6+0+6:0:0:0:0, 0+0+0:0:0:0:0, 2+0+1:0:0:0:0, 2+0+3:2:0:0:1, 5+0+2:0:0:0:0, 3+0+2:0:0:0:0, 1+0+1:0:0:0:0,  , 1+0+0:0:0:0:0, 2+0+1:0:0:0:0, 2+0+2:2:0:0:0, 1+0+1:1:0:0:0, 2+0+1:0:0:0:0, 0+0+0:0:0:0:0, 2+0+1:0:0:0:0, 2+0+1:0:0:0:0, 2+0+1:0:0:0:0, 1+0+1:0:0:0:0, 2+0+1:0:0:0:0, 0+0+0:0:0:0:0, 3+0+1:0:0:0:0, 4+0+1:0:0:0:0, 1+0+0:0:0:0:0, 1+0+0:0:0:0:0, 1+0+1:0:0:0:0, 110+0+74:15:0:0:2
D minor mel (1b),  ,  ,  ,  ,  ,  ,  ,  ,  ,  ,  ,  ,  ,  ,  ,  ,  ,  ,  ,  ,  ,  ,  ,  ,  ,  ,  ,  ,  ,  ,  ,  ,  ,  ,  ,  ,  ,  ,  ,  ,  ,  ,  ,  ,  ,  ,  ,  ,  ,  ,  ,  ,  ,  ,  ,  ,  ,  ,  ,  ,  ,  ,  ,  ,  , 0+0+0:0:0:0:0
E minor mel (1#),  ,  ,  ,  ,  ,  ,  ,  ,  ,  ,  ,  ,  ,  ,  ,  ,  ,  ,  ,  ,  ,  ,  ,  ,  ,  ,  ,  ,  ,  ,  ,  ,  ,  ,  ,  ,  ,  ,  ,  ,  ,  ,  ,  ,  ,  ,  ,  ,  ,  ,  ,  ,  ,  ,  ,  ,  ,  ,  ,  ,  ,  ,  ,  ,  , 0+0+0:0:0:0:0
F major blues (1b),  ,  ,  ,  ,  ,  ,  ,  ,  ,  ,  ,  ,  ,  ,  ,  ,  ,  ,  ,  ,  ,  ,  ,  ,  ,  ,  ,  ,  ,  ,  ,  ,  ,  ,  ,  ,  ,  ,  ,  ,  ,  ,  ,  ,  ,  ,  ,  ,  ,  ,  ,  ,  ,  ,  ,  ,  ,  ,  ,  ,  ,  ,  ,  ,  , 0+0+0:0:0:0:0
G major blues (1#),  ,  ,  ,  ,  ,  ,  ,  ,  ,  ,  ,  ,  ,  ,  ,  ,  ,  ,  ,  ,  ,  ,  ,  ,  ,  ,  ,  ,  ,  ,  ,  ,  ,  ,  ,  ,  ,  ,  ,  ,  ,  ,  ,  ,  ,  ,  ,  ,  ,  ,  ,  ,  ,  ,  ,  ,  ,  ,  ,  ,  ,  ,  ,  ,  , 0+0+0:0:0:0:0
D minor blues (1b),  ,  ,  ,  ,  ,  ,  ,  ,  ,  ,  ,  ,  ,  ,  ,  ,  ,  ,  ,  ,  ,  ,  ,  ,  ,  ,  ,  ,  ,  ,  ,  ,  ,  ,  ,  ,  ,  ,  ,  ,  ,  ,  ,  ,  ,  ,  ,  ,  ,  ,  ,  ,  ,  ,  ,  ,  ,  ,  ,  ,  ,  ,  ,  ,  , 0+0+0:0:0:0:0
E minor blues (1#),  ,  ,  ,  ,  ,  ,  ,  ,  ,  ,  ,  ,  ,  ,  ,  ,  ,  ,  ,  ,  ,  ,  ,  ,  ,  ,  ,  ,  ,  ,  ,  ,  ,  ,  ,  ,  ,  ,  ,  ,  ,  ,  ,  ,  ,  ,  ,  ,  ,  ,  ,  ,  ,  ,  ,  ,  ,  ,  ,  ,  ,  ,  ,  ,  , 0+0+0:0:0:0:0
F dorian (1b),  ,  ,  ,  ,  ,  ,  ,  ,  ,  ,  ,  ,  ,  ,  ,  ,  ,  ,  ,  ,  ,  ,  ,  ,  ,  ,  ,  ,  ,  ,  ,  ,  ,  ,  ,  ,  ,  ,  ,  ,  ,  ,  ,  ,  ,  ,  ,  ,  ,  ,  ,  ,  ,  ,  ,  ,  ,  ,  ,  ,  ,  ,  ,  ,  , 0+0+0:0:0:0:0
G dorian (1#),  ,  ,  ,  ,  ,  ,  ,  ,  ,  ,  ,  ,  ,  ,  ,  ,  ,  ,  ,  ,  ,  ,  ,  ,  ,  ,  ,  ,  ,  ,  ,  ,  ,  ,  ,  ,  ,  ,  ,  ,  ,  ,  ,  ,  ,  ,  ,  ,  ,  ,  ,  ,  ,  ,  ,  ,  ,  ,  ,  ,  ,  ,  ,  ,  , 0+0+0:0:0:0:0
F phrygian (1b),  ,  ,  ,  ,  ,  ,  ,  ,  ,  ,  ,  ,  ,  ,  ,  ,  ,  ,  ,  ,  ,  ,  ,  ,  ,  ,  ,  ,  ,  ,  ,  ,  ,  ,  ,  ,  ,  ,  ,  ,  ,  ,  ,  ,  ,  ,  ,  ,  ,  ,  ,  ,  ,  ,  ,  ,  ,  ,  ,  ,  ,  ,  ,  ,  , 0+0+0:0:0:0:0
G phrygian (1#),  ,  ,  ,  ,  ,  ,  ,  ,  ,  ,  ,  ,  ,  ,  ,  ,  ,  ,  ,  ,  ,  ,  ,  ,  ,  ,  ,  ,  ,  ,  ,  ,  ,  ,  ,  ,  ,  ,  ,  ,  ,  ,  ,  ,  ,  ,  ,  ,  ,  ,  ,  ,  ,  ,  ,  ,  ,  ,  ,  ,  ,  ,  ,  ,  , 0+0+0:0:0:0:0
F lydian (1b),  ,  ,  ,  ,  ,  ,  ,  ,  ,  ,  ,  ,  ,  ,  ,  ,  ,  ,  ,  ,  ,  ,  ,  ,  ,  ,  ,  ,  ,  ,  ,  ,  ,  ,  ,  ,  ,  ,  ,  ,  ,  ,  ,  ,  ,  ,  ,  ,  ,  ,  ,  ,  ,  ,  ,  ,  ,  ,  ,  ,  ,  ,  ,  ,  , 0+0+0:0:0:0:0
G lydian (1#),  ,  ,  ,  ,  ,  ,  ,  ,  ,  ,  ,  ,  ,  ,  ,  ,  ,  ,  ,  ,  ,  ,  ,  ,  ,  ,  ,  ,  ,  ,  ,  ,  ,  ,  ,  ,  ,  ,  ,  ,  ,  ,  ,  ,  ,  ,  ,  ,  ,  ,  ,  ,  ,  ,  ,  ,  ,  ,  ,  ,  ,  ,  ,  ,  , 0+0+0:0:0:0:0
F mixolydian (1b),  ,  ,  ,  ,  ,  ,  ,  ,  ,  ,  ,  ,  ,  ,  ,  ,  ,  ,  ,  ,  ,  ,  ,  ,  ,  ,  ,  ,  ,  ,  ,  ,  ,  ,  ,  ,  ,  ,  ,  ,  ,  ,  ,  ,  ,  ,  ,  ,  ,  ,  ,  ,  ,  ,  ,  ,  ,  ,  ,  ,  ,  ,  ,  ,  , 0+0+0:0:0:0:0
G mixolydian (1#),  ,  ,  ,  ,  ,  ,  ,  ,  ,  ,  ,  ,  ,  ,  ,  ,  ,  ,  ,  ,  ,  ,  ,  ,  ,  ,  ,  ,  ,  ,  ,  ,  ,  ,  ,  ,  ,  ,  ,  ,  ,  ,  ,  ,  ,  ,  ,  ,  ,  ,  ,  ,  ,  ,  ,  ,  ,  ,  ,  ,  ,  ,  ,  ,  , 0+0+0:0:0:0:0
F aeolian (1b),  ,  ,  ,  ,  ,  ,  ,  ,  ,  ,  ,  ,  ,  ,  ,  ,  ,  ,  ,  ,  ,  ,  ,  ,  ,  ,  ,  ,  ,  ,  ,  ,  ,  ,  ,  ,  ,  ,  ,  ,  ,  ,  ,  ,  ,  ,  ,  ,  ,  ,  ,  ,  ,  ,  ,  ,  ,  ,  ,  ,  ,  ,  ,  ,  , 0+0+0:0:0:0:0
G aeolian (1#),  ,  ,  ,  ,  ,  ,  ,  ,  ,  ,  ,  ,  ,  ,  ,  ,  ,  ,  ,  ,  ,  ,  ,  ,  ,  ,  ,  ,  ,  ,  ,  ,  ,  ,  ,  ,  ,  ,  ,  ,  ,  ,  ,  ,  ,  ,  ,  ,  ,  ,  ,  ,  ,  ,  ,  ,  ,  ,  ,  ,  ,  ,  ,  ,  , 0+0+0:0:0:0:0
F locrian (1b),  ,  ,  ,  ,  ,  ,  ,  ,  ,  ,  ,  ,  ,  ,  ,  ,  ,  ,  ,  ,  ,  ,  ,  ,  ,  ,  ,  ,  ,  ,  ,  ,  ,  ,  ,  ,  ,  ,  ,  ,  ,  ,  ,  ,  ,  ,  ,  ,  ,  ,  ,  ,  ,  ,  ,  ,  ,  ,  ,  ,  ,  ,  ,  ,  , 0+0+0:0:0:0:0
G locrian (1#),  ,  ,  ,  ,  ,  ,  ,  ,  ,  ,  ,  ,  ,  ,  ,  ,  ,  ,  ,  ,  ,  ,  ,  ,  ,  ,  ,  ,  ,  ,  ,  ,  ,  ,  ,  ,  ,  ,  ,  ,  ,  ,  ,  ,  ,  ,  ,  ,  ,  ,  ,  ,  ,  ,  ,  ,  ,  ,  ,  ,  ,  ,  ,  ,  , 0+0+0:0:0:0:0
Bb major (2b), 1+0+0:0:0:0:0, 1+0+0:0:0:0:0, 2+0+3:0:0:0:1, 1+0+0:0:0:0:0, 1+0+1:0:0:0:0, 0+0+0:0:0:0:0, 2+0+2:0:0:0:0, 1+0+0:0:0:0:0, 1+0+0:0:0:0:0, 1+0+0:0:0:0:0, 2+0+3:0:0:0:1, 1+0+0:0:0:0:0, 1+0+1:0:0:0:0, 0+0+0:0:0:0:0, 1+0+0:0:0:0:0,  , 3+0+1:0:0:0:0, 3+0+0:0:0:0:0, 3+0+2:0:0:0:0, 3+0+0:0:0:0:0, 0+0+0:0:0:0:0, 4+0+1:0:0:0:0, 2+0+2:0:0:0:0, 2+0+1:0:0:0:0, 1+0+0:0:0:0:0, 1+0+0:0:0:0:0, 2+0+3:0:0:0:1, 1+0+0:0:0:0:0, 1+0+1:0:0:0:0, 0+0+0:0:0:0:0, 1+0+0:0:0:0:0, 1+0+0:0:0:0:0, 0+0+0:0:0:0:0,  , 3+0+2:1:0:0:1, 0+0+0:0:0:0:0, 2+0+2:0:0:0:1, 1+0+0:0:0:0:0, 1+0+3:0:0:0:0, 1+0+1:0:0:0:0, 3+0+2:0:0:0:1, 0+0+0:0:0:0:0, 3+0+1:0:0:0:0, 1+0+1:0:0:0:0, 2+0+2:0:0:0:1, 1+0+0:0:0:0:0, 0+0+0:0:0:0:0,  , 3+0+1:0:0:0:0, 5+0+2:0:0:0:0, 1+0+0:0:0:0:0, 3+0+1:0:0:0:0, 4+0+1:0:0:0:0, 0+0+0:0:0:0:0, 1+0+1:0:0:0:0, 1+0+0:0:0:0:0, 1+0+0:0:0:0:0, 1+0+0:0:0:0:0, 0+0+0:0:0:0:0, 0+0+0:0:0:0:0, 0+0+0:0:0:0:0, 1+0+1:0:0:0:0, 1+0+0:0:0:0:0, 1+0+0:0:0:0:0, 0+0+0:0:0:0:0, 85+0+42:1:0:0:7
D major (2#), 2+0+0:0:0:0:0, 2+0+0:0:0:0:0, 3+0+4:0:0:0:0, 2+0+0:0:0:0:0, 4+0+2:0:0:0:0, 1+0+0:0:0:0:0, 4+0+3:0:0:0:0, 1+0+0:0:0:0:0, 1+0+0:0:0:0:0, 2+0+0:0:0:0:0, 3+0+4:0:0:0:0, 2+0+0:0:0:0:0, 4+0+2:0:0:0:0, 1+0+0:0:0:0:0, 3+0+0:0:0:0:0,  , 1+0+1:1:0:0:0, 0+0+0:0:0:0:0, 1+0+0:0:0:0:0, 1+0+0:0:0:0:0, 0+0+0:0:0:0:0, 3+0+1:0:0:0:0, 3+0+2:0:0:0:0, 2+0+1:0:0:0:0, 1+0+0:0:0:0:0, 2+0+0:0:0:0:0, 3+0+4:0:0:0:0, 2+0+0:0:0:0:0, 4+0+2:0:0:0:0, 1+0+0:0:0:0:0, 3+0+0:0:0:0:0, 0+0+0:0:0:0:0, 3+0+0:0:0:0:0,  , 4+0+2:0:0:0:1, 4+0+0:0:0:0:0, 5+0+3:0:0:0:0, 3+0+4:0:0:0:0, 2+0+3:0:0:0:0, 2+0+1:0:0:0:0, 7+0+4:0:0:0:2, 1+0+2:0:0:0:0, 3+0+1:0:0:0:0, 2+0+2:0:0:0:0, 6+0+3:0:0:0:0, 3+0+2:0:0:0:0, 1+0+0:0:0:0:0,  , 0+0+0:0:0:0:0, 1+0+1:0:0:0:0, 3+0+2:2:0:0:0, 2+0+1:1:0:0:0, 4+0+1:0:0:0:0, 0+0+0:0:0:0:0, 3+0+1:0:0:0:0, 3+0+0:0:0:0:0, 3+0+0:0:0:0:0, 1+0+0:0:0:0:0, 3+0+0:0:0:0:0, 1+0+0:0:0:0:0, 4+0+1:0:0:0:0, 4+0+1:0:0:0:0, 2+0+0:0:0:0:0, 2+0+0:0:0:0:0, 2+0+0:0:0:0:0, 146+0+61:4:0:0:3
G minor (2b), 1+0+0:0:0:0:0, 1+0+0:0:0:0:0, 2+0+3:0:0:0:1, 1+0+0:0:0:0:0, 1+0+1:0:0:0:0, 0+0+0:0:0:0:0, 2+0+2:0:0:0:0, 1+0+0:0:0:0:0, 1+0+0:0:0:0:0, 1+0+0:0:0:0:0, 2+0+3:0:0:0:1, 1+0+0:0:0:0:0, 1+0+1:0:0:0:0, 0+0+0:0:0:0:0, 1+0+0:0:0:0:0,  , 3+0+1:1:0:0:0, 3+0+0:0:0:0:0, 3+0+0:0:0:0:0, 3+0+0:0:0:0:0, 0+0+0:0:0:0:0, 4+0+1:0:0:0:0, 2+0+2:0:0:0:0, 2+0+0:0:0:0:0, 1+0+0:0:0:0:0, 1+0+0:0:0:0:0, 2+0+3:0:0:0:1, 1+0+0:0:0:0:0, 1+0+1:0:0:0:0, 0+0+0:0:0:0:0, 1+0+0:0:0:0:0, 1+0+0:0:0:0:0, 0+0+0:0:0:0:0,  , 3+0+2:1:0:0:1, 0+0+0:0:0:0:0, 2+0+2:0:0:0:1, 1+0+0:0:0:0:0, 1+0+3:0:0:0:0, 1+0+1:0:0:0:0, 3+0+2:0:0:0:1, 0+0+0:0:0:0:0, 3+0+1:0:0:0:0, 1+0+1:0:0:0:0, 2+0+2:0:0:0:1, 1+0+0:0:0:0:0, 0+0+0:0:0:0:0,  , 3+0+1:0:0:0:0, 5+0+1:0:0:0:0, 1+0+0:0:0:0:0, 3+0+1:1:0:0:0, 4+0+1:0:0:0:0, 0+0+0:0:0:0:0, 1+0+1:0:0:0:0, 1+0+0:0:0:0:0, 1+0+1:0:0:0:0, 1+0+0:0:0:0:0, 0+0+0:0:0:0:0, 0+0+0:0:0:0:0, 0+0+0:0:0:0:0, 1+0+1:0:0:0:0, 1+0+0:0:0:0:0, 1+0+0:0:0:0:0, 0+0+0:0:0:0:0, 85+0+39:3:0:0:7
B minor (2#), 2+0+2:0:0:0:0, 2+0+0:0:0:0:0, 3+0+4:0:0:0:0, 2+0+1:0:0:0:0, 4+0+2:0:0:0:0, 1+0+0:0:0:0:0, 4+0+3:0:0:0:0, 1+0+0:0:0:0:0, 1+0+0:0:0:0:0, 2+0+0:0:0:0:0, 3+0+4:0:0:0:0, 2+0+1:0:0:0:0, 4+0+2:0:0:0:0, 1+0+0:0:0:0:0, 3+0+1:0:0:0:0,  , 1+0+1:1:0:0:1, 0+0+0:0:0:0:0, 1+0+0:0:0:0:0, 1+0+0:0:0:0:0, 0+0+0:0:0:0:0, 3+0+3:1:0:0:0, 3+0+2:0:0:0:0, 2+0+1:0:0:0:0, 1+0+0:0:0:0:0, 2+0+0:0:0:0:0, 3+0+4:0:0:0:0, 2+0+1:0:0:0:0, 4+0+2:0:0:0:0, 1+0+0:0:0:0:0, 3+0+1:0:0:0:0, 0+0+0:0:0:0:0, 3+0+2:0:0:0:0,  , 4+0+2:0:0:0:0, 4+0+3:0:0:0:0, 5+0+3:0:0:0:1, 3+0+4:0:0:0:0, 2+0+3:0:0:0:0, 1+0+2:0:0:0:1, 7+0+6:0:0:0:0, 1+0+0:0:0:0:0, 3+0+1:0:0:0:0, 2+0+2:0:0:0:0, 6+0+3:0:0:0:0, 3+0+2:0:0:0:0, 1+0+0:0:0:0:0,  , 0+0+0:0:0:0:0, 1+0+1:0:0:0:0, 3+0+2:2:0:0:0, 2+0+1:1:0:0:0, 4+0+1:0:0:0:0, 0+0+0:0:0:0:0, 3+0+1:0:0:0:0, 3+0+1:0:0:0:0, 3+0+3:0:0:0:0, 1+0+0:0:0:0:0, 3+0+1:0:0:0:0, 1+0+1:0:0:0:0, 4+0+1:0:0:0:0, 4+0+1:0:0:0:0, 2+0+0:0:0:0:0, 2+0+1:0:0:0:0, 2+0+0:0:0:0:0, 145+0+83:5:0:0:3
G minor mel (2b),  ,  ,  ,  ,  ,  ,  ,  ,  ,  ,  ,  ,  ,  ,  ,  ,  ,  ,  ,  ,  ,  ,  ,  ,  ,  ,  ,  ,  ,  ,  ,  ,  ,  ,  ,  ,  ,  ,  ,  ,  ,  ,  ,  ,  ,  ,  ,  ,  ,  ,  ,  ,  ,  ,  ,  ,  ,  ,  ,  ,  ,  ,  ,  ,  , 0+0+0:0:0:0:0
B minor mel (2#),  ,  ,  ,  ,  ,  ,  ,  ,  ,  ,  ,  ,  ,  ,  ,  ,  ,  ,  ,  ,  ,  ,  ,  ,  ,  ,  ,  ,  ,  ,  ,  ,  ,  ,  ,  ,  ,  ,  ,  ,  ,  ,  ,  ,  ,  ,  ,  ,  ,  ,  ,  ,  ,  ,  ,  ,  ,  ,  ,  ,  ,  ,  ,  ,  , 0+0+0:0:0:0:0
Bb major blues (2b),  ,  ,  ,  ,  ,  ,  ,  ,  ,  ,  ,  ,  ,  ,  ,  ,  ,  ,  ,  ,  ,  ,  ,  ,  ,  ,  ,  ,  ,  ,  ,  ,  ,  ,  ,  ,  ,  ,  ,  ,  ,  ,  ,  ,  ,  ,  ,  ,  ,  ,  ,  ,  ,  ,  ,  ,  ,  ,  ,  ,  ,  ,  ,  ,  , 0+0+0:0:0:0:0
D major blues (2#),  ,  ,  ,  ,  ,  ,  ,  ,  ,  ,  ,  ,  ,  ,  ,  ,  ,  ,  ,  ,  ,  ,  ,  ,  ,  ,  ,  ,  ,  ,  ,  ,  ,  ,  ,  ,  ,  ,  ,  ,  ,  ,  ,  ,  ,  ,  ,  ,  ,  ,  ,  ,  ,  ,  ,  ,  ,  ,  ,  ,  ,  ,  ,  ,  , 0+0+0:0:0:0:0
G minor blues (2b),  ,  ,  ,  ,  ,  ,  ,  ,  ,  ,  ,  ,  ,  ,  ,  ,  ,  ,  ,  ,  ,  ,  ,  ,  ,  ,  ,  ,  ,  ,  ,  ,  ,  ,  ,  ,  ,  ,  ,  ,  ,  ,  ,  ,  ,  ,  ,  ,  ,  ,  ,  ,  ,  ,  ,  ,  ,  ,  ,  ,  ,  ,  ,  ,  , 0+0+0:0:0:0:0
B minor blues (2#),  ,  ,  ,  ,  ,  ,  ,  ,  ,  ,  ,  ,  ,  ,  ,  ,  ,  ,  ,  ,  ,  ,  ,  ,  ,  ,  ,  ,  ,  ,  ,  ,  ,  ,  ,  ,  ,  ,  ,  ,  ,  ,  ,  ,  ,  ,  ,  ,  ,  ,  ,  ,  ,  ,  ,  ,  ,  ,  ,  ,  ,  ,  ,  ,  , 0+0+0:0:0:0:0
Bb dorian (2b),  ,  ,  ,  ,  ,  ,  ,  ,  ,  ,  ,  ,  ,  ,  ,  ,  ,  ,  ,  ,  ,  ,  ,  ,  ,  ,  ,  ,  ,  ,  ,  ,  ,  ,  ,  ,  ,  ,  ,  ,  ,  ,  ,  ,  ,  ,  ,  ,  ,  ,  ,  ,  ,  ,  ,  ,  ,  ,  ,  ,  ,  ,  ,  ,  , 0+0+0:0:0:0:0
D dorian (2#),  ,  ,  ,  ,  ,  ,  ,  ,  ,  ,  ,  ,  ,  ,  ,  ,  ,  ,  ,  ,  ,  ,  ,  ,  ,  ,  ,  ,  ,  ,  ,  ,  ,  ,  ,  ,  ,  ,  ,  ,  ,  ,  ,  ,  ,  ,  ,  ,  ,  ,  ,  ,  ,  ,  ,  ,  ,  ,  ,  ,  ,  ,  ,  ,  , 0+0+0:0:0:0:0
Bb phrygian (2b),  ,  ,  ,  ,  ,  ,  ,  ,  ,  ,  ,  ,  ,  ,  ,  ,  ,  ,  ,  ,  ,  ,  ,  ,  ,  ,  ,  ,  ,  ,  ,  ,  ,  ,  ,  ,  ,  ,  ,  ,  ,  ,  ,  ,  ,  ,  ,  ,  ,  ,  ,  ,  ,  ,  ,  ,  ,  ,  ,  ,  ,  ,  ,  ,  , 0+0+0:0:0:0:0
D phrygian (2#),  ,  ,  ,  ,  ,  ,  ,  ,  ,  ,  ,  ,  ,  ,  ,  ,  ,  ,  ,  ,  ,  ,  ,  ,  ,  ,  ,  ,  ,  ,  ,  ,  ,  ,  ,  ,  ,  ,  ,  ,  ,  ,  ,  ,  ,  ,  ,  ,  ,  ,  ,  ,  ,  ,  ,  ,  ,  ,  ,  ,  ,  ,  ,  ,  , 0+0+0:0:0:0:0
Bb lydian (2b),  ,  ,  ,  ,  ,  ,  ,  ,  ,  ,  ,  ,  ,  ,  ,  ,  ,  ,  ,  ,  ,  ,  ,  ,  ,  ,  ,  ,  ,  ,  ,  ,  ,  ,  ,  ,  ,  ,  ,  ,  ,  ,  ,  ,  ,  ,  ,  ,  ,  ,  ,  ,  ,  ,  ,  ,  ,  ,  ,  ,  ,  ,  ,  ,  , 0+0+0:0:0:0:0
D lydian (2#),  ,  ,  ,  ,  ,  ,  ,  ,  ,  ,  ,  ,  ,  ,  ,  ,  ,  ,  ,  ,  ,  ,  ,  ,  ,  ,  ,  ,  ,  ,  ,  ,  ,  ,  ,  ,  ,  ,  ,  ,  ,  ,  ,  ,  ,  ,  ,  ,  ,  ,  ,  ,  ,  ,  ,  ,  ,  ,  ,  ,  ,  ,  ,  ,  , 0+0+0:0:0:0:0
Bb mixolydian (2b),  ,  ,  ,  ,  ,  ,  ,  ,  ,  ,  ,  ,  ,  ,  ,  ,  ,  ,  ,  ,  ,  ,  ,  ,  ,  ,  ,  ,  ,  ,  ,  ,  ,  ,  ,  ,  ,  ,  ,  ,  ,  ,  ,  ,  ,  ,  ,  ,  ,  ,  ,  ,  ,  ,  ,  ,  ,  ,  ,  ,  ,  ,  ,  ,  , 0+0+0:0:0:0:0
D mixolydian (2#),  ,  ,  ,  ,  ,  ,  ,  ,  ,  ,  ,  ,  ,  ,  ,  ,  ,  ,  ,  ,  ,  ,  ,  ,  ,  ,  ,  ,  ,  ,  ,  ,  ,  ,  ,  ,  ,  ,  ,  ,  ,  ,  ,  ,  ,  ,  ,  ,  ,  ,  ,  ,  ,  ,  ,  ,  ,  ,  ,  ,  ,  ,  ,  ,  , 0+0+0:0:0:0:0
Bb aeolian (2b),  ,  ,  ,  ,  ,  ,  ,  ,  ,  ,  ,  ,  ,  ,  ,  ,  ,  ,  ,  ,  ,  ,  ,  ,  ,  ,  ,  ,  ,  ,  ,  ,  ,  ,  ,  ,  ,  ,  ,  ,  ,  ,  ,  ,  ,  ,  ,  ,  ,  ,  ,  ,  ,  ,  ,  ,  ,  ,  ,  ,  ,  ,  ,  ,  , 0+0+0:0:0:0:0
D aeolian (2#),  ,  ,  ,  ,  ,  ,  ,  ,  ,  ,  ,  ,  ,  ,  ,  ,  ,  ,  ,  ,  ,  ,  ,  ,  ,  ,  ,  ,  ,  ,  ,  ,  ,  ,  ,  ,  ,  ,  ,  ,  ,  ,  ,  ,  ,  ,  ,  ,  ,  ,  ,  ,  ,  ,  ,  ,  ,  ,  ,  ,  ,  ,  ,  ,  , 0+0+0:0:0:0:0
Bb locrian (2b),  ,  ,  ,  ,  ,  ,  ,  ,  ,  ,  ,  ,  ,  ,  ,  ,  ,  ,  ,  ,  ,  ,  ,  ,  ,  ,  ,  ,  ,  ,  ,  ,  ,  ,  ,  ,  ,  ,  ,  ,  ,  ,  ,  ,  ,  ,  ,  ,  ,  ,  ,  ,  ,  ,  ,  ,  ,  ,  ,  ,  ,  ,  ,  ,  , 0+0+0:0:0:0:0
D locrian (2#),  ,  ,  ,  ,  ,  ,  ,  ,  ,  ,  ,  ,  ,  ,  ,  ,  ,  ,  ,  ,  ,  ,  ,  ,  ,  ,  ,  ,  ,  ,  ,  ,  ,  ,  ,  ,  ,  ,  ,  ,  ,  ,  ,  ,  ,  ,  ,  ,  ,  ,  ,  ,  ,  ,  ,  ,  ,  ,  ,  ,  ,  ,  ,  ,  , 0+0+0:0:0:0:0
Eb major (3b), 2+0+0:0:0:0:0, 2+0+0:0:0:0:0, 2+0+3:0:0:0:1, 2+0+0:0:0:0:0, 2+0+1:0:0:0:0, 0+0+0:0:0:0:0, 3+0+2:0:0:0:0, 2+0+0:0:0:0:0, 2+0+0:0:0:0:0, 2+0+0:0:0:0:0, 2+0+3:0:0:0:1, 2+0+0:0:0:0:0, 2+0+1:0:0:0:0, 0+0+0:0:0:0:0, 2+0+0:0:0:0:0,  , 2+0+1:0:0:0:0, 4+0+0:0:0:0:0, 3+0+2:0:0:0:0, 3+0+2:0:0:0:0, 1+0+0:0:0:0:0, 4+0+1:0:0:0:0, 3+0+2:0:0:0:0, 2+0+0:0:0:0:0, 2+0+0:0:0:0:0, 2+0+0:0:0:0:0, 2+0+3:0:0:0:1, 2+0+0:0:0:0:0, 2+0+1:0:0:0:0, 0+0+0:0:0:0:0, 2+0+0:0:0:0:0, 2+0+0:0:0:0:0, 1+0+0:0:0:0:0,  , 4+0+2:1:0:0:1, 1+0+0:0:0:0:0, 2+0+2:0:0:0:1, 0+0+0:0:0:0:0, 0+0+3:0:0:0:0, 1+0+1:0:0:0:0, 2+0+2:0:0:0:1, 1+0+0:0:0:0:0, 4+0+1:0:0:0:0, 2+0+1:0:0:0:0, 2+0+2:0:0:0:1, 0+0+0:0:0:0:0, 1+0+0:0:0:0:0,  , 3+0+1:0:0:0:0, 5+0+2:0:0:0:2, 2+0+1:0:0:0:0, 5+0+1:0:0:0:0, 4+0+2:0:0:0:0, 1+0+0:0:0:0:0, 2+0+1:0:0:0:0, 2+0+0:0:0:0:0, 2+0+0:0:0:0:0, 1+0+0:0:0:0:0, 2+0+0:0:0:0:0, 0+0+0:0:0:0:0, 1+0+0:0:0:0:0, 1+0+1:0:0:0:0, 2+0+0:0:0:0:0, 1+0+0:0:0:0:0, 1+0+0:0:0:0:0, 119+0+45:1:0:0:9
A major (3#), 3+0+0:0:0:0:0, 3+0+1:1:0:0:0, 3+0+4:1:0:0:0, 3+0+0:0:0:0:0, 5+0+2:1:0:0:0, 2+0+0:0:0:0:0, 5+0+3:0:0:0:0, 2+0+0:0:0:0:0, 2+0+0:0:0:0:0, 3+0+1:1:0:0:0, 3+0+4:1:0:0:0, 3+0+0:0:0:0:0, 5+0+2:1:0:0:0, 2+0+0:0:0:0:0, 4+0+1:0:0:0:0,  , 2+0+1:1:0:0:0, 1+0+0:0:0:0:0, 1+0+0:0:0:0:0, 1+0+0:0:0:0:0, 1+0+0:0:0:0:0, 3+0+1:0:0:0:0, 2+0+2:0:0:0:0, 4+0+1:0:0:0:0, 2+0+0:0:0:0:0, 3+0+1:0:0:0:0, 3+0+4:0:0:0:0, 3+0+0:0:0:0:0, 5+0+2:0:0:0:0, 2+0+0:0:0:0:0, 4+0+1:0:0:0:0, 0+0+0:0:0:0:0, 3+0+2:0:0:0:0,  , 4+0+2:0:0:0:0, 5+0+2:0:0:0:0, 6+0+3:0:0:0:0, 4+0+4:0:0:0:0, 3+0+3:0:0:0:0, 1+0+2:0:0:0:1, 6+0+4:0:0:0:2, 1+0+0:0:0:0:0, 3+0+1:0:0:0:0, 3+0+2:0:0:0:0, 7+0+3:0:0:0:0, 4+0+2:1:0:0:0, 1+0+1:0:0:0:0,  , 1+0+0:0:0:0:0, 2+0+1:0:0:0:0, 3+0+2:2:0:0:0, 3+0+1:1:0:0:0, 4+0+1:0:0:0:0, 0+0+0:0:0:0:0, 2+0+1:0:0:0:0, 5+0+1:0:0:0:0, 3+0+1:0:0:0:0, 1+0+0:0:0:0:0, 4+0+0:0:0:0:0, 1+0+1:0:0:0:0, 5+0+1:0:0:0:0, 5+0+1:0:0:0:0, 2+0+0:0:0:0:0, 2+0+0:0:0:0:0, 2+0+1:0:0:0:0, 181+0+74:11:0:0:3
C minor (3b), 2+0+0:0:0:0:0, 2+0+0:0:0:0:0, 2+0+4:0:0:0:0, 2+0+0:0:0:0:0, 2+0+1:0:0:0:0, 0+0+0:0:0:0:0, 3+0+2:0:0:0:0, 2+0+0:0:0:0:0, 2+0+0:0:0:0:0, 2+0+0:0:0:0:0, 2+0+4:0:0:0:0, 2+0+0:0:0:0:0, 2+0+1:0:0:0:0, 0+0+0:0:0:0:0, 2+0+0:0:0:0:0,  , 2+0+1:0:0:0:0, 4+0+0:0:0:0:0, 3+0+0:0:0:0:0, 3+0+0:0:0:0:0, 1+0+0:0:0:0:0, 4+0+1:0:0:0:0, 3+0+2:0:0:0:0, 2+0+0:0:0:0:0, 2+0+0:0:0:0:0, 2+0+0:0:0:0:0, 2+0+4:0:0:0:0, 2+0+0:0:0:0:0, 2+0+1:0:0:0:0, 0+0+0:0:0:0:0, 2+0+0:0:0:0:0, 2+0+0:0:0:0:0, 1+0+0:0:0:0:0,  , 4+0+2:0:0:0:1, 1+0+0:0:0:0:0, 2+0+2:0:0:0:1, 0+0+0:0:0:0:0, 0+0+3:0:0:0:0, 1+0+1:0:0:0:0, 2+0+2:0:0:0:1, 1+0+0:0:0:0:0, 4+0+1:0:0:0:0, 2+0+1:0:0:0:0, 2+0+2:0:0:0:1, 0+0+0:0:0:0:0, 1+0+0:0:0:0:0,  , 3+0+1:0:0:0:0, 6+0+2:0:0:0:0, 2+0+0:0:0:0:0, 5+0+1:1:0:0:0, 4+0+1:0:0:0:0, 1+0+0:0:0:0:0, 2+0+1:0:0:0:0, 2+0+0:0:0:0:0, 2+0+0:0:0:0:0, 1+0+0:0:0:0:0, 2+0+0:0:0:0:0, 0+0+0:0:0:0:0, 1+0+0:0:0:0:0, 1+0+1:0:0:0:0, 2+0+0:0:0:0:0, 1+0+0:0:0:0:0, 1+0+0:0:0:0:0, 120+0+42:1:0:0:4
F# minor (3#), 3+0+2:0:0:0:0, 3+0+1:0:0:0:0, 3+0+4:0:0:0:0, 3+0+0:0:0:0:0, 5+0+1:0:0:0:0, 2+0+0:0:0:0:0, 5+0+3:0:0:0:0, 2+0+0:0:0:0:0, 2+0+0:0:0:0:0, 3+0+1:0:0:0:0, 3+0+4:0:0:0:0, 3+0+0:0:0:0:0, 5+0+2:0:0:0:0, 2+0+0:0:0:0:0, 4+0+1:0:0:0:0,  , 2+0+1:1:0:0:1, 1+0+0:0:0:0:0, 1+0+1:0:0:0:0, 1+0+1:0:0:0:0, 1+0+1:0:0:0:0, 3+0+1:0:0:0:0, 2+0+4:1:0:0:0, 4+0+1:0:0:0:0, 2+0+0:0:0:0:0, 3+0+1:1:0:0:0, 3+0+4:1:0:0:0, 3+0+0:0:0:0:0, 5+0+2:1:0:0:0, 2+0+0:0:0:0:0, 4+0+1:0:0:0:0, 0+0+0:0:0:0:0, 3+0+2:0:0:0:0,  , 4+0+2:0:0:0:0, 5+0+2:0:0:0:0, 6+0+2:0:0:0:1, 4+0+0:0:0:0:0, 3+0+3:0:0:0:0, 1+0+2:0:0:0:1, 6+0+4:0:0:0:2, 1+0+0:0:0:0:0, 3+0+1:0:0:0:0, 3+0+3:0:0:0:0, 7+0+2:0:0:0:1, 4+0+0:0:0:0:0, 1+0+1:0:0:0:0,  , 1+0+0:0:0:0:0, 2+0+1:0:0:0:0, 3+0+2:0:0:0:0, 3+0+0:0:0:0:0, 4+0+1:0:0:0:0, 0+0+0:0:0:0:0, 2+0+3:0:0:0:0, 5+0+1:0:0:0:0, 3+0+1:0:0:0:0, 1+0+1:0:0:0:0, 4+0+1:0:0:0:0, 1+0+0:0:0:0:0, 5+0+3:0:0:0:0, 5+0+1:0:0:0:0, 2+0+0:0:0:0:0, 2+0+0:0:0:0:0, 2+0+1:0:0:0:0, 181+0+77:5:0:0:6
C minor mel (3b),  ,  ,  ,  ,  ,  ,  ,  ,  ,  ,  ,  ,  ,  ,  ,  ,  ,  ,  ,  ,  ,  ,  ,  ,  ,  ,  ,  ,  ,  ,  ,  ,  ,  ,  ,  ,  ,  ,  ,  ,  ,  ,  ,  ,  ,  ,  ,  ,  ,  ,  ,  ,  ,  ,  ,  ,  ,  ,  ,  ,  ,  ,  ,  ,  , 0+0+0:0:0:0:0
F# minor mel (3#),  ,  ,  ,  ,  ,  ,  ,  ,  ,  ,  ,  ,  ,  ,  ,  ,  ,  ,  ,  ,  ,  ,  ,  ,  ,  ,  ,  ,  ,  ,  ,  ,  ,  ,  ,  ,  ,  ,  ,  ,  ,  ,  ,  ,  ,  ,  ,  ,  ,  ,  ,  ,  ,  ,  ,  ,  ,  ,  ,  ,  ,  ,  ,  ,  , 0+0+0:0:0:0:0
Eb major blues (3b),  ,  ,  ,  ,  ,  ,  ,  ,  ,  ,  ,  ,  ,  ,  ,  ,  ,  ,  ,  ,  ,  ,  ,  ,  ,  ,  ,  ,  ,  ,  ,  ,  ,  ,  ,  ,  ,  ,  ,  ,  ,  ,  ,  ,  ,  ,  ,  ,  ,  ,  ,  ,  ,  ,  ,  ,  ,  ,  ,  ,  ,  ,  ,  ,  , 0+0+0:0:0:0:0
A major blues (3#),  ,  ,  ,  ,  ,  ,  ,  ,  ,  ,  ,  ,  ,  ,  ,  ,  ,  ,  ,  ,  ,  ,  ,  ,  ,  ,  ,  ,  ,  ,  ,  ,  ,  ,  ,  ,  ,  ,  ,  ,  ,  ,  ,  ,  ,  ,  ,  ,  ,  ,  ,  ,  ,  ,  ,  ,  ,  ,  ,  ,  ,  ,  ,  ,  , 0+0+0:0:0:0:0
C minor blues (3b),  ,  ,  ,  ,  ,  ,  ,  ,  ,  ,  ,  ,  ,  ,  ,  ,  ,  ,  ,  ,  ,  ,  ,  ,  ,  ,  ,  ,  ,  ,  ,  ,  ,  ,  ,  ,  ,  ,  ,  ,  ,  ,  ,  ,  ,  ,  ,  ,  ,  ,  ,  ,  ,  ,  ,  ,  ,  ,  ,  ,  ,  ,  ,  ,  , 0+0+0:0:0:0:0
F# minor blues (3#),  ,  ,  ,  ,  ,  ,  ,  ,  ,  ,  ,  ,  ,  ,  ,  ,  ,  ,  ,  ,  ,  ,  ,  ,  ,  ,  ,  ,  ,  ,  ,  ,  ,  ,  ,  ,  ,  ,  ,  ,  ,  ,  ,  ,  ,  ,  ,  ,  ,  ,  ,  ,  ,  ,  ,  ,  ,  ,  ,  ,  ,  ,  ,  ,  , 0+0+0:0:0:0:0
Eb dorian (3b),  ,  ,  ,  ,  ,  ,  ,  ,  ,  ,  ,  ,  ,  ,  ,  ,  ,  ,  ,  ,  ,  ,  ,  ,  ,  ,  ,  ,  ,  ,  ,  ,  ,  ,  ,  ,  ,  ,  ,  ,  ,  ,  ,  ,  ,  ,  ,  ,  ,  ,  ,  ,  ,  ,  ,  ,  ,  ,  ,  ,  ,  ,  ,  ,  , 0+0+0:0:0:0:0
A dorian (3#),  ,  ,  ,  ,  ,  ,  ,  ,  ,  ,  ,  ,  ,  ,  ,  ,  ,  ,  ,  ,  ,  ,  ,  ,  ,  ,  ,  ,  ,  ,  ,  ,  ,  ,  ,  ,  ,  ,  ,  ,  ,  ,  ,  ,  ,  ,  ,  ,  ,  ,  ,  ,  ,  ,  ,  ,  ,  ,  ,  ,  ,  ,  ,  ,  , 0+0+0:0:0:0:0
Eb phrygian (3b),  ,  ,  ,  ,  ,  ,  ,  ,  ,  ,  ,  ,  ,  ,  ,  ,  ,  ,  ,  ,  ,  ,  ,  ,  ,  ,  ,  ,  ,  ,  ,  ,  ,  ,  ,  ,  ,  ,  ,  ,  ,  ,  ,  ,  ,  ,  ,  ,  ,  ,  ,  ,  ,  ,  ,  ,  ,  ,  ,  ,  ,  ,  ,  ,  , 0+0+0:0:0:0:0
A phrygian (3#),  ,  ,  ,  ,  ,  ,  ,  ,  ,  ,  ,  ,  ,  ,  ,  ,  ,  ,  ,  ,  ,  ,  ,  ,  ,  ,  ,  ,  ,  ,  ,  ,  ,  ,  ,  ,  ,  ,  ,  ,  ,  ,  ,  ,  ,  ,  ,  ,  ,  ,  ,  ,  ,  ,  ,  ,  ,  ,  ,  ,  ,  ,  ,  ,  , 0+0+0:0:0:0:0
Eb lydian (3b),  ,  ,  ,  ,  ,  ,  ,  ,  ,  ,  ,  ,  ,  ,  ,  ,  ,  ,  ,  ,  ,  ,  ,  ,  ,  ,  ,  ,  ,  ,  ,  ,  ,  ,  ,  ,  ,  ,  ,  ,  ,  ,  ,  ,  ,  ,  ,  ,  ,  ,  ,  ,  ,  ,  ,  ,  ,  ,  ,  ,  ,  ,  ,  ,  , 0+0+0:0:0:0:0
A lydian (3#),  ,  ,  ,  ,  ,  ,  ,  ,  ,  ,  ,  ,  ,  ,  ,  ,  ,  ,  ,  ,  ,  ,  ,  ,  ,  ,  ,  ,  ,  ,  ,  ,  ,  ,  ,  ,  ,  ,  ,  ,  ,  ,  ,  ,  ,  ,  ,  ,  ,  ,  ,  ,  ,  ,  ,  ,  ,  ,  ,  ,  ,  ,  ,  ,  , 0+0+0:0:0:0:0
Eb mixolydian (3b),  ,  ,  ,  ,  ,  ,  ,  ,  ,  ,  ,  ,  ,  ,  ,  ,  ,  ,  ,  ,  ,  ,  ,  ,  ,  ,  ,  ,  ,  ,  ,  ,  ,  ,  ,  ,  ,  ,  ,  ,  ,  ,  ,  ,  ,  ,  ,  ,  ,  ,  ,  ,  ,  ,  ,  ,  ,  ,  ,  ,  ,  ,  ,  ,  , 0+0+0:0:0:0:0
A mixolydian (3#),  ,  ,  ,  ,  ,  ,  ,  ,  ,  ,  ,  ,  ,  ,  ,  ,  ,  ,  ,  ,  ,  ,  ,  ,  ,  ,  ,  ,  ,  ,  ,  ,  ,  ,  ,  ,  ,  ,  ,  ,  ,  ,  ,  ,  ,  ,  ,  ,  ,  ,  ,  ,  ,  ,  ,  ,  ,  ,  ,  ,  ,  ,  ,  ,  , 0+0+0:0:0:0:0
Eb aeolian (3b),  ,  ,  ,  ,  ,  ,  ,  ,  ,  ,  ,  ,  ,  ,  ,  ,  ,  ,  ,  ,  ,  ,  ,  ,  ,  ,  ,  ,  ,  ,  ,  ,  ,  ,  ,  ,  ,  ,  ,  ,  ,  ,  ,  ,  ,  ,  ,  ,  ,  ,  ,  ,  ,  ,  ,  ,  ,  ,  ,  ,  ,  ,  ,  ,  , 0+0+0:0:0:0:0
A aeolian (3#),  ,  ,  ,  ,  ,  ,  ,  ,  ,  ,  ,  ,  ,  ,  ,  ,  ,  ,  ,  ,  ,  ,  ,  ,  ,  ,  ,  ,  ,  ,  ,  ,  ,  ,  ,  ,  ,  ,  ,  ,  ,  ,  ,  ,  ,  ,  ,  ,  ,  ,  ,  ,  ,  ,  ,  ,  ,  ,  ,  ,  ,  ,  ,  ,  , 0+0+0:0:0:0:0
Eb locrian (3b),  ,  ,  ,  ,  ,  ,  ,  ,  ,  ,  ,  ,  ,  ,  ,  ,  ,  ,  ,  ,  ,  ,  ,  ,  ,  ,  ,  ,  ,  ,  ,  ,  ,  ,  ,  ,  ,  ,  ,  ,  ,  ,  ,  ,  ,  ,  ,  ,  ,  ,  ,  ,  ,  ,  ,  ,  ,  ,  ,  ,  ,  ,  ,  ,  , 0+0+0:0:0:0:0
A locrian (3#),  ,  ,  ,  ,  ,  ,  ,  ,  ,  ,  ,  ,  ,  ,  ,  ,  ,  ,  ,  ,  ,  ,  ,  ,  ,  ,  ,  ,  ,  ,  ,  ,  ,  ,  ,  ,  ,  ,  ,  ,  ,  ,  ,  ,  ,  ,  ,  ,  ,  ,  ,  ,  ,  ,  ,  ,  ,  ,  ,  ,  ,  ,  ,  ,  , 0+0+0:0:0:0:0
Ab major (4b), 2+0+0:0:0:0:0, 3+0+0:0:0:0:0, 1+0+3:0:0:0:1, 3+0+0:0:0:0:0, 1+0+1:0:0:0:1, 0+0+0:0:0:0:0, 2+0+2:0:0:0:0, 3+0+0:0:0:0:0, 2+0+0:0:0:0:0, 3+0+0:0:0:0:0, 1+0+3:0:0:0:1, 3+0+0:0:0:0:0, 1+0+1:0:0:0:1, 0+0+0:0:0:0:0, 2+0+1:0:0:0:0,  , 3+0+1:0:0:0:0, 4+0+0:0:0:0:0, 3+0+2:0:0:0:0, 3+0+2:0:0:0:0, 1+0+0:0:0:0:0, 5+0+2:0:0:0:0, 4+0+2:0:0:0:0, 1+0+0:0:0:0:0, 2+0+0:0:0:0:0, 3+0+0:0:0:0:0, 1+0+3:0:0:0:1, 3+0+0:0:0:0:0, 1+0+1:0:0:0:1, 0+0+0:0:0:0:0, 2+0+0:0:0:0:0, 3+0+0:0:0:0:0, 1+0+0:0:0:0:0,  , 5+0+2:1:0:0:1, 2+0+0:0:0:0:0, 3+0+2:0:0:0:1, 0+0+0:0:0:0:0, 0+0+3:0:0:0:0, 1+0+1:0:0:0:0, 2+0+2:0:0:0:1, 1+0+0:0:0:0:0, 4+0+1:0:0:0:0, 3+0+1:0:0:0:0, 3+0+2:0:0:0:1, 0+0+0:0:0:0:0, 1+0+0:0:0:0:0,  , 4+0+3:1:0:0:0, 6+0+1:0:0:0:1, 2+0+1:0:0:0:0, 5+0+2:0:0:0:0, 4+0+2:0:0:0:0, 2+0+0:0:0:0:0, 2+0+1:0:0:0:0, 3+0+0:0:0:0:0, 2+0+1:0:0:0:0, 2+0+0:0:0:0:0, 3+0+0:0:0:0:0, 0+0+0:0:0:0:0, 1+0+0:0:0:0:0, 2+0+1:0:0:0:0, 2+0+0:0:0:0:0, 2+0+0:0:0:0:0, 1+0+0:0:0:0:0, 135+0+50:2:0:0:11
E major (4#), 3+0+2:0:0:0:0, 4+0+3:0:0:0:0, 2+0+4:0:0:0:0, 4+0+0:0:0:0:0, 4+0+2:0:0:0:0, 2+0+0:0:0:0:0, 5+0+1:1:0:0:0, 3+0+0:0:0:0:0, 2+0+2:0:0:0:0, 4+0+1:1:0:0:0, 2+0+4:0:0:0:0, 4+0+0:0:0:0:0, 4+0+2:0:0:0:0, 2+0+0:0:0:0:0, 4+0+1:0:0:0:0,  , 3+0+1:0:0:0:0, 1+0+0:0:0:0:0, 1+0+0:0:0:0:0, 1+0+0:0:0:0:0, 1+0+0:0:0:0:0, 3+0+3:0:0:0:0, 3+0+4:1:0:0:0, 4+0+1:0:0:0:0, 2+0+0:0:0:0:0, 4+0+1:1:0:0:0, 2+0+4:0:0:0:0, 4+0+0:0:0:0:0, 4+0+2:0:0:0:0, 2+0+0:0:0:0:0, 4+0+1:0:0:0:0, 1+0+0:0:0:0:0, 3+0+2:0:0:0:0,  , 5+0+2:0:0:0:0, 6+0+2:0:0:0:0, 7+0+2:0:0:0:1, 4+0+0:0:0:0:0, 3+0+3:0:0:0:0, 1+0+2:0:0:0:1, 5+0+6:0:0:0:0, 1+0+0:0:0:0:0, 2+0+1:0:0:0:0, 4+0+3:1:0:0:0, 8+0+3:0:0:0:0, 4+0+2:1:0:0:0, 1+0+1:0:0:0:0,  , 2+0+1:0:0:0:0, 3+0+1:0:0:0:0, 2+0+2:1:0:0:0, 2+0+1:0:0:0:0, 5+0+1:1:0:0:1, 1+0+0:0:0:0:0, 2+0+1:0:0:0:0, 6+0+1:0:0:0:0, 3+0+1:0:0:0:0, 2+0+1:1:0:0:0, 5+0+1:0:0:0:0, 1+0+0:0:0:0:0, 5+0+1:0:0:0:0, 6+0+1:0:0:0:0, 2+0+2:0:0:0:0, 3+0+0:0:0:0:0, 2+0+1:0:0:0:0, 195+0+84:9:0:0:3
F minor (4b), 2+0+0:0:0:0:0, 3+0+0:0:0:0:0, 1+0+4:0:0:0:0, 3+0+0:0:0:0:0, 1+0+1:0:0:0:0, 0+0+0:0:0:0:0, 2+0+2:0:0:0:0, 3+0+0:0:0:0:0, 2+0+0:0:0:0:0, 3+0+0:0:0:0:0, 1+0+4:0:0:0:0, 3+0+0:0:0:0:0, 1+0+1:0:0:0:0, 0+0+0:0:0:0:0, 2+0+0:0:0:0:0,  , 3+0+2:0:0:0:0, 4+0+0:0:0:0:0, 3+0+1:0:0:0:0, 3+0+1:0:0:0:0, 1+0+0:0:0:0:0, 5+0+1:0:0:0:0, 4+0+2:0:0:0:0, 1+0+0:0:0:0:0, 2+0+0:0:0:0:0, 3+0+0:0:0:0:0, 1+0+4:0:0:0:0, 3+0+0:0:0:0:0, 1+0+1:0:0:0:0, 0+0+0:0:0:0:0, 2+0+0:0:0:0:0, 3+0+0:0:0:0:0, 1+0+0:0:0:0:0,  , 5+0+2:1:0:0:1, 2+0+0:0:0:0:0, 3+0+3:0:0:0:0, 0+0+0:0:0:0:0, 0+0+3:0:0:0:0, 1+0+1:0:0:0:0, 2+0+2:0:0:0:1, 1+0+0:0:0:0:0, 4+0+1:0:0:0:0, 3+0+1:0:0:0:0, 3+0+3:0:0:0:0, 0+0+0:0:0:0:0, 1+0+0:0:0:0:0,  , 4+0+0:0:0:0:0, 6+0+1:0:0:0:1, 2+0+2:0:0:0:0, 5+0+2:0:0:0:0, 4+0+1:0:0:0:0, 2+0+0:0:0:0:0, 2+0+1:0:0:0:0, 3+0+0:0:0:0:0, 2+0+0:0:0:0:0, 2+0+0:0:0:0:0, 3+0+0:0:0:0:0, 0+0+0:0:0:0:0, 1+0+0:0:0:0:0, 2+0+1:0:0:0:0, 2+0+0:0:0:0:0, 2+0+0:0:0:0:0, 1+0+0:0:0:0:0, 135+0+48:1:0:0:3
C# minor (4#), 3+0+2:0:0:0:0, 4+0+1:0:0:0:0, 3+0+3:0:0:0:0, 4+0+1:0:0:0:0, 5+0+1:0:0:0:0, 2+0+0:0:0:0:0, 5+0+2:0:0:0:0, 3+0+1:0:0:0:0, 2+0+1:0:0:0:0, 4+0+1:0:0:0:0, 3+0+3:0:0:0:0, 4+0+1:0:0:0:0, 5+0+1:0:0:0:0, 2+0+0:0:0:0:0, 4+0+1:0:0:0:0,  , 3+0+1:1:0:0:0, 1+0+1:0:0:0:0, 1+0+0:0:0:0:0, 1+0+0:0:0:0:0, 1+0+0:0:0:0:0, 3+0+3:0:0:0:0, 3+0+2:0:0:0:0, 5+0+1:0:0:0:0, 2+0+1:0:0:0:0, 4+0+1:0:0:0:0, 3+0+3:0:0:0:0, 4+0+1:0:0:0:0, 5+0+1:0:0:0:0, 2+0+0:0:0:0:0, 4+0+1:0:0:0:0, 1+0+1:0:0:0:0, 3+0+1:0:0:0:0,  , 5+0+5:1:0:0:1, 6+0+0:0:0:0:0, 7+0+2:0:0:0:1, 4+0+0:0:0:0:0, 3+0+3:0:0:0:0, 1+0+2:0:0:0:1, 5+0+6:0:0:0:0, 1+0+0:0:0:0:0, 2+0+1:0:0:0:0, 4+0+3:1:0:0:0, 8+0+2:0:0:0:1, 4+0+0:0:0:0:0, 1+0+0:0:0:0:0,  , 2+0+0:0:0:0:0, 3+0+1:0:0:0:0, 2+0+2:0:0:0:0, 2+0+0:0:0:0:0, 5+0+1:1:0:0:1, 1+0+0:0:0:0:0, 2+0+1:0:0:0:0, 6+0+1:0:0:0:0, 3+0+1:0:0:0:0, 2+0+2:0:0:0:0, 5+0+0:0:0:0:0, 1+0+0:0:0:0:0, 5+0+3:0:0:0:0, 7+0+1:0:0:0:0, 2+0+1:0:0:0:0, 3+0+0:0:0:0:0, 2+0+1:0:0:0:0, 203+0+76:4:0:0:5
F minor mel (4b),  ,  ,  ,  ,  ,  ,  ,  ,  ,  ,  ,  ,  ,  ,  ,  ,  ,  ,  ,  ,  ,  ,  ,  ,  ,  ,  ,  ,  ,  ,  ,  ,  ,  ,  ,  ,  ,  ,  ,  ,  ,  ,  ,  ,  ,  ,  ,  ,  ,  ,  ,  ,  ,  ,  ,  ,  ,  ,  ,  ,  ,  ,  ,  ,  , 0+0+0:0:0:0:0
C# minor mel (4#),  ,  ,  ,  ,  ,  ,  ,  ,  ,  ,  ,  ,  ,  ,  ,  ,  ,  ,  ,  ,  ,  ,  ,  ,  ,  ,  ,  ,  ,  ,  ,  ,  ,  ,  ,  ,  ,  ,  ,  ,  ,  ,  ,  ,  ,  ,  ,  ,  ,  ,  ,  ,  ,  ,  ,  ,  ,  ,  ,  ,  ,  ,  ,  ,  , 0+0+0:0:0:0:0
Ab major blues (4b),  ,  ,  ,  ,  ,  ,  ,  ,  ,  ,  ,  ,  ,  ,  ,  ,  ,  ,  ,  ,  ,  ,  ,  ,  ,  ,  ,  ,  ,  ,  ,  ,  ,  ,  ,  ,  ,  ,  ,  ,  ,  ,  ,  ,  ,  ,  ,  ,  ,  ,  ,  ,  ,  ,  ,  ,  ,  ,  ,  ,  ,  ,  ,  ,  , 0+0+0:0:0:0:0
E major blues (4#),  ,  ,  ,  ,  ,  ,  ,  ,  ,  ,  ,  ,  ,  ,  ,  ,  ,  ,  ,  ,  ,  ,  ,  ,  ,  ,  ,  ,  ,  ,  ,  ,  ,  ,  ,  ,  ,  ,  ,  ,  ,  ,  ,  ,  ,  ,  ,  ,  ,  ,  ,  ,  ,  ,  ,  ,  ,  ,  ,  ,  ,  ,  ,  ,  , 0+0+0:0:0:0:0
F minor blues (4b),  ,  ,  ,  ,  ,  ,  ,  ,  ,  ,  ,  ,  ,  ,  ,  ,  ,  ,  ,  ,  ,  ,  ,  ,  ,  ,  ,  ,  ,  ,  ,  ,  ,  ,  ,  ,  ,  ,  ,  ,  ,  ,  ,  ,  ,  ,  ,  ,  ,  ,  ,  ,  ,  ,  ,  ,  ,  ,  ,  ,  ,  ,  ,  ,  , 0+0+0:0:0:0:0
C# minor blues (4#),  ,  ,  ,  ,  ,  ,  ,  ,  ,  ,  ,  ,  ,  ,  ,  ,  ,  ,  ,  ,  ,  ,  ,  ,  ,  ,  ,  ,  ,  ,  ,  ,  ,  ,  ,  ,  ,  ,  ,  ,  ,  ,  ,  ,  ,  ,  ,  ,  ,  ,  ,  ,  ,  ,  ,  ,  ,  ,  ,  ,  ,  ,  ,  ,  , 0+0+0:0:0:0:0
Ab dorian (4b),  ,  ,  ,  ,  ,  ,  ,  ,  ,  ,  ,  ,  ,  ,  ,  ,  ,  ,  ,  ,  ,  ,  ,  ,  ,  ,  ,  ,  ,  ,  ,  ,  ,  ,  ,  ,  ,  ,  ,  ,  ,  ,  ,  ,  ,  ,  ,  ,  ,  ,  ,  ,  ,  ,  ,  ,  ,  ,  ,  ,  ,  ,  ,  ,  , 0+0+0:0:0:0:0
E dorian (4#),  ,  ,  ,  ,  ,  ,  ,  ,  ,  ,  ,  ,  ,  ,  ,  ,  ,  ,  ,  ,  ,  ,  ,  ,  ,  ,  ,  ,  ,  ,  ,  ,  ,  ,  ,  ,  ,  ,  ,  ,  ,  ,  ,  ,  ,  ,  ,  ,  ,  ,  ,  ,  ,  ,  ,  ,  ,  ,  ,  ,  ,  ,  ,  ,  , 0+0+0:0:0:0:0
Ab phrygian (4b),  ,  ,  ,  ,  ,  ,  ,  ,  ,  ,  ,  ,  ,  ,  ,  ,  ,  ,  ,  ,  ,  ,  ,  ,  ,  ,  ,  ,  ,  ,  ,  ,  ,  ,  ,  ,  ,  ,  ,  ,  ,  ,  ,  ,  ,  ,  ,  ,  ,  ,  ,  ,  ,  ,  ,  ,  ,  ,  ,  ,  ,  ,  ,  ,  , 0+0+0:0:0:0:0
E phrygian (4#),  ,  ,  ,  ,  ,  ,  ,  ,  ,  ,  ,  ,  ,  ,  ,  ,  ,  ,  ,  ,  ,  ,  ,  ,  ,  ,  ,  ,  ,  ,  ,  ,  ,  ,  ,  ,  ,  ,  ,  ,  ,  ,  ,  ,  ,  ,  ,  ,  ,  ,  ,  ,  ,  ,  ,  ,  ,  ,  ,  ,  ,  ,  ,  ,  , 0+0+0:0:0:0:0
Ab lydian (4b),  ,  ,  ,  ,  ,  ,  ,  ,  ,  ,  ,  ,  ,  ,  ,  ,  ,  ,  ,  ,  ,  ,  ,  ,  ,  ,  ,  ,  ,  ,  ,  ,  ,  ,  ,  ,  ,  ,  ,  ,  ,  ,  ,  ,  ,  ,  ,  ,  ,  ,  ,  ,  ,  ,  ,  ,  ,  ,  ,  ,  ,  ,  ,  ,  , 0+0+0:0:0:0:0
E lydian (4#),  ,  ,  ,  ,  ,  ,  ,  ,  ,  ,  ,  ,  ,  ,  ,  ,  ,  ,  ,  ,  ,  ,  ,  ,  ,  ,  ,  ,  ,  ,  ,  ,  ,  ,  ,  ,  ,  ,  ,  ,  ,  ,  ,  ,  ,  ,  ,  ,  ,  ,  ,  ,  ,  ,  ,  ,  ,  ,  ,  ,  ,  ,  ,  ,  , 0+0+0:0:0:0:0
Ab mixolydian (4b),  ,  ,  ,  ,  ,  ,  ,  ,  ,  ,  ,  ,  ,  ,  ,  ,  ,  ,  ,  ,  ,  ,  ,  ,  ,  ,  ,  ,  ,  ,  ,  ,  ,  ,  ,  ,  ,  ,  ,  ,  ,  ,  ,  ,  ,  ,  ,  ,  ,  ,  ,  ,  ,  ,  ,  ,  ,  ,  ,  ,  ,  ,  ,  ,  , 0+0+0:0:0:0:0
E mixolydian (4#),  ,  ,  ,  ,  ,  ,  ,  ,  ,  ,  ,  ,  ,  ,  ,  ,  ,  ,  ,  ,  ,  ,  ,  ,  ,  ,  ,  ,  ,  ,  ,  ,  ,  ,  ,  ,  ,  ,  ,  ,  ,  ,  ,  ,  ,  ,  ,  ,  ,  ,  ,  ,  ,  ,  ,  ,  ,  ,  ,  ,  ,  ,  ,  ,  , 0+0+0:0:0:0:0
Ab aeolian (4b),  ,  ,  ,  ,  ,  ,  ,  ,  ,  ,  ,  ,  ,  ,  ,  ,  ,  ,  ,  ,  ,  ,  ,  ,  ,  ,  ,  ,  ,  ,  ,  ,  ,  ,  ,  ,  ,  ,  ,  ,  ,  ,  ,  ,  ,  ,  ,  ,  ,  ,  ,  ,  ,  ,  ,  ,  ,  ,  ,  ,  ,  ,  ,  ,  , 0+0+0:0:0:0:0
E aeolian (4#),  ,  ,  ,  ,  ,  ,  ,  ,  ,  ,  ,  ,  ,  ,  ,  ,  ,  ,  ,  ,  ,  ,  ,  ,  ,  ,  ,  ,  ,  ,  ,  ,  ,  ,  ,  ,  ,  ,  ,  ,  ,  ,  ,  ,  ,  ,  ,  ,  ,  ,  ,  ,  ,  ,  ,  ,  ,  ,  ,  ,  ,  ,  ,  ,  , 0+0+0:0:0:0:0
Ab locrian (4b),  ,  ,  ,  ,  ,  ,  ,  ,  ,  ,  ,  ,  ,  ,  ,  ,  ,  ,  ,  ,  ,  ,  ,  ,  ,  ,  ,  ,  ,  ,  ,  ,  ,  ,  ,  ,  ,  ,  ,  ,  ,  ,  ,  ,  ,  ,  ,  ,  ,  ,  ,  ,  ,  ,  ,  ,  ,  ,  ,  ,  ,  ,  ,  ,  , 0+0+0:0:0:0:0
E locrian (4#),  ,  ,  ,  ,  ,  ,  ,  ,  ,  ,  ,  ,  ,  ,  ,  ,  ,  ,  ,  ,  ,  ,  ,  ,  ,  ,  ,  ,  ,  ,  ,  ,  ,  ,  ,  ,  ,  ,  ,  ,  ,  ,  ,  ,  ,  ,  ,  ,  ,  ,  ,  ,  ,  ,  ,  ,  ,  ,  ,  ,  ,  ,  ,  ,  , 0+0+0:0:0:0:0
Db major (5b), 3+0+1:0:0:0:0, 4+0+1:0:0:0:0, 1+0+3:0:0:0:1, 4+0+1:0:0:0:0, 2+0+3:0:0:0:0, 1+0+0:0:0:0:0, 3+0+2:0:0:0:0, 4+0+1:0:0:0:0, 3+0+1:0:0:0:0, 4+0+1:0:0:0:0, 1+0+3:0:0:0:1, 4+0+1:0:0:0:0, 2+0+0:0:0:0:0, 1+0+0:0:0:0:0, 3+0+1:0:0:0:0,  , 4+0+1:0:0:0:0, 5+0+0:0:0:0:0, 3+0+2:0:0:0:0, 3+0+2:0:0:0:0, 2+0+0:0:0:0:0, 5+0+2:0:0:0:0, 4+0+2:0:0:0:0, 3+0+1:0:0:0:0, 3+0+1:0:0:0:0, 4+0+1:0:0:0:0, 1+0+3:0:0:0:1, 4+0+1:0:0:0:0, 2+0+0:0:0:0:0, 1+0+0:0:0:0:0, 3+0+1:0:0:0:0, 3+0+1:0:0:0:0, 1+0+0:0:0:0:0,  , 5+0+2:1:0:0:1, 3+0+0:0:0:0:0, 4+0+2:0:0:0:1, 1+0+0:0:0:0:0, 1+0+3:0:0:0:0, 1+0+1:0:0:0:1, 2+0+2:0:0:0:1, 1+0+0:0:0:0:0, 4+0+2:0:0:0:0, 4+0+1:0:0:0:0, 4+0+2:0:0:0:1, 1+0+0:0:0:0:0, 1+0+0:0:0:0:0,  , 5+0+2:0:0:0:0, 8+0+3:0:0:0:0, 1+0+1:0:0:0:0, 6+0+1:0:0:0:0, 4+0+2:0:0:0:0, 2+0+0:0:0:0:0, 2+0+1:0:0:0:0, 5+0+1:0:0:0:0, 2+0+1:0:0:0:0, 2+0+0:0:0:0:0, 4+0+1:0:0:0:0, 0+0+0:0:0:0:0, 2+0+0:0:0:0:0, 3+0+1:0:0:0:0, 2+0+1:0:0:0:0, 2+0+0:0:0:0:0, 1+0+0:0:0:0:0, 174+0+67:1:0:0:8
B major (5#), 4+0+2:0:0:0:0, 5+0+0:0:0:0:0, 2+0+4:0:0:0:0, 5+0+1:0:0:0:0, 6+0+1:0:0:0:1, 2+0+0:0:0:0:0, 6+0+3:0:0:0:0, 4+0+2:0:0:0:0, 3+0+1:0:0:0:0, 5+0+2:0:0:0:0, 3+0+2:0:0:0:0, 5+0+1:0:0:0:0, 6+0+1:0:0:0:1, 2+0+0:0:0:0:0, 5+0+1:0:0:0:0,  , 3+0+1:1:0:0:1, 2+0+0:0:0:0:0, 1+0+1:0:0:0:0, 1+0+1:0:0:0:0, 2+0+0:0:0:0:0, 3+0+3:0:0:0:0, 4+0+2:0:0:0:0, 5+0+1:0:0:0:0, 3+0+1:0:0:0:0, 5+0+2:0:0:0:0, 3+0+2:0:0:0:0, 5+0+1:0:0:0:0, 6+0+1:0:0:0:1, 2+0+0:0:0:0:0, 5+0+1:0:0:0:0, 2+0+0:0:0:0:0, 4+0+2:0:0:0:0,  , 6+0+2:0:0:0:0, 7+0+3:0:0:0:0, 5+0+3:0:0:0:0, 4+0+0:0:0:0:0, 3+0+3:0:0:0:0, 0+0+2:0:0:0:0, 3+0+6:0:0:0:0, 2+0+0:0:0:0:0, 3+0+1:0:0:0:0, 5+0+2:0:0:0:0, 6+0+3:0:0:0:0, 4+0+0:0:0:0:0, 2+0+0:0:0:0:0,  , 2+0+0:0:0:0:0, 4+0+1:0:0:0:0, 2+0+2:0:0:0:0, 4+0+0:0:0:0:0, 5+0+1:1:0:0:1, 2+0+0:0:0:0:0, 3+0+3:1:0:0:0, 7+0+1:0:0:0:0, 4+0+1:0:0:0:0, 2+0+0:0:0:0:0, 7+0+2:0:0:0:0, 1+0+0:0:0:0:0, 6+0+3:0:0:0:1, 7+0+1:0:0:0:0, 3+0+1:0:0:0:0, 3+0+0:0:0:0:0, 3+0+1:0:0:0:1, 234+0+82:3:0:0:7
Bb minor (5b), 3+0+0:0:0:0:0, 4+0+0:0:0:0:0, 1+0+3:0:0:0:1, 4+0+0:0:0:0:0, 2+0+1:0:0:0:0, 1+0+0:0:0:0:0, 3+0+2:0:0:0:0, 4+0+0:0:0:0:0, 3+0+0:0:0:0:0, 4+0+0:0:0:0:0, 1+0+3:0:0:0:1, 4+0+0:0:0:0:0, 2+0+1:0:0:0:0, 1+0+0:0:0:0:0, 3+0+0:0:0:0:0,  , 4+0+1:0:0:0:0, 5+0+0:0:0:0:0, 3+0+2:0:0:0:0, 3+0+2:0:0:0:0, 2+0+0:0:0:0:0, 5+0+2:0:0:0:0, 4+0+2:0:0:0:0, 3+0+0:0:0:0:0, 3+0+0:0:0:0:0, 4+0+0:0:0:0:0, 1+0+3:0:0:0:1, 4+0+0:0:0:0:0, 2+0+1:0:0:0:0, 1+0+0:0:0:0:0, 3+0+0:0:0:0:0, 3+0+0:0:0:0:0, 1+0+0:0:0:0:0,  , 5+0+2:1:0:0:1, 3+0+0:0:0:0:0, 4+0+2:0:0:0:1, 1+0+4:0:0:0:0, 1+0+3:0:0:0:0, 1+0+1:0:0:0:0, 2+0+2:0:0:0:1, 1+0+0:0:0:0:0, 4+0+1:0:0:0:0, 4+0+1:0:0:0:0, 4+0+2:0:0:0:1, 1+0+0:0:0:0:0, 1+0+0:0:0:0:0,  , 5+0+1:0:0:0:0, 7+0+2:0:0:0:0, 2+0+0:0:0:0:0, 6+0+1:0:0:0:0, 4+0+2:0:0:0:0, 2+0+0:0:0:0:0, 2+0+1:0:0:0:0, 5+0+0:0:0:0:0, 2+0+0:0:0:0:0, 2+0+0:0:0:0:0, 4+0+0:0:0:0:0, 0+0+0:0:0:0:0, 2+0+0:0:0:0:0, 3+0+1:0:0:0:0, 2+0+0:0:0:0:0, 2+0+0:0:0:0:0, 1+0+0:0:0:0:0, 174+0+49:1:0:0:7
G# minor (5#), 4+0+1:0:0:0:0, 5+0+2:0:0:0:0, 3+0+2:0:0:0:0, 5+0+1:0:0:0:0, 6+0+1:0:0:0:1, 2+0+0:0:0:0:0, 6+0+3:0:0:0:0, 4+0+2:0:0:0:0, 3+0+1:0:0:0:0, 5+0+2:0:0:0:0, 3+0+2:0:0:0:0, 5+0+1:0:0:0:0, 6+0+1:0:0:0:1, 2+0+0:0:0:0:0, 5+0+1:0:0:0:0,  , 3+0+1:1:0:0:1, 2+0+1:0:0:0:0, 1+0+1:0:0:0:0, 1+0+1:0:0:0:0, 2+0+0:0:0:0:0, 3+0+2:0:0:0:0, 5+0+3:0:0:0:0, 5+0+1:0:0:0:0, 3+0+1:0:0:0:0, 5+0+2:0:0:0:0, 3+0+2:0:0:0:0, 5+0+1:0:0:0:0, 6+0+1:0:0:0:1, 2+0+0:0:0:0:0, 5+0+1:0:0:0:0, 2+0+1:0:0:0:0, 4+0+1:0:0:0:1,  , 6+0+2:1:0:0:1, 7+0+2:0:0:0:0, 5+0+3:0:0:0:0, 4+0+0:0:0:0:0, 3+0+3:0:0:0:0, 2+0+1:0:0:0:0, 4+0+4:0:0:0:0, 2+0+1:0:0:0:0, 3+0+2:0:0:0:0, 5+0+3:0:0:0:0, 6+0+3:0:0:0:0, 4+0+0:0:0:0:0, 2+0+0:0:0:0:0,  , 2+0+0:0:0:0:0, 4+0+1:0:0:0:0, 3+0+2:0:0:0:0, 4+0+2:0:0:0:0, 5+0+2:0:0:0:0, 2+0+0:0:0:0:0, 4+0+3:0:0:0:0, 7+0+1:0:0:0:0, 4+0+1:0:0:0:0, 2+0+0:0:0:0:0, 7+0+2:0:0:0:0, 1+0+0:0:0:0:0, 6+0+3:0:0:0:1, 6+0+1:0:0:0:0, 3+0+1:0:0:0:0, 3+0+0:0:0:0:0, 3+0+1:0:0:0:1, 240+0+84:2:0:0:8
Bb minor mel (5b),  ,  ,  ,  ,  ,  ,  ,  ,  ,  ,  ,  ,  ,  ,  ,  ,  ,  ,  ,  ,  ,  ,  ,  ,  ,  ,  ,  ,  ,  ,  ,  ,  ,  ,  ,  ,  ,  ,  ,  ,  ,  ,  ,  ,  ,  ,  ,  ,  ,  ,  ,  ,  ,  ,  ,  ,  ,  ,  ,  ,  ,  ,  ,  ,  , 0+0+0:0:0:0:0
G# minor mel (5#),  ,  ,  ,  ,  ,  ,  ,  ,  ,  ,  ,  ,  ,  ,  ,  ,  ,  ,  ,  ,  ,  ,  ,  ,  ,  ,  ,  ,  ,  ,  ,  ,  ,  ,  ,  ,  ,  ,  ,  ,  ,  ,  ,  ,  ,  ,  ,  ,  ,  ,  ,  ,  ,  ,  ,  ,  ,  ,  ,  ,  ,  ,  ,  ,  , 0+0+0:0:0:0:0
Db major blues (5b),  ,  ,  ,  ,  ,  ,  ,  ,  ,  ,  ,  ,  ,  ,  ,  ,  ,  ,  ,  ,  ,  ,  ,  ,  ,  ,  ,  ,  ,  ,  ,  ,  ,  ,  ,  ,  ,  ,  ,  ,  ,  ,  ,  ,  ,  ,  ,  ,  ,  ,  ,  ,  ,  ,  ,  ,  ,  ,  ,  ,  ,  ,  ,  ,  , 0+0+0:0:0:0:0
B major blues (5#),  ,  ,  ,  ,  ,  ,  ,  ,  ,  ,  ,  ,  ,  ,  ,  ,  ,  ,  ,  ,  ,  ,  ,  ,  ,  ,  ,  ,  ,  ,  ,  ,  ,  ,  ,  ,  ,  ,  ,  ,  ,  ,  ,  ,  ,  ,  ,  ,  ,  ,  ,  ,  ,  ,  ,  ,  ,  ,  ,  ,  ,  ,  ,  ,  , 0+0+0:0:0:0:0
Bb minor blues (5b),  ,  ,  ,  ,  ,  ,  ,  ,  ,  ,  ,  ,  ,  ,  ,  ,  ,  ,  ,  ,  ,  ,  ,  ,  ,  ,  ,  ,  ,  ,  ,  ,  ,  ,  ,  ,  ,  ,  ,  ,  ,  ,  ,  ,  ,  ,  ,  ,  ,  ,  ,  ,  ,  ,  ,  ,  ,  ,  ,  ,  ,  ,  ,  ,  , 0+0+0:0:0:0:0
G# minor blues (5#),  ,  ,  ,  ,  ,  ,  ,  ,  ,  ,  ,  ,  ,  ,  ,  ,  ,  ,  ,  ,  ,  ,  ,  ,  ,  ,  ,  ,  ,  ,  ,  ,  ,  ,  ,  ,  ,  ,  ,  ,  ,  ,  ,  ,  ,  ,  ,  ,  ,  ,  ,  ,  ,  ,  ,  ,  ,  ,  ,  ,  ,  ,  ,  ,  , 0+0+0:0:0:0:0
Db dorian (5b),  ,  ,  ,  ,  ,  ,  ,  ,  ,  ,  ,  ,  ,  ,  ,  ,  ,  ,  ,  ,  ,  ,  ,  ,  ,  ,  ,  ,  ,  ,  ,  ,  ,  ,  ,  ,  ,  ,  ,  ,  ,  ,  ,  ,  ,  ,  ,  ,  ,  ,  ,  ,  ,  ,  ,  ,  ,  ,  ,  ,  ,  ,  ,  ,  , 0+0+0:0:0:0:0
B dorian (5#),  ,  ,  ,  ,  ,  ,  ,  ,  ,  ,  ,  ,  ,  ,  ,  ,  ,  ,  ,  ,  ,  ,  ,  ,  ,  ,  ,  ,  ,  ,  ,  ,  ,  ,  ,  ,  ,  ,  ,  ,  ,  ,  ,  ,  ,  ,  ,  ,  ,  ,  ,  ,  ,  ,  ,  ,  ,  ,  ,  ,  ,  ,  ,  ,  , 0+0+0:0:0:0:0
Db phrygian (5b),  ,  ,  ,  ,  ,  ,  ,  ,  ,  ,  ,  ,  ,  ,  ,  ,  ,  ,  ,  ,  ,  ,  ,  ,  ,  ,  ,  ,  ,  ,  ,  ,  ,  ,  ,  ,  ,  ,  ,  ,  ,  ,  ,  ,  ,  ,  ,  ,  ,  ,  ,  ,  ,  ,  ,  ,  ,  ,  ,  ,  ,  ,  ,  ,  , 0+0+0:0:0:0:0
B phrygian (5#),  ,  ,  ,  ,  ,  ,  ,  ,  ,  ,  ,  ,  ,  ,  ,  ,  ,  ,  ,  ,  ,  ,  ,  ,  ,  ,  ,  ,  ,  ,  ,  ,  ,  ,  ,  ,  ,  ,  ,  ,  ,  ,  ,  ,  ,  ,  ,  ,  ,  ,  ,  ,  ,  ,  ,  ,  ,  ,  ,  ,  ,  ,  ,  ,  , 0+0+0:0:0:0:0
Db lydian (5b),  ,  ,  ,  ,  ,  ,  ,  ,  ,  ,  ,  ,  ,  ,  ,  ,  ,  ,  ,  ,  ,  ,  ,  ,  ,  ,  ,  ,  ,  ,  ,  ,  ,  ,  ,  ,  ,  ,  ,  ,  ,  ,  ,  ,  ,  ,  ,  ,  ,  ,  ,  ,  ,  ,  ,  ,  ,  ,  ,  ,  ,  ,  ,  ,  , 0+0+0:0:0:0:0
B lydian (5#),  ,  ,  ,  ,  ,  ,  ,  ,  ,  ,  ,  ,  ,  ,  ,  ,  ,  ,  ,  ,  ,  ,  ,  ,  ,  ,  ,  ,  ,  ,  ,  ,  ,  ,  ,  ,  ,  ,  ,  ,  ,  ,  ,  ,  ,  ,  ,  ,  ,  ,  ,  ,  ,  ,  ,  ,  ,  ,  ,  ,  ,  ,  ,  ,  , 0+0+0:0:0:0:0
Db mixolydian (5b),  ,  ,  ,  ,  ,  ,  ,  ,  ,  ,  ,  ,  ,  ,  ,  ,  ,  ,  ,  ,  ,  ,  ,  ,  ,  ,  ,  ,  ,  ,  ,  ,  ,  ,  ,  ,  ,  ,  ,  ,  ,  ,  ,  ,  ,  ,  ,  ,  ,  ,  ,  ,  ,  ,  ,  ,  ,  ,  ,  ,  ,  ,  ,  ,  , 0+0+0:0:0:0:0
B mixolydian (5#),  ,  ,  ,  ,  ,  ,  ,  ,  ,  ,  ,  ,  ,  ,  ,  ,  ,  ,  ,  ,  ,  ,  ,  ,  ,  ,  ,  ,  ,  ,  ,  ,  ,  ,  ,  ,  ,  ,  ,  ,  ,  ,  ,  ,  ,  ,  ,  ,  ,  ,  ,  ,  ,  ,  ,  ,  ,  ,  ,  ,  ,  ,  ,  ,  , 0+0+0:0:0:0:0
Db aeolian (5b),  ,  ,  ,  ,  ,  ,  ,  ,  ,  ,  ,  ,  ,  ,  ,  ,  ,  ,  ,  ,  ,  ,  ,  ,  ,  ,  ,  ,  ,  ,  ,  ,  ,  ,  ,  ,  ,  ,  ,  ,  ,  ,  ,  ,  ,  ,  ,  ,  ,  ,  ,  ,  ,  ,  ,  ,  ,  ,  ,  ,  ,  ,  ,  ,  , 0+0+0:0:0:0:0
B aeolian (5#),  ,  ,  ,  ,  ,  ,  ,  ,  ,  ,  ,  ,  ,  ,  ,  ,  ,  ,  ,  ,  ,  ,  ,  ,  ,  ,  ,  ,  ,  ,  ,  ,  ,  ,  ,  ,  ,  ,  ,  ,  ,  ,  ,  ,  ,  ,  ,  ,  ,  ,  ,  ,  ,  ,  ,  ,  ,  ,  ,  ,  ,  ,  ,  ,  , 0+0+0:0:0:0:0
Db locrian (5b),  ,  ,  ,  ,  ,  ,  ,  ,  ,  ,  ,  ,  ,  ,  ,  ,  ,  ,  ,  ,  ,  ,  ,  ,  ,  ,  ,  ,  ,  ,  ,  ,  ,  ,  ,  ,  ,  ,  ,  ,  ,  ,  ,  ,  ,  ,  ,  ,  ,  ,  ,  ,  ,  ,  ,  ,  ,  ,  ,  ,  ,  ,  ,  ,  , 0+0+0:0:0:0:0
B locrian (5#),  ,  ,  ,  ,  ,  ,  ,  ,  ,  ,  ,  ,  ,  ,  ,  ,  ,  ,  ,  ,  ,  ,  ,  ,  ,  ,  ,  ,  ,  ,  ,  ,  ,  ,  ,  ,  ,  ,  ,  ,  ,  ,  ,  ,  ,  ,  ,  ,  ,  ,  ,  ,  ,  ,  ,  ,  ,  ,  ,  ,  ,  ,  ,  ,  , 0+0+0:0:0:0:0
Gb major (6b), 4+0+1:0:0:0:0, 4+0+2:0:0:0:0, 2+0+2:0:0:0:0, 5+0+1:0:0:0:0, 3+0+1:0:0:0:1, 1+0+0:0:0:0:0, 4+0+2:0:0:0:0, 4+0+1:0:0:0:0, 3+0+1:0:0:0:0, 4+0+2:0:0:0:0, 2+0+2:0:0:0:0, 5+0+1:0:0:0:0, 3+0+1:0:0:0:1, 1+0+0:0:0:0:0, 4+0+1:0:0:0:0,  , 4+0+1:0:0:0:0, 5+0+1:0:0:0:0, 4+0+1:0:0:0:0, 4+0+1:0:0:0:0, 2+0+1:0:0:0:0, 6+0+2:0:0:0:0, 5+0+3:0:0:0:0, 4+0+1:0:0:0:1, 3+0+1:0:0:0:0, 4+0+2:0:0:0:0, 2+0+2:0:0:0:0, 5+0+1:0:0:0:0, 3+0+1:0:0:0:1, 1+0+0:0:0:0:0, 4+0+1:0:0:0:0, 3+0+2:0:0:0:0, 2+0+0:0:0:0:0,  , 6+0+5:1:0:0:1, 5+0+0:0:0:0:0, 6+0+2:0:0:0:1, 1+0+0:0:0:0:0, 1+0+3:0:0:0:0, 1+0+1:0:0:0:1, 3+0+2:0:0:0:1, 2+0+0:0:0:0:0, 5+0+2:0:0:0:0, 5+0+1:0:0:0:0, 6+0+2:0:0:0:1, 1+0+0:0:0:0:0, 1+0+0:0:0:0:0,  , 5+0+0:0:0:0:0, 8+0+1:0:0:0:0, 2+0+1:0:0:0:0, 7+0+1:0:0:0:0, 6+0+2:0:0:0:0, 2+0+0:0:0:0:0, 3+0+3:0:0:0:0, 6+0+1:0:0:0:0, 3+0+1:0:0:0:0, 2+0+2:0:0:0:1, 5+0+2:0:0:0:0, 1+0+0:0:0:0:0, 3+0+3:0:0:0:0, 4+0+1:0:0:0:0, 3+0+1:0:0:0:0, 3+0+2:0:0:0:1, 2+0+0:0:0:0:0, 218+0+78:1:0:0:11
F# major (6#), 5+0+2:0:0:0:2, 6+0+2:0:0:0:0, 3+0+2:0:0:0:0, 6+0+1:0:0:0:0, 6+0+1:0:0:0:1, 2+0+0:0:0:0:0, 6+0+2:0:0:0:0, 5+0+1:0:0:0:0, 4+0+1:0:0:0:0, 6+0+1:0:0:0:0, 3+0+3:0:0:0:0, 6+0+1:0:0:0:0, 6+0+1:0:0:0:1, 2+0+0:0:0:0:0, 6+0+1:0:0:0:0,  , 4+0+1:1:0:0:1, 3+0+1:0:0:0:0, 2+0+1:0:0:0:0, 2+0+1:0:0:0:0, 2+0+1:0:0:0:0, 6+0+2:0:0:0:0, 5+0+3:0:0:0:0, 6+0+1:0:0:0:1, 4+0+1:0:0:0:0, 6+0+2:0:0:0:0, 3+0+2:0:0:0:0, 6+0+1:0:0:0:0, 6+0+1:0:0:0:1, 2+0+0:0:0:0:0, 6+0+1:0:0:0:0, 3+0+2:0:0:0:0, 4+0+0:0:0:0:0,  , 8+0+5:1:0:0:1, 7+0+0:0:0:0:0, 5+0+3:0:0:0:0, 4+0+0:0:0:0:0, 3+0+3:0:0:0:0, 2+0+1:0:0:0:1, 4+0+5:0:0:0:0, 2+0+0:0:0:0:0, 6+0+2:0:0:0:0, 5+0+1:0:0:0:0, 6+0+3:0:0:0:0, 4+0+0:0:0:0:0, 2+0+0:0:0:0:0,  , 3+0+0:0:0:0:0, 5+0+1:0:0:0:0, 4+0+1:0:0:0:0, 5+0+1:0:0:0:0, 6+0+2:0:0:0:0, 2+0+0:0:0:0:0, 4+0+3:0:0:0:0, 8+0+1:0:0:0:0, 5+0+1:0:0:0:0, 3+0+2:0:0:0:1, 7+0+0:0:0:0:0, 1+0+0:0:0:0:0, 6+0+3:0:0:0:0, 6+0+1:0:0:0:0, 4+0+1:0:0:0:0, 4+0+2:0:0:0:1, 3+0+0:0:0:0:0, 276+0+82:2:0:0:11
Eb minor (6b), 4+0+1:0:0:0:0, 4+0+1:0:0:0:0, 2+0+3:0:0:0:1, 5+0+1:0:0:0:0, 3+0+1:0:0:0:0, 1+0+0:0:0:0:0, 4+0+2:0:0:0:0, 4+0+1:0:0:0:0, 3+0+1:0:0:0:0, 4+0+1:0:0:0:0, 2+0+3:0:0:0:1, 5+0+1:0:0:0:0, 3+0+1:0:0:0:0, 1+0+0:0:0:0:0, 4+0+1:0:0:0:0,  , 4+0+1:0:0:0:0, 5+0+0:0:0:0:0, 4+0+2:0:0:0:0, 4+0+2:0:0:0:0, 2+0+0:0:0:0:0, 6+0+2:0:0:0:0, 5+0+2:0:0:0:0, 4+0+0:0:0:0:0, 3+0+0:0:0:0:0, 4+0+1:0:0:0:0, 2+0+3:0:0:0:1, 5+0+1:0:0:0:0, 3+0+1:0:0:0:0, 1+0+0:0:0:0:0, 4+0+1:0:0:0:0, 3+0+2:0:0:0:0, 2+0+0:0:0:0:0,  , 6+0+2:1:0:0:1, 5+0+0:0:0:0:0, 6+0+2:0:0:0:1, 1+0+0:0:0:0:0, 1+0+3:0:0:0:0, 1+0+1:0:0:0:1, 3+0+2:0:0:0:1, 2+0+0:0:0:0:0, 5+0+2:0:0:0:0, 5+0+1:0:0:0:0, 6+0+2:0:0:0:1, 1+0+0:0:0:0:0, 1+0+0:0:0:0:0,  , 5+0+4:0:0:0:0, 6+0+2:0:0:0:1, 2+0+1:0:0:0:0, 7+0+1:0:0:0:0, 6+0+2:0:0:0:0, 2+0+0:0:0:0:0, 3+0+1:0:0:0:0, 6+0+1:0:0:0:0, 3+0+1:0:0:0:0, 2+0+2:0:0:0:1, 5+0+0:0:0:0:0, 1+0+0:0:0:0:0, 3+0+0:0:0:0:0, 4+0+1:0:0:0:0, 3+0+1:0:0:0:0, 3+0+2:0:0:0:0, 2+0+0:0:0:0:0, 216+0+70:1:0:0:10
D# minor (6#), 5+0+1:0:0:0:0, 6+0+1:0:0:0:0, 3+0+3:0:0:0:0, 6+0+1:0:0:0:0, 6+0+1:0:0:0:0, 2+0+0:0:0:0:0, 6+0+2:0:0:0:0, 5+0+1:0:0:0:0, 4+0+1:0:0:0:0, 6+0+1:0:0:0:0, 3+0+3:0:0:0:0, 6+0+1:0:0:0:0, 6+0+1:0:0:0:0, 2+0+0:0:0:0:0, 6+0+1:0:0:0:0,  , 4+0+2:0:0:0:0, 3+0+1:0:0:0:0, 2+0+1:0:0:0:0, 2+0+1:0:0:0:0, 2+0+0:0:0:0:0, 6+0+2:0:0:0:0, 4+0+2:0:0:0:0, 6+0+0:0:0:0:0, 4+0+0:0:0:0:0, 6+0+1:0:0:0:0, 3+0+3:0:0:0:0, 6+0+1:0:0:0:0, 6+0+1:0:0:0:0, 2+0+0:0:0:0:0, 6+0+1:0:0:0:0, 3+0+0:0:0:0:0, 4+0+0:0:0:0:0,  , 8+0+5:1:0:0:1, 7+0+0:0:0:0:0, 5+0+3:0:0:0:0, 4+0+0:0:0:0:0, 3+0+3:0:0:0:0, 2+0+1:0:0:0:1, 4+0+5:0:0:0:0, 2+0+0:0:0:0:0, 5+0+1:0:0:0:0, 5+0+1:0:0:0:0, 6+0+3:0:0:0:0, 4+0+0:0:0:0:0, 2+0+0:0:0:0:0,  , 3+0+4:0:0:0:0, 5+0+2:0:0:0:0, 4+0+1:0:0:0:0, 5+0+1:0:0:0:0, 6+0+2:0:0:0:0, 2+0+0:0:0:0:0, 3+0+1:0:0:0:0, 8+0+1:0:0:0:0, 5+0+1:0:0:0:0, 3+0+2:0:0:0:1, 7+0+0:0:0:0:0, 1+0+0:0:0:0:0, 6+0+0:0:0:0:0, 6+0+1:0:0:0:0, 4+0+1:0:0:0:0, 4+0+2:0:0:0:1, 3+0+0:0:0:0:0, 273+0+75:1:0:0:4
Eb minor mel (6b),  ,  ,  ,  ,  ,  ,  ,  ,  ,  ,  ,  ,  ,  ,  ,  ,  ,  ,  ,  ,  ,  ,  ,  ,  ,  ,  ,  ,  ,  ,  ,  ,  ,  ,  ,  ,  ,  ,  ,  ,  ,  ,  ,  ,  ,  ,  ,  ,  ,  ,  ,  ,  ,  ,  ,  ,  ,  ,  ,  ,  ,  ,  ,  ,  , 0+0+0:0:0:0:0
D# minor mel (6#),  ,  ,  ,  ,  ,  ,  ,  ,  ,  ,  ,  ,  ,  ,  ,  ,  ,  ,  ,  ,  ,  ,  ,  ,  ,  ,  ,  ,  ,  ,  ,  ,  ,  ,  ,  ,  ,  ,  ,  ,  ,  ,  ,  ,  ,  ,  ,  ,  ,  ,  ,  ,  ,  ,  ,  ,  ,  ,  ,  ,  ,  ,  ,  ,  , 0+0+0:0:0:0:0
Gb major blues (6b),  ,  ,  ,  ,  ,  ,  ,  ,  ,  ,  ,  ,  ,  ,  ,  ,  ,  ,  ,  ,  ,  ,  ,  ,  ,  ,  ,  ,  ,  ,  ,  ,  ,  ,  ,  ,  ,  ,  ,  ,  ,  ,  ,  ,  ,  ,  ,  ,  ,  ,  ,  ,  ,  ,  ,  ,  ,  ,  ,  ,  ,  ,  ,  ,  , 0+0+0:0:0:0:0
F# major blues (6#),  ,  ,  ,  ,  ,  ,  ,  ,  ,  ,  ,  ,  ,  ,  ,  ,  ,  ,  ,  ,  ,  ,  ,  ,  ,  ,  ,  ,  ,  ,  ,  ,  ,  ,  ,  ,  ,  ,  ,  ,  ,  ,  ,  ,  ,  ,  ,  ,  ,  ,  ,  ,  ,  ,  ,  ,  ,  ,  ,  ,  ,  ,  ,  ,  , 0+0+0:0:0:0:0
Eb minor blues (6b),  ,  ,  ,  ,  ,  ,  ,  ,  ,  ,  ,  ,  ,  ,  ,  ,  ,  ,  ,  ,  ,  ,  ,  ,  ,  ,  ,  ,  ,  ,  ,  ,  ,  ,  ,  ,  ,  ,  ,  ,  ,  ,  ,  ,  ,  ,  ,  ,  ,  ,  ,  ,  ,  ,  ,  ,  ,  ,  ,  ,  ,  ,  ,  ,  , 0+0+0:0:0:0:0
D# minor blues (6#),  ,  ,  ,  ,  ,  ,  ,  ,  ,  ,  ,  ,  ,  ,  ,  ,  ,  ,  ,  ,  ,  ,  ,  ,  ,  ,  ,  ,  ,  ,  ,  ,  ,  ,  ,  ,  ,  ,  ,  ,  ,  ,  ,  ,  ,  ,  ,  ,  ,  ,  ,  ,  ,  ,  ,  ,  ,  ,  ,  ,  ,  ,  ,  ,  , 0+0+0:0:0:0:0
Gb dorian (6b),  ,  ,  ,  ,  ,  ,  ,  ,  ,  ,  ,  ,  ,  ,  ,  ,  ,  ,  ,  ,  ,  ,  ,  ,  ,  ,  ,  ,  ,  ,  ,  ,  ,  ,  ,  ,  ,  ,  ,  ,  ,  ,  ,  ,  ,  ,  ,  ,  ,  ,  ,  ,  ,  ,  ,  ,  ,  ,  ,  ,  ,  ,  ,  ,  , 0+0+0:0:0:0:0
F# dorian (6#),  ,  ,  ,  ,  ,  ,  ,  ,  ,  ,  ,  ,  ,  ,  ,  ,  ,  ,  ,  ,  ,  ,  ,  ,  ,  ,  ,  ,  ,  ,  ,  ,  ,  ,  ,  ,  ,  ,  ,  ,  ,  ,  ,  ,  ,  ,  ,  ,  ,  ,  ,  ,  ,  ,  ,  ,  ,  ,  ,  ,  ,  ,  ,  ,  , 0+0+0:0:0:0:0
Gb phrygian (6b),  ,  ,  ,  ,  ,  ,  ,  ,  ,  ,  ,  ,  ,  ,  ,  ,  ,  ,  ,  ,  ,  ,  ,  ,  ,  ,  ,  ,  ,  ,  ,  ,  ,  ,  ,  ,  ,  ,  ,  ,  ,  ,  ,  ,  ,  ,  ,  ,  ,  ,  ,  ,  ,  ,  ,  ,  ,  ,  ,  ,  ,  ,  ,  ,  , 0+0+0:0:0:0:0
F# phrygian (6#),  ,  ,  ,  ,  ,  ,  ,  ,  ,  ,  ,  ,  ,  ,  ,  ,  ,  ,  ,  ,  ,  ,  ,  ,  ,  ,  ,  ,  ,  ,  ,  ,  ,  ,  ,  ,  ,  ,  ,  ,  ,  ,  ,  ,  ,  ,  ,  ,  ,  ,  ,  ,  ,  ,  ,  ,  ,  ,  ,  ,  ,  ,  ,  ,  , 0+0+0:0:0:0:0
Gb lydian (6b),  ,  ,  ,  ,  ,  ,  ,  ,  ,  ,  ,  ,  ,  ,  ,  ,  ,  ,  ,  ,  ,  ,  ,  ,  ,  ,  ,  ,  ,  ,  ,  ,  ,  ,  ,  ,  ,  ,  ,  ,  ,  ,  ,  ,  ,  ,  ,  ,  ,  ,  ,  ,  ,  ,  ,  ,  ,  ,  ,  ,  ,  ,  ,  ,  , 0+0+0:0:0:0:0
F# lydian (6#),  ,  ,  ,  ,  ,  ,  ,  ,  ,  ,  ,  ,  ,  ,  ,  ,  ,  ,  ,  ,  ,  ,  ,  ,  ,  ,  ,  ,  ,  ,  ,  ,  ,  ,  ,  ,  ,  ,  ,  ,  ,  ,  ,  ,  ,  ,  ,  ,  ,  ,  ,  ,  ,  ,  ,  ,  ,  ,  ,  ,  ,  ,  ,  ,  , 0+0+0:0:0:0:0
Gb mixolydian (6b),  ,  ,  ,  ,  ,  ,  ,  ,  ,  ,  ,  ,  ,  ,  ,  ,  ,  ,  ,  ,  ,  ,  ,  ,  ,  ,  ,  ,  ,  ,  ,  ,  ,  ,  ,  ,  ,  ,  ,  ,  ,  ,  ,  ,  ,  ,  ,  ,  ,  ,  ,  ,  ,  ,  ,  ,  ,  ,  ,  ,  ,  ,  ,  ,  , 0+0+0:0:0:0:0
F# mixolydian (6#),  ,  ,  ,  ,  ,  ,  ,  ,  ,  ,  ,  ,  ,  ,  ,  ,  ,  ,  ,  ,  ,  ,  ,  ,  ,  ,  ,  ,  ,  ,  ,  ,  ,  ,  ,  ,  ,  ,  ,  ,  ,  ,  ,  ,  ,  ,  ,  ,  ,  ,  ,  ,  ,  ,  ,  ,  ,  ,  ,  ,  ,  ,  ,  ,  , 0+0+0:0:0:0:0
Gb aeolian (6b),  ,  ,  ,  ,  ,  ,  ,  ,  ,  ,  ,  ,  ,  ,  ,  ,  ,  ,  ,  ,  ,  ,  ,  ,  ,  ,  ,  ,  ,  ,  ,  ,  ,  ,  ,  ,  ,  ,  ,  ,  ,  ,  ,  ,  ,  ,  ,  ,  ,  ,  ,  ,  ,  ,  ,  ,  ,  ,  ,  ,  ,  ,  ,  ,  , 0+0+0:0:0:0:0
F# aeolian (6#),  ,  ,  ,  ,  ,  ,  ,  ,  ,  ,  ,  ,  ,  ,  ,  ,  ,  ,  ,  ,  ,  ,  ,  ,  ,  ,  ,  ,  ,  ,  ,  ,  ,  ,  ,  ,  ,  ,  ,  ,  ,  ,  ,  ,  ,  ,  ,  ,  ,  ,  ,  ,  ,  ,  ,  ,  ,  ,  ,  ,  ,  ,  ,  ,  , 0+0+0:0:0:0:0
Gb locrian (6b),  ,  ,  ,  ,  ,  ,  ,  ,  ,  ,  ,  ,  ,  ,  ,  ,  ,  ,  ,  ,  ,  ,  ,  ,  ,  ,  ,  ,  ,  ,  ,  ,  ,  ,  ,  ,  ,  ,  ,  ,  ,  ,  ,  ,  ,  ,  ,  ,  ,  ,  ,  ,  ,  ,  ,  ,  ,  ,  ,  ,  ,  ,  ,  ,  , 0+0+0:0:0:0:0
F# locrian (6#),  ,  ,  ,  ,  ,  ,  ,  ,  ,  ,  ,  ,  ,  ,  ,  ,  ,  ,  ,  ,  ,  ,  ,  ,  ,  ,  ,  ,  ,  ,  ,  ,  ,  ,  ,  ,  ,  ,  ,  ,  ,  ,  ,  ,  ,  ,  ,  ,  ,  ,  ,  ,  ,  ,  ,  ,  ,  ,  ,  ,  ,  ,  ,  ,  , 0+0+0:0:0:0:0
Cb major (7b), 5+0+2:0:0:0:0, 5+0+0:0:0:0:0, 2+0+4:0:0:0:0, 6+0+1:0:0:0:0, 4+0+1:0:0:0:1, 2+0+0:0:0:0:0, 4+0+1:0:0:0:0, 5+0+2:0:0:0:0, 4+0+1:0:0:0:0, 5+0+2:0:0:0:0, 2+0+2:0:0:0:0, 6+0+1:0:0:0:0, 4+0+1:0:0:0:1, 2+0+0:0:0:0:0, 5+0+1:0:0:0:0,  , 4+0+1:0:0:0:0, 5+0+0:0:0:0:0, 4+0+1:0:0:0:0, 4+0+1:0:0:0:0, 2+0+0:0:0:0:0, 7+0+3:1:0:0:0, 5+0+2:0:0:0:0, 5+0+1:0:0:0:1, 4+0+1:0:0:0:0, 5+0+2:0:0:0:0, 2+0+2:0:0:0:0, 6+0+1:0:0:0:0, 4+0+1:0:0:0:1, 2+0+0:0:0:0:0, 5+0+1:0:0:0:0, 3+0+0:0:0:0:0, 3+0+2:0:0:0:0,  , 8+0+2:0:0:0:0, 6+0+3:0:0:0:0, 6+0+2:0:0:0:1, 2+0+0:0:0:0:0, 2+0+3:0:0:0:0, 1+0+2:0:0:0:0, 6+0+6:1:0:0:1, 2+0+0:0:0:0:0, 6+0+1:0:0:0:0, 5+0+2:0:0:0:0, 7+0+2:0:0:0:1, 2+0+0:0:0:0:0, 1+0+3:0:0:0:1,  , 5+0+0:0:0:0:0, 8+0+1:0:0:0:0, 3+0+2:0:0:0:0, 7+0+0:0:0:0:0, 6+0+1:0:0:0:0, 2+0+0:0:0:0:0, 3+0+3:1:0:0:0, 7+0+1:0:0:0:0, 4+0+1:0:0:0:0, 2+0+0:0:0:0:0, 6+0+2:0:0:0:0, 1+0+0:0:0:0:0, 4+0+3:0:0:0:1, 6+0+1:0:0:0:0, 4+0+1:0:0:0:0, 4+0+0:0:0:0:0, 2+0+0:0:0:0:0, 259+0+80:3:0:0:9
C# major (7#), 5+0+1:0:0:0:0, 6+0+1:0:0:0:0, 4+0+3:0:0:0:1, 6+0+1:0:0:0:0, 6+0+1:0:0:0:0, 2+0+0:0:0:0:0, 6+0+2:0:0:0:0, 5+0+1:0:0:0:0, 4+0+1:0:0:0:0, 6+0+1:0:0:0:0, 4+0+3:0:0:0:1, 6+0+1:0:0:0:0, 6+0+1:0:0:0:0, 2+0+0:0:0:0:0, 6+0+1:0:0:0:0,  , 4+0+1:0:0:0:0, 4+0+1:0:0:0:0, 3+0+0:0:0:0:0, 3+0+2:0:0:0:0, 2+0+0:0:0:0:0, 6+0+2:0:0:0:0, 4+0+2:0:0:0:0, 6+0+1:0:0:0:1, 4+0+1:0:0:0:0, 6+0+1:0:0:0:0, 4+0+3:0:0:0:1, 6+0+1:0:0:0:0, 6+0+1:0:0:0:0, 2+0+0:0:0:0:0, 6+0+1:0:0:0:0, 3+0+2:0:0:0:0, 4+0+0:0:0:0:0,  , 8+0+2:1:0:0:1, 7+0+0:0:0:0:0, 7+0+2:0:0:0:1, 4+0+0:0:0:0:0, 3+0+3:0:0:0:0, 2+0+1:0:0:0:1, 8+0+2:0:0:0:1, 2+0+0:0:0:0:0, 6+0+2:0:0:0:0, 5+0+1:0:0:0:0, 8+0+2:0:0:0:1, 4+0+0:0:0:0:0, 2+0+0:0:0:0:0,  , 3+0+2:0:0:0:0, 6+0+3:0:0:0:0, 4+0+1:0:0:0:0, 5+0+1:0:0:0:0, 7+0+2:0:0:0:0, 2+0+0:0:0:0:0, 3+0+1:0:0:0:0, 8+0+1:0:0:0:0, 5+0+1:0:0:0:0, 3+0+2:0:0:0:0, 7+0+0:0:0:0:0, 1+0+0:0:0:0:0, 6+0+0:0:0:0:0, 6+0+1:0:0:0:0, 4+0+1:0:0:0:0, 4+0+2:0:0:0:0, 3+0+0:0:0:0:0, 290+0+70:1:0:0:9
Ab minor (7b), 5+0+1:0:0:0:0, 5+0+2:0:0:0:0, 2+0+2:0:0:0:0, 6+0+1:0:0:0:0, 4+0+1:0:0:0:1, 2+0+0:0:0:0:0, 4+0+3:0:0:0:0, 5+0+2:0:0:0:0, 4+0+1:0:0:0:0, 5+0+2:0:0:0:0, 2+0+2:0:0:0:0, 6+0+1:0:0:0:0, 4+0+1:0:0:0:1, 2+0+0:0:0:0:0, 5+0+1:0:0:0:0,  , 4+0+1:0:0:0:0, 5+0+1:0:0:0:0, 4+0+1:0:0:0:0, 4+0+1:0:0:0:0, 2+0+0:0:0:0:0, 7+0+2:0:0:0:0, 5+0+3:0:0:0:0, 5+0+1:0:0:0:1, 4+0+1:0:0:0:0, 5+0+2:0:0:0:0, 2+0+2:0:0:0:0, 6+0+1:0:0:0:0, 4+0+1:0:0:0:1, 2+0+0:0:0:0:0, 5+0+1:0:0:0:0, 3+0+1:0:0:0:0, 3+0+0:0:0:0:0,  , 8+0+2:1:0:0:1, 6+0+2:0:0:0:0, 6+0+2:0:0:0:1, 2+0+0:0:0:0:0, 2+0+3:0:0:0:0, 1+0+1:0:0:0:0, 5+0+4:0:0:0:0, 2+0+1:0:0:0:0, 6+0+2:0:0:0:0, 5+0+3:0:0:0:0, 7+0+2:0:0:0:1, 2+0+0:0:0:0:0, 1+0+0:0:0:0:0,  , 5+0+0:0:0:0:0, 8+0+1:0:0:0:0, 2+0+2:0:0:0:0, 7+0+2:0:0:0:0, 6+0+2:0:0:0:0, 2+0+0:0:0:0:0, 3+0+3:0:0:0:0, 7+0+1:0:0:0:0, 4+0+1:0:0:0:0, 2+0+0:0:0:0:0, 6+0+2:0:0:0:0, 1+0+0:0:0:0:0, 4+0+3:0:0:0:1, 6+0+1:0:0:0:0, 4+0+1:0:0:0:0, 4+0+0:0:0:0:0, 2+0+0:0:0:0:0, 257+0+80:1:0:0:8
A# minor (7#), 5+0+0:0:0:0:0, 6+0+0:0:0:0:0, 4+0+3:0:0:0:1, 6+0+0:0:0:0:0, 6+0+1:0:0:0:0, 2+0+0:0:0:0:0, 6+0+2:0:0:0:0, 5+0+0:0:0:0:0, 4+0+0:0:0:0:0, 6+0+0:0:0:0:0, 4+0+3:0:0:0:1, 6+0+0:0:0:0:0, 6+0+1:0:0:0:0, 2+0+0:0:0:0:0, 6+0+0:0:0:0:0,  , 4+0+1:0:0:0:0, 4+0+0:0:0:0:0, 3+0+2:0:0:0:0, 3+0+2:0:0:0:0, 2+0+0:0:0:0:0, 6+0+2:0:0:0:0, 4+0+2:0:0:0:0, 6+0+0:0:0:0:0, 4+0+0:0:0:0:0, 6+0+0:0:0:0:0, 4+0+3:0:0:0:1, 6+0+0:0:0:0:0, 6+0+1:0:0:0:0, 2+0+0:0:0:0:0, 6+0+0:0:0:0:0, 3+0+0:0:0:0:0, 4+0+0:0:0:0:0,  , 8+0+2:1:0:0:1, 7+0+0:0:0:0:0, 7+0+2:0:0:0:1, 4+0+4:0:0:0:0, 3+0+3:0:0:0:0, 2+0+1:0:0:0:0, 8+0+2:0:0:0:1, 2+0+0:0:0:0:0, 5+0+1:0:0:0:0, 5+0+1:0:0:0:0, 8+0+2:0:0:0:1, 4+0+0:0:0:0:0, 2+0+0:0:0:0:0,  , 3+0+1:0:0:0:0, 6+0+2:0:0:0:0, 4+0+0:0:0:0:0, 5+0+1:0:0:0:0, 7+0+2:0:0:0:0, 2+0+0:0:0:0:0, 3+0+1:0:0:0:0, 8+0+0:0:0:0:0, 5+0+0:0:0:0:0, 3+0+0:0:0:0:0, 7+0+0:0:0:0:0, 1+0+0:0:0:0:0, 6+0+0:0:0:0:0, 6+0+1:0:0:0:0, 4+0+0:0:0:0:0, 4+0+0:0:0:0:0, 3+0+0:0:0:0:0, 289+0+49:1:0:0:7
Ab minor mel (7b),  ,  ,  ,  ,  ,  ,  ,  ,  ,  ,  ,  ,  ,  ,  ,  ,  ,  ,  ,  ,  ,  ,  ,  ,  ,  ,  ,  ,  ,  ,  ,  ,  ,  ,  ,  ,  ,  ,  ,  ,  ,  ,  ,  ,  ,  ,  ,  ,  ,  ,  ,  ,  ,  ,  ,  ,  ,  ,  ,  ,  ,  ,  ,  ,  , 0+0+0:0:0:0:0
A# minor mel (7#),  ,  ,  ,  ,  ,  ,  ,  ,  ,  ,  ,  ,  ,  ,  ,  ,  ,  ,  ,  ,  ,  ,  ,  ,  ,  ,  ,  ,  ,  ,  ,  ,  ,  ,  ,  ,  ,  ,  ,  ,  ,  ,  ,  ,  ,  ,  ,  ,  ,  ,  ,  ,  ,  ,  ,  ,  ,  ,  ,  ,  ,  ,  ,  ,  , 0+0+0:0:0:0:0
Cb major blues (7b),  ,  ,  ,  ,  ,  ,  ,  ,  ,  ,  ,  ,  ,  ,  ,  ,  ,  ,  ,  ,  ,  ,  ,  ,  ,  ,  ,  ,  ,  ,  ,  ,  ,  ,  ,  ,  ,  ,  ,  ,  ,  ,  ,  ,  ,  ,  ,  ,  ,  ,  ,  ,  ,  ,  ,  ,  ,  ,  ,  ,  ,  ,  ,  ,  , 0+0+0:0:0:0:0
C# major blues (7#),  ,  ,  ,  ,  ,  ,  ,  ,  ,  ,  ,  ,  ,  ,  ,  ,  ,  ,  ,  ,  ,  ,  ,  ,  ,  ,  ,  ,  ,  ,  ,  ,  ,  ,  ,  ,  ,  ,  ,  ,  ,  ,  ,  ,  ,  ,  ,  ,  ,  ,  ,  ,  ,  ,  ,  ,  ,  ,  ,  ,  ,  ,  ,  ,  , 0+0+0:0:0:0:0
Ab minor blues (7b),  ,  ,  ,  ,  ,  ,  ,  ,  ,  ,  ,  ,  ,  ,  ,  ,  ,  ,  ,  ,  ,  ,  ,  ,  ,  ,  ,  ,  ,  ,  ,  ,  ,  ,  ,  ,  ,  ,  ,  ,  ,  ,  ,  ,  ,  ,  ,  ,  ,  ,  ,  ,  ,  ,  ,  ,  ,  ,  ,  ,  ,  ,  ,  ,  , 0+0+0:0:0:0:0
A# minor blues (7#),  ,  ,  ,  ,  ,  ,  ,  ,  ,  ,  ,  ,  ,  ,  ,  ,  ,  ,  ,  ,  ,  ,  ,  ,  ,  ,  ,  ,  ,  ,  ,  ,  ,  ,  ,  ,  ,  ,  ,  ,  ,  ,  ,  ,  ,  ,  ,  ,  ,  ,  ,  ,  ,  ,  ,  ,  ,  ,  ,  ,  ,  ,  ,  ,  , 0+0+0:0:0:0:0
Cb dorian (7b),  ,  ,  ,  ,  ,  ,  ,  ,  ,  ,  ,  ,  ,  ,  ,  ,  ,  ,  ,  ,  ,  ,  ,  ,  ,  ,  ,  ,  ,  ,  ,  ,  ,  ,  ,  ,  ,  ,  ,  ,  ,  ,  ,  ,  ,  ,  ,  ,  ,  ,  ,  ,  ,  ,  ,  ,  ,  ,  ,  ,  ,  ,  ,  ,  , 0+0+0:0:0:0:0
C# dorian (7#),  ,  ,  ,  ,  ,  ,  ,  ,  ,  ,  ,  ,  ,  ,  ,  ,  ,  ,  ,  ,  ,  ,  ,  ,  ,  ,  ,  ,  ,  ,  ,  ,  ,  ,  ,  ,  ,  ,  ,  ,  ,  ,  ,  ,  ,  ,  ,  ,  ,  ,  ,  ,  ,  ,  ,  ,  ,  ,  ,  ,  ,  ,  ,  ,  , 0+0+0:0:0:0:0
Cb phrygian (7b),  ,  ,  ,  ,  ,  ,  ,  ,  ,  ,  ,  ,  ,  ,  ,  ,  ,  ,  ,  ,  ,  ,  ,  ,  ,  ,  ,  ,  ,  ,  ,  ,  ,  ,  ,  ,  ,  ,  ,  ,  ,  ,  ,  ,  ,  ,  ,  ,  ,  ,  ,  ,  ,  ,  ,  ,  ,  ,  ,  ,  ,  ,  ,  ,  , 0+0+0:0:0:0:0
C# phrygian (7#),  ,  ,  ,  ,  ,  ,  ,  ,  ,  ,  ,  ,  ,  ,  ,  ,  ,  ,  ,  ,  ,  ,  ,  ,  ,  ,  ,  ,  ,  ,  ,  ,  ,  ,  ,  ,  ,  ,  ,  ,  ,  ,  ,  ,  ,  ,  ,  ,  ,  ,  ,  ,  ,  ,  ,  ,  ,  ,  ,  ,  ,  ,  ,  ,  , 0+0+0:0:0:0:0
Cb lydian (7b),  ,  ,  ,  ,  ,  ,  ,  ,  ,  ,  ,  ,  ,  ,  ,  ,  ,  ,  ,  ,  ,  ,  ,  ,  ,  ,  ,  ,  ,  ,  ,  ,  ,  ,  ,  ,  ,  ,  ,  ,  ,  ,  ,  ,  ,  ,  ,  ,  ,  ,  ,  ,  ,  ,  ,  ,  ,  ,  ,  ,  ,  ,  ,  ,  , 0+0+0:0:0:0:0
C# lydian (7#),  ,  ,  ,  ,  ,  ,  ,  ,  ,  ,  ,  ,  ,  ,  ,  ,  ,  ,  ,  ,  ,  ,  ,  ,  ,  ,  ,  ,  ,  ,  ,  ,  ,  ,  ,  ,  ,  ,  ,  ,  ,  ,  ,  ,  ,  ,  ,  ,  ,  ,  ,  ,  ,  ,  ,  ,  ,  ,  ,  ,  ,  ,  ,  ,  , 0+0+0:0:0:0:0
Cb mixolydian (7b),  ,  ,  ,  ,  ,  ,  ,  ,  ,  ,  ,  ,  ,  ,  ,  ,  ,  ,  ,  ,  ,  ,  ,  ,  ,  ,  ,  ,  ,  ,  ,  ,  ,  ,  ,  ,  ,  ,  ,  ,  ,  ,  ,  ,  ,  ,  ,  ,  ,  ,  ,  ,  ,  ,  ,  ,  ,  ,  ,  ,  ,  ,  ,  ,  , 0+0+0:0:0:0:0
C# mixolydian (7#),  ,  ,  ,  ,  ,  ,  ,  ,  ,  ,  ,  ,  ,  ,  ,  ,  ,  ,  ,  ,  ,  ,  ,  ,  ,  ,  ,  ,  ,  ,  ,  ,  ,  ,  ,  ,  ,  ,  ,  ,  ,  ,  ,  ,  ,  ,  ,  ,  ,  ,  ,  ,  ,  ,  ,  ,  ,  ,  ,  ,  ,  ,  ,  ,  , 0+0+0:0:0:0:0
Cb aeolian (7b),  ,  ,  ,  ,  ,  ,  ,  ,  ,  ,  ,  ,  ,  ,  ,  ,  ,  ,  ,  ,  ,  ,  ,  ,  ,  ,  ,  ,  ,  ,  ,  ,  ,  ,  ,  ,  ,  ,  ,  ,  ,  ,  ,  ,  ,  ,  ,  ,  ,  ,  ,  ,  ,  ,  ,  ,  ,  ,  ,  ,  ,  ,  ,  ,  , 0+0+0:0:0:0:0
C# aeolian (7#),  ,  ,  ,  ,  ,  ,  ,  ,  ,  ,  ,  ,  ,  ,  ,  ,  ,  ,  ,  ,  ,  ,  ,  ,  ,  ,  ,  ,  ,  ,  ,  ,  ,  ,  ,  ,  ,  ,  ,  ,  ,  ,  ,  ,  ,  ,  ,  ,  ,  ,  ,  ,  ,  ,  ,  ,  ,  ,  ,  ,  ,  ,  ,  ,  , 0+0+0:0:0:0:0
Cb locrian (7b),  ,  ,  ,  ,  ,  ,  ,  ,  ,  ,  ,  ,  ,  ,  ,  ,  ,  ,  ,  ,  ,  ,  ,  ,  ,  ,  ,  ,  ,  ,  ,  ,  ,  ,  ,  ,  ,  ,  ,  ,  ,  ,  ,  ,  ,  ,  ,  ,  ,  ,  ,  ,  ,  ,  ,  ,  ,  ,  ,  ,  ,  ,  ,  ,  , 0+0+0:0:0:0:0
C# locrian (7#),  ,  ,  ,  ,  ,  ,  ,  ,  ,  ,  ,  ,  ,  ,  ,  ,  ,  ,  ,  ,  ,  ,  ,  ,  ,  ,  ,  ,  ,  ,  ,  ,  ,  ,  ,  ,  ,  ,  ,  ,  ,  ,  ,  ,  ,  ,  ,  ,  ,  ,  ,  ,  ,  ,  ,  ,  ,  ,  ,  ,  ,  ,  ,  ,  , 0+0+0:0:0:0:0
