 , 0, 1, 2, 3, 4, 5, 6, 7, 8, 9, 10, 11, 12, 13, 14, 15, 16, 17, 18, rowcost
C major (0), 1+0:0:0:0:1, 0+0:0:0:0:0, 1+0:0:0:0:1, 1+0:0:0:0:0, 2+0:0:0:0:0, 0+0:0:0:0:0, 0+0:0:0:0:0, 1+0:0:0:0:0, 1+0:0:0:0:1, 0+0:0:0:0:0, 1+0:0:0:0:1, 1+0:0:0:0:0, 1+0:0:0:0:0, 0+0:0:0:0:0, 0+0:0:0:0:0, 0+0:0:0:0:0, 1+0:0:0:0:1, 0+0:0:0:0:0, 0+0:0:0:0:0, 11+0:0:0:0:5
A minor (0), 0+0:0:0:0:0, 1+0:0:0:0:0, 1+0:0:0:0:0, 1+0:0:0:0:0, 3+0:0:0:0:0, 0+0:0:0:0:0, 0+0:0:0:0:0, 1+0:0:0:0:0, 0+0:0:0:0:0, 1+0:0:0:0:0, 1+0:0:0:0:0, 1+0:0:0:0:0, 2+0:0:0:0:0, 0+0:0:0:0:0, 0+0:0:0:0:0, 0+0:0:0:0:0, 0+0:0:0:0:0, 0+0:0:0:0:0, 0+0:0:0:0:0, 12+0:0:0:0:0
A minor mel (0), 0+0:0:0:0:0, 2+0:0:0:0:0, 1+0:0:0:0:0, 1+0:0:0:0:0, 2+0:0:0:0:0, 1+0:0:0:0:0, 0+0:0:0:0:0, 1+0:0:0:0:0, 0+0:0:0:0:0, 2+0:0:0:0:0, 1+0:0:0:0:0, 1+0:0:0:0:0, 2+0:0:0:0:0, 0+0:0:0:0:0, 0+0:0:0:0:0, 0+0:0:0:0:0, 0+0:0:0:0:0, 0+0:0:0:0:0, 0+0:0:0:0:0, 14+0:0:0:0:0
C major blues (0), 1+0:0:0:0:1, 1+0:0:0:0:0, 2+0:0:0:0:1, 1+0:0:0:0:0, 2+0:0:0:0:0, 2+0:0:0:0:0, 1+0:0:0:0:0, 1+0:0:0:0:0, 1+0:0:0:0:1, 1+0:0:0:0:0, 2+0:0:0:0:1, 1+0:0:0:0:0, 1+0:0:0:0:0, 0+0:0:0:0:0, 1+0:0:0:0:0, 0+0:0:0:0:0, 1+0:0:0:0:1, 0+0:0:0:0:0, 0+0:0:0:0:0, 19+0:0:0:0:5
A minor blues (0), 1+0:0:0:0:1, 1+0:0:0:0:0, 2+0:0:0:0:1, 1+0:0:0:0:0, 2+0:0:0:0:0, 2+0:0:0:0:0, 1+0:0:0:0:0, 1+0:0:0:0:0, 1+0:0:0:0:1, 1+0:0:0:0:0, 2+0:0:0:0:1, 1+0:0:0:0:0, 1+0:0:0:0:0, 0+0:0:0:0:0, 1+0:0:0:0:0, 0+0:0:0:0:0, 1+0:0:0:0:1, 0+0:0:0:0:0, 0+0:0:0:0:0, 19+0:0:0:0:5
C dorian (0), 1+0:0:0:0:1, 1+0:0:0:0:0, 1+0:0:0:0:1, 1+0:0:0:0:0, 1+0:0:0:0:0, 1+0:0:0:0:0, 0+0:0:0:0:0, 1+0:0:0:0:0, 1+0:0:0:0:1, 1+0:0:0:0:0, 1+0:0:0:0:1, 1+0:0:0:0:0, 1+0:0:0:0:0, 0+0:0:0:0:0, 0+0:0:0:0:0, 0+0:0:0:0:0, 1+0:0:0:0:1, 0+0:0:0:0:0, 0+0:0:0:0:0, 13+0:0:0:0:5
C phrygian (0), 1+0:0:0:0:1, 0+0:0:0:0:0, 1+0:0:0:0:1, 0+0:0:0:0:0, 1+0:0:0:0:0, 0+0:0:0:0:0, 1+0:0:0:0:0, 0+0:0:0:0:0, 1+0:0:0:0:1, 0+0:0:0:0:0, 1+0:0:0:0:1, 0+0:0:0:0:0, 0+0:0:0:0:0, 0+0:0:0:0:0, 0+0:0:0:0:0, 0+0:0:0:0:0, 1+0:0:0:0:1, 0+0:0:0:0:0, 0+0:0:0:0:0, 7+0:0:0:0:5
C lydian (0), 1+0:0:0:0:1, 1+0:0:0:0:0, 1+0:0:0:0:1, 1+0:0:0:0:0, 1+0:0:0:0:0, 1+0:0:0:0:0, 0+0:0:0:0:0, 1+0:0:0:0:0, 1+0:0:0:0:1, 1+0:0:0:0:0, 1+0:0:0:0:1, 1+0:0:0:0:0, 1+0:0:0:0:0, 0+0:0:0:0:0, 0+0:0:0:0:0, 0+0:0:0:0:0, 1+0:0:0:0:1, 0+0:0:0:0:0, 0+0:0:0:0:0, 13+0:0:0:0:5
C mixolydian (0), 1+0:0:0:0:1, 0+0:0:0:0:0, 1+0:0:0:0:1, 0+0:0:0:0:0, 1+0:0:0:0:0, 0+0:0:0:0:0, 1+0:0:0:0:0, 0+0:0:0:0:0, 1+0:0:0:0:1, 0+0:0:0:0:0, 1+0:0:0:0:1, 0+0:0:0:0:0, 0+0:0:0:0:0, 0+0:0:0:0:0, 0+0:0:0:0:0, 0+0:0:0:0:0, 1+0:0:0:0:1, 0+0:0:0:0:0, 0+0:0:0:0:0, 7+0:0:0:0:5
C aeolian (0), 1+0:0:0:0:1, 0+0:0:0:0:0, 1+0:0:0:0:1, 1+0:0:0:0:0, 2+0:0:0:0:0, 0+0:0:0:0:0, 0+0:0:0:0:0, 1+0:0:0:0:0, 1+0:0:0:0:1, 0+0:0:0:0:0, 1+0:0:0:0:1, 1+0:0:0:0:0, 1+0:0:0:0:0, 0+0:0:0:0:0, 0+0:0:0:0:0, 0+0:0:0:0:0, 1+0:0:0:0:1, 0+0:0:0:0:0, 0+0:0:0:0:0, 11+0:0:0:0:5
C locrian (0), 1+0:0:0:0:1, 0+0:0:0:0:0, 2+0:0:0:0:1, 0+0:0:0:0:0, 1+0:0:0:0:0, 1+0:0:0:0:0, 1+0:0:0:0:0, 0+0:0:0:0:0, 1+0:0:0:0:1, 0+0:0:0:0:0, 2+0:0:0:0:1, 0+0:0:0:0:0, 0+0:0:0:0:0, 0+0:0:0:0:0, 1+0:0:0:0:0, 0+0:0:0:0:0, 1+0:0:0:0:1, 0+0:0:0:0:0, 0+0:0:0:0:0, 11+0:0:0:0:5
F major (1b), 1+0:0:0:0:1, 0+0:0:0:0:0, 1+0:0:0:0:1, 0+0:0:0:0:0, 1+0:0:0:0:0, 0+0:0:0:0:0, 1+0:0:0:0:0, 0+0:0:0:0:0, 1+0:0:0:0:1, 0+0:0:0:0:0, 1+0:0:0:0:1, 0+0:0:0:0:0, 0+0:0:0:0:0, 0+0:0:0:0:0, 0+0:0:0:0:0, 0+0:0:0:0:0, 1+0:0:0:0:1, 0+0:0:0:0:0, 0+0:0:0:0:0, 7+0:0:0:0:5
G major (1#), 1+0:0:0:0:1, 1+0:0:0:0:0, 1+0:0:0:0:1, 1+0:0:0:0:0, 1+0:0:0:0:0, 1+0:0:0:0:0, 0+0:0:0:0:0, 1+0:0:0:0:0, 1+0:0:0:0:1, 1+0:0:0:0:0, 1+0:0:0:0:1, 1+0:0:0:0:0, 1+0:0:0:0:0, 0+0:0:0:0:0, 0+0:0:0:0:0, 0+0:0:0:0:0, 1+0:0:0:0:1, 0+0:0:0:0:0, 0+0:0:0:0:0, 13+0:0:0:0:5
D minor (1b), 1+0:1:0:0:0, 0+0:0:0:0:0, 0+0:0:0:0:0, 1+0:0:0:0:0, 1+0:1:0:0:0, 0+0:0:0:0:0, 2+0:0:0:0:0, 0+0:0:0:0:0, 1+0:1:0:0:0, 0+0:0:0:0:0, 0+0:0:0:0:0, 1+0:0:0:0:0, 0+0:0:0:0:0, 0+0:0:0:0:0, 0+0:0:0:0:0, 0+0:0:0:0:0, 1+0:1:0:0:0, 0+0:0:0:0:0, 0+0:0:0:0:0, 8+0:4:0:0:0
E minor (1#), 1+0:0:0:0:0, 1+0:0:0:0:0, 2+0:0:0:0:0, 1+0:0:0:0:0, 1+0:0:0:0:0, 1+0:0:0:0:0, 1+0:0:0:0:0, 1+0:1:0:0:1, 1+0:0:0:0:0, 1+0:0:0:0:0, 2+0:0:0:0:0, 1+0:0:0:0:0, 1+0:1:0:0:1, 1+0:0:0:0:0, 0+0:0:0:0:0, 1+0:0:0:0:0, 1+0:0:0:0:0, 1+0:0:0:0:0, 1+0:0:0:0:0, 20+0:2:0:0:2
D minor mel (1b), 1+0:1:0:0:0, 0+0:0:0:0:0, 0+0:0:0:0:0, 2+0:0:0:0:0, 2+0:1:0:0:0, 0+0:0:0:0:0, 1+0:0:0:0:0, 1+0:0:0:0:0, 1+0:1:0:0:0, 0+0:0:0:0:0, 0+0:0:0:0:0, 2+0:0:0:0:0, 1+0:0:0:0:0, 0+0:0:0:0:0, 0+0:0:0:0:0, 0+0:0:0:0:0, 1+0:1:0:0:0, 0+0:0:0:0:0, 0+0:0:0:0:0, 12+0:4:0:0:0
E minor mel (1#), 1+0:0:0:0:0, 1+0:0:0:0:0, 1+0:0:0:0:0, 2+0:0:0:0:0, 1+0:0:0:0:0, 1+0:0:0:0:0, 2+0:0:0:0:0, 1+0:1:0:0:1, 1+0:0:0:0:0, 1+0:0:0:0:0, 1+0:0:0:0:0, 2+0:0:0:0:0, 1+0:1:0:0:1, 1+0:0:0:0:0, 0+0:0:0:0:0, 1+0:0:0:0:0, 1+0:0:0:0:0, 1+0:0:0:0:0, 1+0:0:0:0:0, 21+0:2:0:0:2
F major blues (1b), 2+0:0:0:0:0, 0+0:0:0:0:0, 2+0:1:0:0:1, 1+0:0:0:0:0, 2+0:1:0:0:1, 1+0:0:0:0:0, 1+0:0:0:0:0, 2+0:0:0:0:0, 2+0:1:0:0:1, 0+0:0:0:0:0, 2+0:1:0:0:1, 1+0:0:0:0:0, 2+0:0:0:0:0, 1+0:0:0:0:0, 2+0:0:0:0:0, 0+0:0:0:0:0, 2+0:0:0:0:0, 0+0:0:0:0:0, 0+0:0:0:0:0, 23+0:4:0:0:4
G major blues (1#), 1+0:0:0:0:1, 1+0:0:0:0:0, 1+0:0:0:0:0, 2+0:0:0:0:0, 2+0:0:0:0:0, 1+0:0:0:0:0, 2+0:0:0:0:0, 1+0:0:0:0:0, 1+0:0:0:0:1, 1+0:0:0:0:0, 1+0:0:0:0:0, 2+0:0:0:0:0, 1+0:0:0:0:0, 0+0:0:0:0:0, 0+0:0:0:0:0, 0+0:0:0:0:0, 1+0:0:0:0:1, 0+0:0:0:0:0, 0+0:0:0:0:0, 18+0:0:0:0:3
D minor blues (1b), 2+0:0:0:0:0, 0+0:0:0:0:0, 2+0:1:0:0:1, 1+0:0:0:0:0, 2+0:1:0:0:1, 1+0:0:0:0:0, 1+0:0:0:0:0, 2+0:0:0:0:0, 2+0:1:0:0:1, 0+0:0:0:0:0, 2+0:1:0:0:1, 1+0:0:0:0:0, 2+0:0:0:0:0, 1+0:0:0:0:0, 2+0:0:0:0:0, 0+0:0:0:0:0, 2+0:0:0:0:0, 0+0:0:0:0:0, 0+0:0:0:0:0, 23+0:4:0:0:4
E minor blues (1#), 1+0:0:0:0:1, 1+0:0:0:0:0, 1+0:0:0:0:0, 2+0:0:0:0:0, 2+0:0:0:0:0, 1+0:0:0:0:0, 2+0:0:0:0:0, 1+0:0:0:0:0, 1+0:0:0:0:1, 1+0:0:0:0:0, 1+0:0:0:0:0, 2+0:0:0:0:0, 1+0:0:0:0:0, 0+0:0:0:0:0, 0+0:0:0:0:0, 0+0:0:0:0:0, 1+0:0:0:0:1, 0+0:0:0:0:0, 0+0:0:0:0:0, 18+0:0:0:0:3
F dorian (1b), 1+0:0:0:0:1, 0+0:0:0:0:0, 1+0:0:0:0:1, 1+0:0:0:0:0, 2+0:0:0:0:0, 0+0:0:0:0:0, 0+0:0:0:0:0, 1+0:0:0:0:0, 1+0:0:0:0:1, 0+0:0:0:0:0, 1+0:0:0:0:1, 1+0:0:0:0:0, 1+0:0:0:0:0, 0+0:0:0:0:0, 0+0:0:0:0:0, 0+0:0:0:0:0, 1+0:0:0:0:1, 0+0:0:0:0:0, 0+0:0:0:0:0, 11+0:0:0:0:5
G dorian (1#), 1+0:0:0:0:1, 1+0:0:0:0:0, 0+0:0:0:0:0, 2+0:1:0:0:0, 1+0:1:0:0:0, 1+0:0:0:0:0, 1+0:0:0:0:0, 1+0:1:0:0:0, 1+0:0:0:0:1, 1+0:0:0:0:0, 0+0:0:0:0:0, 2+0:1:0:0:0, 1+0:1:0:0:0, 0+0:0:0:0:0, 0+0:0:0:0:0, 0+0:0:0:0:0, 1+0:0:0:0:1, 0+0:0:0:0:0, 0+0:0:0:0:0, 14+0:5:0:0:3
F phrygian (1b), 1+0:0:0:0:1, 0+0:0:0:0:0, 2+0:0:0:0:1, 0+0:0:0:0:0, 1+0:0:0:0:0, 1+0:0:0:0:0, 1+0:0:0:0:0, 0+0:0:0:0:0, 1+0:0:0:0:1, 0+0:0:0:0:0, 2+0:0:0:0:1, 0+0:0:0:0:0, 0+0:0:0:0:0, 0+0:0:0:0:0, 1+0:0:0:0:0, 0+0:0:0:0:0, 1+0:0:0:0:1, 0+0:0:0:0:0, 0+0:0:0:0:0, 11+0:0:0:0:5
G phrygian (1#), 1+0:0:0:0:1, 0+0:0:0:0:0, 1+0:0:0:0:1, 1+0:0:0:0:0, 2+0:0:0:0:0, 0+0:0:0:0:0, 0+0:0:0:0:0, 1+0:0:0:0:0, 1+0:0:0:0:1, 0+0:0:0:0:0, 1+0:0:0:0:1, 1+0:0:0:0:0, 1+0:0:0:0:0, 0+0:0:0:0:0, 0+0:0:0:0:0, 0+0:0:0:0:0, 1+0:0:0:0:1, 0+0:0:0:0:0, 0+0:0:0:0:0, 11+0:0:0:0:5
F lydian (1b), 1+0:0:0:0:1, 0+0:0:0:0:0, 1+0:0:0:0:1, 1+0:0:0:0:0, 2+0:0:0:0:0, 0+0:0:0:0:0, 0+0:0:0:0:0, 1+0:0:0:0:0, 1+0:0:0:0:1, 0+0:0:0:0:0, 1+0:0:0:0:1, 1+0:0:0:0:0, 1+0:0:0:0:0, 0+0:0:0:0:0, 0+0:0:0:0:0, 0+0:0:0:0:0, 1+0:0:0:0:1, 0+0:0:0:0:0, 0+0:0:0:0:0, 11+0:0:0:0:5
G lydian (1#), 1+0:0:0:0:1, 1+0:0:0:0:0, 0+0:0:0:0:0, 2+0:1:0:0:0, 1+0:1:0:0:0, 1+0:0:0:0:0, 1+0:0:0:0:0, 1+0:1:0:0:0, 1+0:0:0:0:1, 1+0:0:0:0:0, 0+0:0:0:0:0, 2+0:1:0:0:0, 1+0:1:0:0:0, 0+0:0:0:0:0, 0+0:0:0:0:0, 0+0:0:0:0:0, 1+0:0:0:0:1, 0+0:0:0:0:0, 0+0:0:0:0:0, 14+0:5:0:0:3
F mixolydian (1b), 1+0:0:0:0:1, 0+0:0:0:0:0, 2+0:0:0:0:1, 0+0:0:0:0:0, 1+0:0:0:0:0, 1+0:0:0:0:0, 1+0:0:0:0:0, 0+0:0:0:0:0, 1+0:0:0:0:1, 0+0:0:0:0:0, 2+0:0:0:0:1, 0+0:0:0:0:0, 0+0:0:0:0:0, 0+0:0:0:0:0, 1+0:0:0:0:0, 0+0:0:0:0:0, 1+0:0:0:0:1, 0+0:0:0:0:0, 0+0:0:0:0:0, 11+0:0:0:0:5
G mixolydian (1#), 1+0:0:0:0:1, 0+0:0:0:0:0, 1+0:0:0:0:1, 1+0:0:0:0:0, 2+0:0:0:0:0, 0+0:0:0:0:0, 0+0:0:0:0:0, 1+0:0:0:0:0, 1+0:0:0:0:1, 0+0:0:0:0:0, 1+0:0:0:0:1, 1+0:0:0:0:0, 1+0:0:0:0:0, 0+0:0:0:0:0, 0+0:0:0:0:0, 0+0:0:0:0:0, 1+0:0:0:0:1, 0+0:0:0:0:0, 0+0:0:0:0:0, 11+0:0:0:0:5
F aeolian (1b), 1+0:0:0:0:1, 0+0:0:0:0:0, 1+0:0:0:0:1, 0+0:0:0:0:0, 1+0:0:0:0:0, 0+0:0:0:0:0, 1+0:0:0:0:0, 0+0:0:0:0:0, 1+0:0:0:0:1, 0+0:0:0:0:0, 1+0:0:0:0:1, 0+0:0:0:0:0, 0+0:0:0:0:0, 0+0:0:0:0:0, 0+0:0:0:0:0, 0+0:0:0:0:0, 1+0:0:0:0:1, 0+0:0:0:0:0, 0+0:0:0:0:0, 7+0:0:0:0:5
G aeolian (1#), 1+0:0:0:0:1, 1+0:0:0:0:0, 1+0:0:0:0:1, 1+0:0:0:0:0, 1+0:0:0:0:0, 1+0:0:0:0:0, 0+0:0:0:0:0, 1+0:0:0:0:0, 1+0:0:0:0:1, 1+0:0:0:0:0, 1+0:0:0:0:1, 1+0:0:0:0:0, 1+0:0:0:0:0, 0+0:0:0:0:0, 0+0:0:0:0:0, 0+0:0:0:0:0, 1+0:0:0:0:1, 0+0:0:0:0:0, 0+0:0:0:0:0, 13+0:0:0:0:5
F locrian (1b), 1+0:0:0:0:0, 0+0:0:0:0:0, 2+0:1:0:0:1, 0+0:0:0:0:0, 1+0:1:0:0:1, 1+0:0:0:0:0, 1+0:0:0:0:0, 1+0:0:0:0:0, 2+0:1:0:0:1, 0+0:0:0:0:0, 2+0:1:0:0:1, 0+0:0:0:0:0, 1+0:0:0:0:0, 1+0:0:0:0:0, 2+0:0:0:0:0, 0+0:0:0:0:0, 1+0:0:0:0:0, 0+0:0:0:0:0, 0+0:0:0:0:0, 16+0:4:0:0:4
G locrian (1#), 1+0:0:0:0:1, 0+0:0:0:0:0, 1+0:0:0:0:1, 0+0:0:0:0:0, 1+0:0:0:0:0, 0+0:0:0:0:0, 1+0:0:0:0:0, 0+0:0:0:0:0, 1+0:0:0:0:1, 0+0:0:0:0:0, 1+0:0:0:0:1, 0+0:0:0:0:0, 0+0:0:0:0:0, 0+0:0:0:0:0, 0+0:0:0:0:0, 0+0:0:0:0:0, 1+0:0:0:0:1, 0+0:0:0:0:0, 0+0:0:0:0:0, 7+0:0:0:0:5
Bb major (2b), 1+0:0:0:0:1, 0+0:0:0:0:0, 2+0:0:0:0:1, 0+0:0:0:0:0, 1+0:0:0:0:0, 1+0:0:0:0:0, 1+0:0:0:0:0, 0+0:0:0:0:0, 1+0:0:0:0:1, 0+0:0:0:0:0, 2+0:0:0:0:1, 0+0:0:0:0:0, 0+0:0:0:0:0, 0+0:0:0:0:0, 1+0:0:0:0:0, 0+0:0:0:0:0, 1+0:0:0:0:1, 0+0:0:0:0:0, 0+0:0:0:0:0, 11+0:0:0:0:5
D major (2#), 1+0:0:0:0:1, 1+0:0:0:0:0, 0+0:0:0:0:0, 2+0:1:0:0:0, 1+0:1:0:0:0, 1+0:0:0:0:0, 1+0:0:0:0:0, 1+0:1:0:0:0, 1+0:0:0:0:1, 1+0:0:0:0:0, 0+0:0:0:0:0, 2+0:1:0:0:0, 1+0:1:0:0:0, 0+0:0:0:0:0, 0+0:0:0:0:0, 0+0:0:0:0:0, 1+0:0:0:0:1, 0+0:0:0:0:0, 0+0:0:0:0:0, 14+0:5:0:0:3
G minor (2b), 1+0:1:0:0:1, 1+0:0:0:0:0, 2+0:1:0:0:0, 0+0:0:0:0:0, 0+0:0:0:0:0, 2+0:0:0:0:0, 1+0:0:0:0:0, 0+0:0:0:0:0, 1+0:1:0:0:1, 1+0:0:0:0:0, 2+0:1:0:0:0, 0+0:0:0:0:0, 0+0:0:0:0:0, 0+0:0:0:0:0, 1+0:0:0:0:0, 0+0:0:0:0:0, 1+0:1:0:0:1, 0+0:0:0:0:0, 0+0:0:0:0:0, 13+0:5:0:0:3
B minor (2#), 2+0:0:0:0:0, 1+0:0:0:0:1, 0+0:0:0:0:0, 1+0:0:0:0:0, 0+0:0:0:0:0, 1+0:0:0:0:1, 1+0:0:0:0:0, 1+0:0:0:0:0, 2+0:0:0:0:0, 1+0:0:0:0:1, 0+0:0:0:0:0, 1+0:0:0:0:0, 1+0:0:0:0:0, 1+0:0:0:0:0, 1+0:0:0:0:0, 0+0:0:0:0:0, 2+0:0:0:0:0, 0+0:0:0:0:0, 0+0:0:0:0:0, 16+0:0:0:0:3
G minor mel (2b), 1+0:1:0:0:1, 1+0:0:0:0:0, 1+0:1:0:0:0, 0+0:0:0:0:0, 0+0:0:0:0:0, 1+0:0:0:0:0, 1+0:0:0:0:0, 0+0:0:0:0:0, 1+0:1:0:0:1, 1+0:0:0:0:0, 1+0:1:0:0:0, 0+0:0:0:0:0, 0+0:0:0:0:0, 0+0:0:0:0:0, 0+0:0:0:0:0, 0+0:0:0:0:0, 1+0:1:0:0:1, 0+0:0:0:0:0, 0+0:0:0:0:0, 9+0:5:0:0:3
B minor mel (2#), 1+0:0:0:0:0, 2+0:0:0:0:1, 0+0:0:0:0:0, 1+0:0:0:0:0, 1+0:0:0:0:0, 1+0:0:0:0:1, 1+0:0:0:0:0, 1+0:0:0:0:0, 1+0:0:0:0:0, 2+0:0:0:0:1, 0+0:0:0:0:0, 1+0:0:0:0:0, 2+0:0:0:0:0, 1+0:0:0:0:0, 1+0:0:0:0:0, 0+0:0:0:0:0, 1+0:0:0:0:0, 0+0:0:0:0:0, 0+0:0:0:0:0, 17+0:0:0:0:3
Bb major blues (2b), 2+0:0:0:0:0, 0+0:0:0:0:0, 3+0:1:0:0:1, 0+0:0:0:0:0, 1+0:1:0:0:1, 1+0:0:0:0:0, 2+0:0:0:0:1, 1+0:0:0:0:0, 2+0:1:0:0:1, 0+0:0:0:0:0, 3+0:1:0:0:1, 0+0:0:0:0:0, 1+0:0:0:0:0, 2+0:0:0:0:0, 2+0:0:0:0:0, 1+0:0:0:0:0, 2+0:0:0:0:0, 1+0:0:0:0:0, 1+0:0:0:0:0, 25+0:4:0:0:5
D major blues (2#), 1+0:0:0:0:0, 2+0:0:0:0:0, 1+0:0:0:0:0, 2+0:1:0:0:0, 3+0:1:0:0:0, 1+0:0:0:0:0, 1+0:0:0:0:0, 1+0:1:0:0:0, 1+0:0:0:0:0, 2+0:0:0:0:0, 1+0:0:0:0:0, 2+0:1:0:0:0, 2+0:1:0:0:0, 0+0:0:0:0:0, 0+0:0:0:0:0, 0+0:0:0:0:0, 1+0:0:0:0:0, 0+0:0:0:0:0, 0+0:0:0:0:0, 21+0:5:0:0:0
G minor blues (2b), 2+0:0:0:0:0, 0+0:0:0:0:0, 3+0:1:0:0:1, 0+0:0:0:0:0, 1+0:1:0:0:1, 1+0:0:0:0:0, 2+0:0:0:0:1, 1+0:0:0:0:0, 2+0:1:0:0:1, 0+0:0:0:0:0, 3+0:1:0:0:1, 0+0:0:0:0:0, 1+0:0:0:0:0, 2+0:0:0:0:0, 2+0:0:0:0:0, 1+0:0:0:0:0, 2+0:0:0:0:0, 1+0:0:0:0:0, 1+0:0:0:0:0, 25+0:4:0:0:5
B minor blues (2#), 1+0:0:0:0:0, 2+0:0:0:0:0, 1+0:0:0:0:0, 2+0:1:0:0:0, 3+0:1:0:0:0, 1+0:0:0:0:0, 1+0:0:0:0:0, 1+0:1:0:0:0, 1+0:0:0:0:0, 2+0:0:0:0:0, 1+0:0:0:0:0, 2+0:1:0:0:0, 2+0:1:0:0:0, 0+0:0:0:0:0, 0+0:0:0:0:0, 0+0:0:0:0:0, 1+0:0:0:0:0, 0+0:0:0:0:0, 0+0:0:0:0:0, 21+0:5:0:0:0
Bb dorian (2b), 1+0:0:0:0:1, 0+0:0:0:0:0, 1+0:0:0:0:1, 0+0:0:0:0:0, 1+0:0:0:0:0, 0+0:0:0:0:0, 1+0:0:0:0:0, 0+0:0:0:0:0, 1+0:0:0:0:1, 0+0:0:0:0:0, 1+0:0:0:0:1, 0+0:0:0:0:0, 0+0:0:0:0:0, 0+0:0:0:0:0, 0+0:0:0:0:0, 0+0:0:0:0:0, 1+0:0:0:0:1, 0+0:0:0:0:0, 0+0:0:0:0:0, 7+0:0:0:0:5
D dorian (2#), 0+0:0:0:0:0, 2+0:0:0:0:0, 0+0:0:0:0:0, 2+0:1:0:0:0, 2+0:1:0:0:0, 1+0:0:0:0:0, 1+0:0:0:0:0, 1+0:1:0:0:0, 0+0:0:0:0:0, 2+0:0:0:0:0, 0+0:0:0:0:0, 2+0:1:0:0:0, 2+0:1:0:0:0, 0+0:0:0:0:0, 0+0:0:0:0:0, 0+0:0:0:0:0, 0+0:0:0:0:0, 0+0:0:0:0:0, 0+0:0:0:0:0, 15+0:5:0:0:0
Bb phrygian (2b), 1+0:0:0:0:0, 0+0:0:0:0:0, 2+0:1:0:0:1, 0+0:0:0:0:0, 1+0:1:0:0:1, 1+0:0:0:0:0, 1+0:0:0:0:0, 1+0:0:0:0:0, 2+0:1:0:0:1, 0+0:0:0:0:0, 2+0:1:0:0:1, 0+0:0:0:0:0, 1+0:0:0:0:0, 1+0:0:0:0:0, 2+0:0:0:0:0, 0+0:0:0:0:0, 1+0:0:0:0:0, 0+0:0:0:0:0, 0+0:0:0:0:0, 16+0:4:0:0:4
D phrygian (2#), 1+0:0:0:0:1, 1+0:0:0:0:0, 1+0:0:0:0:1, 1+0:0:0:0:0, 1+0:0:0:0:0, 1+0:0:0:0:0, 0+0:0:0:0:0, 1+0:0:0:0:0, 1+0:0:0:0:1, 1+0:0:0:0:0, 1+0:0:0:0:1, 1+0:0:0:0:0, 1+0:0:0:0:0, 0+0:0:0:0:0, 0+0:0:0:0:0, 0+0:0:0:0:0, 1+0:0:0:0:1, 0+0:0:0:0:0, 0+0:0:0:0:0, 13+0:0:0:0:5
Bb lydian (2b), 1+0:0:0:0:1, 0+0:0:0:0:0, 1+0:0:0:0:1, 0+0:0:0:0:0, 1+0:0:0:0:0, 0+0:0:0:0:0, 1+0:0:0:0:0, 0+0:0:0:0:0, 1+0:0:0:0:1, 0+0:0:0:0:0, 1+0:0:0:0:1, 0+0:0:0:0:0, 0+0:0:0:0:0, 0+0:0:0:0:0, 0+0:0:0:0:0, 0+0:0:0:0:0, 1+0:0:0:0:1, 0+0:0:0:0:0, 0+0:0:0:0:0, 7+0:0:0:0:5
D lydian (2#), 0+0:0:0:0:0, 2+0:0:0:0:0, 0+0:0:0:0:0, 2+0:1:0:0:0, 2+0:1:0:0:0, 1+0:0:0:0:0, 1+0:0:0:0:0, 1+0:1:0:0:0, 0+0:0:0:0:0, 2+0:0:0:0:0, 0+0:0:0:0:0, 2+0:1:0:0:0, 2+0:1:0:0:0, 0+0:0:0:0:0, 0+0:0:0:0:0, 0+0:0:0:0:0, 0+0:0:0:0:0, 0+0:0:0:0:0, 0+0:0:0:0:0, 15+0:5:0:0:0
Bb mixolydian (2b), 1+0:0:0:0:0, 0+0:0:0:0:0, 2+0:1:0:0:1, 0+0:0:0:0:0, 1+0:1:0:0:1, 1+0:0:0:0:0, 1+0:0:0:0:0, 1+0:0:0:0:0, 2+0:1:0:0:1, 0+0:0:0:0:0, 2+0:1:0:0:1, 0+0:0:0:0:0, 1+0:0:0:0:0, 1+0:0:0:0:0, 2+0:0:0:0:0, 0+0:0:0:0:0, 1+0:0:0:0:0, 0+0:0:0:0:0, 0+0:0:0:0:0, 16+0:4:0:0:4
D mixolydian (2#), 1+0:0:0:0:1, 1+0:0:0:0:0, 1+0:0:0:0:1, 1+0:0:0:0:0, 1+0:0:0:0:0, 1+0:0:0:0:0, 0+0:0:0:0:0, 1+0:0:0:0:0, 1+0:0:0:0:1, 1+0:0:0:0:0, 1+0:0:0:0:1, 1+0:0:0:0:0, 1+0:0:0:0:0, 0+0:0:0:0:0, 0+0:0:0:0:0, 0+0:0:0:0:0, 1+0:0:0:0:1, 0+0:0:0:0:0, 0+0:0:0:0:0, 13+0:0:0:0:5
Bb aeolian (2b), 1+0:0:0:0:1, 0+0:0:0:0:0, 2+0:0:0:0:1, 0+0:0:0:0:0, 1+0:0:0:0:0, 1+0:0:0:0:0, 1+0:0:0:0:0, 0+0:0:0:0:0, 1+0:0:0:0:1, 0+0:0:0:0:0, 2+0:0:0:0:1, 0+0:0:0:0:0, 0+0:0:0:0:0, 0+0:0:0:0:0, 1+0:0:0:0:0, 0+0:0:0:0:0, 1+0:0:0:0:1, 0+0:0:0:0:0, 0+0:0:0:0:0, 11+0:0:0:0:5
D aeolian (2#), 1+0:0:0:0:1, 1+0:0:0:0:0, 0+0:0:0:0:0, 2+0:1:0:0:0, 1+0:1:0:0:0, 1+0:0:0:0:0, 1+0:0:0:0:0, 1+0:1:0:0:0, 1+0:0:0:0:1, 1+0:0:0:0:0, 0+0:0:0:0:0, 2+0:1:0:0:0, 1+0:1:0:0:0, 0+0:0:0:0:0, 0+0:0:0:0:0, 0+0:0:0:0:0, 1+0:0:0:0:1, 0+0:0:0:0:0, 0+0:0:0:0:0, 14+0:5:0:0:3
Bb locrian (2b), 1+0:0:0:0:0, 0+0:0:0:0:0, 3+0:1:0:0:1, 0+0:0:0:0:0, 1+0:1:0:0:1, 1+0:0:0:0:0, 2+0:0:0:0:1, 1+0:0:0:0:0, 2+0:1:0:0:1, 0+0:0:0:0:0, 3+0:1:0:0:1, 0+0:0:0:0:0, 1+0:0:0:0:0, 2+0:0:0:0:0, 2+0:0:0:0:0, 1+0:0:0:0:0, 1+0:0:0:0:0, 1+0:0:0:0:0, 1+0:0:0:0:0, 23+0:4:0:0:5
D locrian (2#), 1+0:0:0:0:1, 0+0:0:0:0:0, 1+0:0:0:0:1, 1+0:0:0:0:0, 2+0:0:0:0:0, 0+0:0:0:0:0, 0+0:0:0:0:0, 1+0:0:0:0:0, 1+0:0:0:0:1, 0+0:0:0:0:0, 1+0:0:0:0:1, 1+0:0:0:0:0, 1+0:0:0:0:0, 0+0:0:0:0:0, 0+0:0:0:0:0, 0+0:0:0:0:0, 1+0:0:0:0:1, 0+0:0:0:0:0, 0+0:0:0:0:0, 11+0:0:0:0:5
Eb major (3b), 1+0:0:0:0:0, 0+0:0:0:0:0, 2+0:1:0:0:1, 0+0:0:0:0:0, 1+0:1:0:0:1, 1+0:0:0:0:0, 1+0:0:0:0:0, 1+0:0:0:0:0, 2+0:1:0:0:1, 0+0:0:0:0:0, 2+0:1:0:0:1, 0+0:0:0:0:0, 1+0:0:0:0:0, 1+0:0:0:0:0, 2+0:0:0:0:0, 0+0:0:0:0:0, 1+0:0:0:0:0, 0+0:0:0:0:0, 0+0:0:0:0:0, 16+0:4:0:0:4
A major (3#), 0+0:0:0:0:0, 2+0:0:0:0:0, 0+0:0:0:0:0, 2+0:1:0:0:0, 2+0:1:0:0:0, 1+0:0:0:0:0, 1+0:0:0:0:0, 1+0:1:0:0:0, 0+0:0:0:0:0, 2+0:0:0:0:0, 0+0:0:0:0:0, 2+0:1:0:0:0, 2+0:1:0:0:0, 0+0:0:0:0:0, 0+0:0:0:0:0, 0+0:0:0:0:0, 0+0:0:0:0:0, 0+0:0:0:0:0, 0+0:0:0:0:0, 15+0:5:0:0:0
C minor (3b), 1+0:0:0:0:0, 0+0:0:0:0:0, 2+0:1:0:0:1, 1+0:0:0:0:0, 2+0:1:0:0:0, 1+0:0:0:0:0, 0+0:0:0:0:0, 2+0:0:0:0:0, 2+0:1:0:0:1, 0+0:0:0:0:0, 2+0:1:0:0:1, 1+0:0:0:0:0, 2+0:0:0:0:0, 1+0:0:0:0:0, 2+0:0:0:0:0, 0+0:0:0:0:0, 1+0:0:0:0:0, 0+0:0:0:0:0, 0+0:0:0:0:0, 20+0:4:0:0:3
F# minor (3#), 0+0:0:0:0:0, 1+0:0:0:0:0, 1+0:0:0:0:0, 2+0:0:0:0:1, 2+0:0:0:0:0, 1+0:0:0:0:0, 1+0:0:0:0:1, 1+0:1:0:0:1, 0+0:0:0:0:0, 1+0:0:0:0:0, 1+0:0:0:0:0, 2+0:0:0:0:1, 2+0:1:0:0:1, 0+0:0:0:0:0, 1+0:0:0:0:0, 0+0:0:0:0:0, 0+0:0:0:0:0, 0+0:0:0:0:0, 0+0:0:0:0:0, 16+0:2:0:0:5
C minor mel (3b), 1+0:1:0:0:1, 0+0:0:0:0:0, 2+0:1:0:0:1, 1+0:0:0:0:0, 2+0:1:0:0:0, 1+0:0:0:0:0, 0+0:0:0:0:0, 1+0:0:0:0:0, 1+0:1:0:0:1, 0+0:0:0:0:0, 2+0:1:0:0:1, 1+0:0:0:0:0, 1+0:0:0:0:0, 0+0:0:0:0:0, 1+0:0:0:0:0, 0+0:0:0:0:0, 1+0:1:0:0:1, 0+0:0:0:0:0, 0+0:0:0:0:0, 15+0:6:0:0:5
F# minor mel (3#), 0+0:0:0:0:0, 1+0:0:0:0:0, 2+0:0:0:0:0, 2+0:0:0:0:1, 2+0:0:0:0:0, 1+0:0:0:0:0, 2+0:0:0:0:1, 1+0:1:0:0:1, 0+0:0:0:0:0, 1+0:0:0:0:0, 2+0:0:0:0:0, 2+0:0:0:0:1, 2+0:1:0:0:1, 1+0:0:0:0:0, 1+0:0:0:0:0, 1+0:0:0:0:0, 0+0:0:0:0:0, 1+0:0:0:0:0, 1+0:0:0:0:0, 23+0:2:0:0:5
Eb major blues (3b), 2+0:0:0:0:0, 1+0:0:0:0:0, 3+0:1:0:0:2, 0+0:0:0:0:0, 2+0:0:0:0:0, 1+0:0:0:0:1, 2+0:0:0:0:1, 1+0:0:0:0:0, 2+0:1:0:0:1, 1+0:0:0:0:0, 3+0:1:0:0:2, 0+0:0:0:0:0, 2+0:0:0:0:0, 2+0:0:0:0:0, 2+0:0:0:0:1, 1+0:0:0:0:0, 2+0:0:0:0:0, 1+0:0:0:0:0, 1+0:0:0:0:0, 29+0:3:0:0:8
A major blues (3#), 1+0:0:0:0:0, 2+0:0:0:0:0, 2+0:0:0:0:0, 2+0:1:0:0:0, 2+0:1:0:0:0, 1+0:0:0:0:0, 2+0:0:0:0:0, 1+0:1:0:0:0, 1+0:0:0:0:0, 2+0:0:0:0:0, 2+0:0:0:0:0, 2+0:1:0:0:0, 2+0:1:0:0:0, 1+0:0:0:0:0, 0+0:0:0:0:0, 1+0:0:0:0:0, 1+0:0:0:0:0, 1+0:0:0:0:0, 1+0:0:0:0:0, 27+0:5:0:0:0
C minor blues (3b), 2+0:0:0:0:0, 1+0:0:0:0:0, 3+0:1:0:0:2, 0+0:0:0:0:0, 2+0:0:0:0:0, 1+0:0:0:0:1, 2+0:0:0:0:1, 1+0:0:0:0:0, 2+0:1:0:0:1, 1+0:0:0:0:0, 3+0:1:0:0:2, 0+0:0:0:0:0, 2+0:0:0:0:0, 2+0:0:0:0:0, 2+0:0:0:0:1, 1+0:0:0:0:0, 2+0:0:0:0:0, 1+0:0:0:0:0, 1+0:0:0:0:0, 29+0:3:0:0:8
F# minor blues (3#), 1+0:0:0:0:0, 2+0:0:0:0:0, 2+0:0:0:0:0, 2+0:1:0:0:0, 2+0:1:0:0:0, 1+0:0:0:0:0, 2+0:0:0:0:0, 1+0:1:0:0:0, 1+0:0:0:0:0, 2+0:0:0:0:0, 2+0:0:0:0:0, 2+0:1:0:0:0, 2+0:1:0:0:0, 1+0:0:0:0:0, 0+0:0:0:0:0, 1+0:0:0:0:0, 1+0:0:0:0:0, 1+0:0:0:0:0, 1+0:0:0:0:0, 27+0:5:0:0:0
Eb dorian (3b), 1+0:0:0:0:1, 0+0:0:0:0:0, 2+0:0:0:0:1, 0+0:0:0:0:0, 1+0:0:0:0:0, 1+0:0:0:0:0, 1+0:0:0:0:0, 0+0:0:0:0:0, 1+0:0:0:0:1, 0+0:0:0:0:0, 2+0:0:0:0:1, 0+0:0:0:0:0, 0+0:0:0:0:0, 0+0:0:0:0:0, 1+0:0:0:0:0, 0+0:0:0:0:0, 1+0:0:0:0:1, 0+0:0:0:0:0, 0+0:0:0:0:0, 11+0:0:0:0:5
A dorian (3#), 0+0:0:0:0:0, 2+0:0:0:0:0, 1+0:0:0:0:0, 2+0:1:0:0:0, 2+0:1:0:0:0, 1+0:0:0:0:0, 2+0:0:0:0:0, 1+0:1:0:0:0, 0+0:0:0:0:0, 2+0:0:0:0:0, 1+0:0:0:0:0, 2+0:1:0:0:0, 2+0:1:0:0:0, 1+0:0:0:0:0, 0+0:0:0:0:0, 1+0:0:0:0:0, 0+0:0:0:0:0, 1+0:0:0:0:0, 1+0:0:0:0:0, 22+0:5:0:0:0
Eb phrygian (3b), 1+0:0:0:0:0, 0+0:0:0:0:0, 3+0:1:0:0:1, 0+0:0:0:0:0, 1+0:1:0:0:1, 1+0:0:0:0:0, 2+0:0:0:0:1, 1+0:0:0:0:0, 2+0:1:0:0:1, 0+0:0:0:0:0, 3+0:1:0:0:1, 0+0:0:0:0:0, 1+0:0:0:0:0, 2+0:0:0:0:0, 2+0:0:0:0:0, 1+0:0:0:0:0, 1+0:0:0:0:0, 1+0:0:0:0:0, 1+0:0:0:0:0, 23+0:4:0:0:5
A phrygian (3#), 1+0:0:0:0:1, 1+0:0:0:0:0, 0+0:0:0:0:0, 2+0:1:0:0:0, 1+0:1:0:0:0, 1+0:0:0:0:0, 1+0:0:0:0:0, 1+0:1:0:0:0, 1+0:0:0:0:1, 1+0:0:0:0:0, 0+0:0:0:0:0, 2+0:1:0:0:0, 1+0:1:0:0:0, 0+0:0:0:0:0, 0+0:0:0:0:0, 0+0:0:0:0:0, 1+0:0:0:0:1, 0+0:0:0:0:0, 0+0:0:0:0:0, 14+0:5:0:0:3
Eb lydian (3b), 1+0:0:0:0:1, 0+0:0:0:0:0, 2+0:0:0:0:1, 0+0:0:0:0:0, 1+0:0:0:0:0, 1+0:0:0:0:0, 1+0:0:0:0:0, 0+0:0:0:0:0, 1+0:0:0:0:1, 0+0:0:0:0:0, 2+0:0:0:0:1, 0+0:0:0:0:0, 0+0:0:0:0:0, 0+0:0:0:0:0, 1+0:0:0:0:0, 0+0:0:0:0:0, 1+0:0:0:0:1, 0+0:0:0:0:0, 0+0:0:0:0:0, 11+0:0:0:0:5
A lydian (3#), 0+0:0:0:0:0, 2+0:0:0:0:0, 1+0:0:0:0:0, 2+0:1:0:0:0, 2+0:1:0:0:0, 1+0:0:0:0:0, 2+0:0:0:0:0, 1+0:1:0:0:0, 0+0:0:0:0:0, 2+0:0:0:0:0, 1+0:0:0:0:0, 2+0:1:0:0:0, 2+0:1:0:0:0, 1+0:0:0:0:0, 0+0:0:0:0:0, 1+0:0:0:0:0, 0+0:0:0:0:0, 1+0:0:0:0:0, 1+0:0:0:0:0, 22+0:5:0:0:0
Eb mixolydian (3b), 1+0:0:0:0:0, 0+0:0:0:0:0, 3+0:1:0:0:1, 0+0:0:0:0:0, 1+0:1:0:0:1, 1+0:0:0:0:0, 2+0:0:0:0:1, 1+0:0:0:0:0, 2+0:1:0:0:1, 0+0:0:0:0:0, 3+0:1:0:0:1, 0+0:0:0:0:0, 1+0:0:0:0:0, 2+0:0:0:0:0, 2+0:0:0:0:0, 1+0:0:0:0:0, 1+0:0:0:0:0, 1+0:0:0:0:0, 1+0:0:0:0:0, 23+0:4:0:0:5
A mixolydian (3#), 1+0:0:0:0:1, 1+0:0:0:0:0, 0+0:0:0:0:0, 2+0:1:0:0:0, 1+0:1:0:0:0, 1+0:0:0:0:0, 1+0:0:0:0:0, 1+0:1:0:0:0, 1+0:0:0:0:1, 1+0:0:0:0:0, 0+0:0:0:0:0, 2+0:1:0:0:0, 1+0:1:0:0:0, 0+0:0:0:0:0, 0+0:0:0:0:0, 0+0:0:0:0:0, 1+0:0:0:0:1, 0+0:0:0:0:0, 0+0:0:0:0:0, 14+0:5:0:0:3
Eb aeolian (3b), 1+0:0:0:0:0, 0+0:0:0:0:0, 2+0:1:0:0:1, 0+0:0:0:0:0, 1+0:1:0:0:1, 1+0:0:0:0:0, 1+0:0:0:0:0, 1+0:0:0:0:0, 2+0:1:0:0:1, 0+0:0:0:0:0, 2+0:1:0:0:1, 0+0:0:0:0:0, 1+0:0:0:0:0, 1+0:0:0:0:0, 2+0:0:0:0:0, 0+0:0:0:0:0, 1+0:0:0:0:0, 0+0:0:0:0:0, 0+0:0:0:0:0, 16+0:4:0:0:4
A aeolian (3#), 0+0:0:0:0:0, 2+0:0:0:0:0, 0+0:0:0:0:0, 2+0:1:0:0:0, 2+0:1:0:0:0, 1+0:0:0:0:0, 1+0:0:0:0:0, 1+0:1:0:0:0, 0+0:0:0:0:0, 2+0:0:0:0:0, 0+0:0:0:0:0, 2+0:1:0:0:0, 2+0:1:0:0:0, 0+0:0:0:0:0, 0+0:0:0:0:0, 0+0:0:0:0:0, 0+0:0:0:0:0, 0+0:0:0:0:0, 0+0:0:0:0:0, 15+0:5:0:0:0
Eb locrian (3b), 1+0:0:0:0:0, 1+0:0:0:0:0, 3+0:1:0:0:2, 0+0:0:0:0:0, 1+0:0:0:0:0, 1+0:0:0:0:1, 2+0:0:0:0:1, 1+0:0:0:0:0, 2+0:1:0:0:1, 1+0:0:0:0:0, 3+0:1:0:0:2, 0+0:0:0:0:0, 2+0:0:0:0:0, 2+0:0:0:0:0, 2+0:0:0:0:1, 1+0:0:0:0:0, 1+0:0:0:0:0, 1+0:0:0:0:0, 1+0:0:0:0:0, 26+0:3:0:0:8
A locrian (3#), 1+0:0:0:0:1, 1+0:0:0:0:0, 1+0:0:0:0:1, 1+0:0:0:0:0, 1+0:0:0:0:0, 1+0:0:0:0:0, 0+0:0:0:0:0, 1+0:0:0:0:0, 1+0:0:0:0:1, 1+0:0:0:0:0, 1+0:0:0:0:1, 1+0:0:0:0:0, 1+0:0:0:0:0, 0+0:0:0:0:0, 0+0:0:0:0:0, 0+0:0:0:0:0, 1+0:0:0:0:1, 0+0:0:0:0:0, 0+0:0:0:0:0, 13+0:0:0:0:5
Ab major (4b), 1+0:0:0:0:0, 0+0:0:0:0:0, 3+0:1:0:0:1, 0+0:0:0:0:0, 1+0:1:0:0:1, 1+0:0:0:0:0, 2+0:0:0:0:1, 1+0:0:0:0:0, 2+0:1:0:0:1, 0+0:0:0:0:0, 3+0:1:0:0:1, 0+0:0:0:0:0, 1+0:0:0:0:0, 2+0:0:0:0:0, 2+0:0:0:0:0, 1+0:0:0:0:0, 1+0:0:0:0:0, 1+0:0:0:0:0, 1+0:0:0:0:0, 23+0:4:0:0:5
E major (4#), 0+0:0:0:0:0, 2+0:0:0:0:0, 1+0:0:0:0:0, 2+0:1:0:0:0, 2+0:1:0:0:0, 1+0:0:0:0:0, 2+0:0:0:0:0, 1+0:1:0:0:0, 0+0:0:0:0:0, 2+0:0:0:0:0, 1+0:0:0:0:0, 2+0:1:0:0:0, 2+0:1:0:0:0, 1+0:0:0:0:0, 0+0:0:0:0:0, 1+0:0:0:0:0, 0+0:0:0:0:0, 1+0:0:0:0:0, 1+0:0:0:0:0, 22+0:5:0:0:0
F minor (4b), 1+0:0:0:0:0, 0+0:0:0:0:0, 2+0:1:0:0:1, 0+0:0:0:0:0, 1+0:1:0:0:1, 0+0:0:0:0:0, 2+0:0:0:0:0, 1+0:0:0:0:0, 2+0:1:0:0:1, 0+0:0:0:0:0, 2+0:1:0:0:1, 0+0:0:0:0:0, 1+0:0:0:0:0, 2+0:0:0:0:0, 1+0:0:0:0:0, 1+0:0:0:0:0, 1+0:0:0:0:0, 1+0:0:0:0:0, 1+0:0:0:0:0, 19+0:4:0:0:4
C# minor (4#), 0+0:0:0:0:0, 2+0:0:0:0:2, 1+0:0:0:0:0, 1+0:0:0:0:0, 2+0:0:0:0:1, 1+0:0:0:0:1, 2+0:1:1:0:1, 1+0:1:0:0:1, 0+0:0:0:0:0, 2+0:0:0:0:2, 1+0:0:0:0:0, 1+0:0:0:0:0, 2+0:1:0:0:2, 1+0:0:0:0:0, 0+0:0:0:0:0, 1+0:0:0:0:0, 0+0:0:0:0:0, 1+0:0:0:0:0, 1+0:0:0:0:0, 20+0:3:1:0:10
F minor mel (4b), 1+0:0:0:0:0, 0+0:0:0:0:0, 1+0:1:0:0:1, 0+0:0:0:0:0, 1+0:1:0:0:1, 0+0:0:0:0:0, 1+0:0:0:0:0, 1+0:0:0:0:0, 2+0:1:0:0:1, 0+0:0:0:0:0, 1+0:1:0:0:1, 0+0:0:0:0:0, 1+0:0:0:0:0, 1+0:0:0:0:0, 1+0:0:0:0:0, 0+0:0:0:0:0, 1+0:0:0:0:0, 0+0:0:0:0:0, 0+0:0:0:0:0, 12+0:4:0:0:4
C# minor mel (4#), 1+0:0:0:0:0, 2+0:0:0:0:2, 1+0:0:0:0:0, 0+0:0:0:0:0, 1+0:0:0:0:1, 1+0:0:0:0:1, 2+0:1:1:0:1, 1+0:0:0:0:0, 1+0:0:0:0:0, 2+0:0:0:0:2, 1+0:0:0:0:0, 0+0:0:0:0:0, 2+0:0:0:0:1, 2+0:0:0:0:0, 1+0:0:0:0:0, 1+0:0:0:0:0, 1+0:0:0:0:0, 1+0:0:0:0:0, 1+0:0:0:0:0, 22+0:1:1:0:8
Ab major blues (4b), 1+0:0:0:0:1, 1+0:0:0:0:0, 3+0:1:0:0:2, 1+0:0:0:0:0, 2+0:0:0:0:0, 1+0:0:0:0:1, 3+0:0:0:0:1, 1+0:0:0:0:1, 2+0:1:0:0:2, 1+0:0:0:0:0, 3+0:1:0:0:2, 1+0:0:0:0:0, 2+0:0:0:0:1, 2+0:0:0:0:1, 2+0:0:0:0:2, 1+0:0:0:0:0, 1+0:0:0:0:1, 1+0:0:0:0:0, 1+0:0:0:0:0, 30+0:3:0:0:15
E major blues (4#), 2+0:0:0:0:0, 2+0:0:0:0:0, 1+0:0:0:0:0, 2+0:0:0:0:0, 2+0:0:0:0:0, 1+0:0:0:0:0, 2+0:0:0:0:0, 2+0:0:0:0:0, 2+0:0:0:0:0, 2+0:0:0:0:0, 1+0:0:0:0:0, 2+0:0:0:0:0, 3+0:0:0:0:0, 2+0:0:0:0:0, 1+0:0:0:0:0, 1+0:0:0:0:0, 2+0:0:0:0:0, 1+0:0:0:0:0, 1+0:0:0:0:0, 32+0:0:0:0:0
F minor blues (4b), 1+0:0:0:0:1, 1+0:0:0:0:0, 3+0:1:0:0:2, 1+0:0:0:0:0, 2+0:0:0:0:0, 1+0:0:0:0:1, 3+0:0:0:0:1, 1+0:0:0:0:1, 2+0:1:0:0:2, 1+0:0:0:0:0, 3+0:1:0:0:2, 1+0:0:0:0:0, 2+0:0:0:0:1, 2+0:0:0:0:1, 2+0:0:0:0:2, 1+0:0:0:0:0, 1+0:0:0:0:1, 1+0:0:0:0:0, 1+0:0:0:0:0, 30+0:3:0:0:15
C# minor blues (4#), 2+0:0:0:0:0, 2+0:0:0:0:0, 1+0:0:0:0:0, 2+0:0:0:0:0, 2+0:0:0:0:0, 1+0:0:0:0:0, 2+0:0:0:0:0, 2+0:0:0:0:0, 2+0:0:0:0:0, 2+0:0:0:0:0, 1+0:0:0:0:0, 2+0:0:0:0:0, 3+0:0:0:0:0, 2+0:0:0:0:0, 1+0:0:0:0:0, 1+0:0:0:0:0, 2+0:0:0:0:0, 1+0:0:0:0:0, 1+0:0:0:0:0, 32+0:0:0:0:0
Ab dorian (4b), 1+0:0:0:0:0, 0+0:0:0:0:0, 2+0:1:0:0:1, 0+0:0:0:0:0, 1+0:1:0:0:1, 1+0:0:0:0:0, 1+0:0:0:0:0, 1+0:0:0:0:0, 2+0:1:0:0:1, 0+0:0:0:0:0, 2+0:1:0:0:1, 0+0:0:0:0:0, 1+0:0:0:0:0, 1+0:0:0:0:0, 2+0:0:0:0:0, 0+0:0:0:0:0, 1+0:0:0:0:0, 0+0:0:0:0:0, 0+0:0:0:0:0, 16+0:4:0:0:4
E dorian (4#), 1+0:0:0:0:0, 2+0:0:0:0:0, 1+0:0:0:0:0, 1+0:0:0:0:0, 1+0:0:0:0:0, 1+0:0:0:0:0, 2+0:0:0:0:0, 1+0:0:0:0:0, 1+0:0:0:0:0, 2+0:0:0:0:0, 1+0:0:0:0:0, 1+0:0:0:0:0, 2+0:0:0:0:0, 2+0:0:0:0:0, 1+0:0:0:0:0, 1+0:0:0:0:0, 1+0:0:0:0:0, 1+0:0:0:0:0, 1+0:0:0:0:0, 24+0:0:0:0:0
Ab phrygian (4b), 1+0:0:0:0:0, 1+0:0:0:0:0, 3+0:1:0:0:2, 0+0:0:0:0:0, 1+0:0:0:0:0, 1+0:0:0:0:1, 2+0:0:0:0:1, 1+0:0:0:0:0, 2+0:1:0:0:1, 1+0:0:0:0:0, 3+0:1:0:0:2, 0+0:0:0:0:0, 2+0:0:0:0:0, 2+0:0:0:0:0, 2+0:0:0:0:1, 1+0:0:0:0:0, 1+0:0:0:0:0, 1+0:0:0:0:0, 1+0:0:0:0:0, 26+0:3:0:0:8
E phrygian (4#), 0+0:0:0:0:0, 2+0:0:0:0:0, 0+0:0:0:0:0, 2+0:1:0:0:0, 2+0:1:0:0:0, 1+0:0:0:0:0, 1+0:0:0:0:0, 1+0:1:0:0:0, 0+0:0:0:0:0, 2+0:0:0:0:0, 0+0:0:0:0:0, 2+0:1:0:0:0, 2+0:1:0:0:0, 0+0:0:0:0:0, 0+0:0:0:0:0, 0+0:0:0:0:0, 0+0:0:0:0:0, 0+0:0:0:0:0, 0+0:0:0:0:0, 15+0:5:0:0:0
Ab lydian (4b), 1+0:0:0:0:0, 0+0:0:0:0:0, 2+0:1:0:0:1, 0+0:0:0:0:0, 1+0:1:0:0:1, 1+0:0:0:0:0, 1+0:0:0:0:0, 1+0:0:0:0:0, 2+0:1:0:0:1, 0+0:0:0:0:0, 2+0:1:0:0:1, 0+0:0:0:0:0, 1+0:0:0:0:0, 1+0:0:0:0:0, 2+0:0:0:0:0, 0+0:0:0:0:0, 1+0:0:0:0:0, 0+0:0:0:0:0, 0+0:0:0:0:0, 16+0:4:0:0:4
E lydian (4#), 1+0:0:0:0:0, 2+0:0:0:0:0, 1+0:0:0:0:0, 1+0:0:0:0:0, 1+0:0:0:0:0, 1+0:0:0:0:0, 2+0:0:0:0:0, 1+0:0:0:0:0, 1+0:0:0:0:0, 2+0:0:0:0:0, 1+0:0:0:0:0, 1+0:0:0:0:0, 2+0:0:0:0:0, 2+0:0:0:0:0, 1+0:0:0:0:0, 1+0:0:0:0:0, 1+0:0:0:0:0, 1+0:0:0:0:0, 1+0:0:0:0:0, 24+0:0:0:0:0
Ab mixolydian (4b), 1+0:0:0:0:0, 1+0:0:0:0:0, 3+0:1:0:0:2, 0+0:0:0:0:0, 1+0:0:0:0:0, 1+0:0:0:0:1, 2+0:0:0:0:1, 1+0:0:0:0:0, 2+0:1:0:0:1, 1+0:0:0:0:0, 3+0:1:0:0:2, 0+0:0:0:0:0, 2+0:0:0:0:0, 2+0:0:0:0:0, 2+0:0:0:0:1, 1+0:0:0:0:0, 1+0:0:0:0:0, 1+0:0:0:0:0, 1+0:0:0:0:0, 26+0:3:0:0:8
E mixolydian (4#), 0+0:0:0:0:0, 2+0:0:0:0:0, 0+0:0:0:0:0, 2+0:1:0:0:0, 2+0:1:0:0:0, 1+0:0:0:0:0, 1+0:0:0:0:0, 1+0:1:0:0:0, 0+0:0:0:0:0, 2+0:0:0:0:0, 0+0:0:0:0:0, 2+0:1:0:0:0, 2+0:1:0:0:0, 0+0:0:0:0:0, 0+0:0:0:0:0, 0+0:0:0:0:0, 0+0:0:0:0:0, 0+0:0:0:0:0, 0+0:0:0:0:0, 15+0:5:0:0:0
Ab aeolian (4b), 1+0:0:0:0:0, 0+0:0:0:0:0, 3+0:1:0:0:1, 0+0:0:0:0:0, 1+0:1:0:0:1, 1+0:0:0:0:0, 2+0:0:0:0:1, 1+0:0:0:0:0, 2+0:1:0:0:1, 0+0:0:0:0:0, 3+0:1:0:0:1, 0+0:0:0:0:0, 1+0:0:0:0:0, 2+0:0:0:0:0, 2+0:0:0:0:0, 1+0:0:0:0:0, 1+0:0:0:0:0, 1+0:0:0:0:0, 1+0:0:0:0:0, 23+0:4:0:0:5
E aeolian (4#), 0+0:0:0:0:0, 2+0:0:0:0:0, 1+0:0:0:0:0, 2+0:1:0:0:0, 2+0:1:0:0:0, 1+0:0:0:0:0, 2+0:0:0:0:0, 1+0:1:0:0:0, 0+0:0:0:0:0, 2+0:0:0:0:0, 1+0:0:0:0:0, 2+0:1:0:0:0, 2+0:1:0:0:0, 1+0:0:0:0:0, 0+0:0:0:0:0, 1+0:0:0:0:0, 0+0:0:0:0:0, 1+0:0:0:0:0, 1+0:0:0:0:0, 22+0:5:0:0:0
Ab locrian (4b), 1+0:0:0:0:1, 1+0:0:0:0:0, 3+0:1:0:0:2, 1+0:0:0:0:0, 1+0:0:0:0:0, 1+0:0:0:0:1, 2+0:1:1:0:1, 1+0:0:0:0:1, 2+0:1:0:0:2, 1+0:0:0:0:0, 3+0:1:0:0:2, 1+0:0:0:0:0, 2+0:0:0:0:1, 2+0:0:0:0:1, 2+0:0:0:0:2, 1+0:0:0:0:0, 1+0:0:0:0:1, 1+0:0:0:0:0, 1+0:0:0:0:0, 28+0:4:1:0:15
E locrian (4#), 1+0:0:0:0:1, 1+0:0:0:0:0, 0+0:0:0:0:0, 2+0:1:0:0:0, 1+0:1:0:0:0, 1+0:0:0:0:0, 1+0:0:0:0:0, 1+0:1:0:0:0, 1+0:0:0:0:1, 1+0:0:0:0:0, 0+0:0:0:0:0, 2+0:1:0:0:0, 1+0:1:0:0:0, 0+0:0:0:0:0, 0+0:0:0:0:0, 0+0:0:0:0:0, 1+0:0:0:0:1, 0+0:0:0:0:0, 0+0:0:0:0:0, 14+0:5:0:0:3
Db major (5b), 1+0:0:0:0:0, 1+0:0:0:0:0, 3+0:1:0:0:2, 0+0:0:0:0:0, 1+0:0:0:0:0, 1+0:0:0:0:1, 2+0:0:0:0:1, 1+0:0:0:0:0, 2+0:1:0:0:1, 1+0:0:0:0:0, 3+0:1:0:0:2, 0+0:0:0:0:0, 2+0:0:0:0:0, 2+0:0:0:0:0, 2+0:0:0:0:1, 1+0:0:0:0:0, 1+0:0:0:0:0, 1+0:0:0:0:0, 1+0:0:0:0:0, 26+0:3:0:0:8
B major (5#), 1+0:0:0:0:0, 2+0:0:0:0:0, 1+0:0:0:0:0, 1+0:0:0:0:0, 1+0:0:0:0:0, 1+0:0:0:0:0, 2+0:0:0:0:0, 1+0:0:0:0:0, 1+0:0:0:0:0, 2+0:0:0:0:0, 1+0:0:0:0:0, 1+0:0:0:0:0, 2+0:0:0:0:0, 2+0:0:0:0:0, 1+0:0:0:0:0, 1+0:0:0:0:0, 1+0:0:0:0:0, 1+0:0:0:0:0, 1+0:0:0:0:0, 24+0:0:0:0:0
Bb minor (5b), 1+0:1:0:0:1, 1+0:0:0:0:0, 3+0:1:0:0:1, 0+0:0:0:0:0, 1+0:0:0:0:0, 1+0:0:0:0:0, 2+0:0:0:0:1, 0+0:0:0:0:0, 1+0:1:0:0:1, 1+0:0:0:0:0, 3+0:1:0:0:1, 0+0:0:0:0:0, 1+0:0:0:0:0, 1+0:0:0:0:0, 1+0:0:0:0:0, 1+0:0:0:0:0, 1+0:1:0:0:1, 1+0:0:0:0:0, 1+0:0:0:0:0, 21+0:5:0:0:6
G# minor (5#), 1+0:0:0:0:0, 1+0:0:0:0:1, 1+0:0:0:0:1, 1+0:0:0:0:1, 1+0:1:0:0:1, 1+0:0:0:0:1, 2+0:0:0:0:2, 1+0:0:0:0:0, 1+0:0:0:0:0, 1+0:0:0:0:1, 1+0:0:0:0:1, 1+0:0:0:0:1, 1+0:0:0:0:0, 2+0:0:0:0:1, 1+0:0:0:0:0, 1+0:0:0:0:1, 1+0:0:0:0:0, 1+0:0:0:0:1, 1+0:0:0:0:1, 21+0:1:0:0:14
Bb minor mel (5b), 1+0:1:0:0:1, 0+0:0:0:0:0, 3+0:1:0:0:1, 0+0:0:0:0:0, 1+0:1:0:0:1, 1+0:0:0:0:0, 2+0:0:0:0:1, 0+0:0:0:0:0, 1+0:1:0:0:1, 0+0:0:0:0:0, 3+0:1:0:0:1, 0+0:0:0:0:0, 0+0:0:0:0:0, 1+0:0:0:0:0, 1+0:0:0:0:0, 1+0:0:0:0:0, 1+0:1:0:0:1, 1+0:0:0:0:0, 1+0:0:0:0:0, 18+0:6:0:0:7
G# minor mel (5#), 1+0:0:0:0:0, 0+0:0:0:0:0, 2+0:0:0:0:1, 1+0:0:0:0:1, 1+0:1:0:0:1, 1+0:0:0:0:0, 2+0:0:0:0:2, 1+0:0:0:0:0, 1+0:0:0:0:0, 0+0:0:0:0:0, 2+0:0:0:0:1, 1+0:0:0:0:1, 1+0:0:0:0:0, 2+0:0:0:0:1, 2+0:0:0:0:0, 1+0:0:0:0:1, 1+0:0:0:0:0, 1+0:0:0:0:1, 1+0:0:0:0:1, 22+0:1:0:0:11
Db major blues (5b), 1+0:0:0:0:1, 2+0:0:0:0:0, 3+0:1:0:0:2, 1+0:0:0:0:0, 2+0:0:0:0:0, 2+0:0:0:0:0, 3+0:0:0:0:2, 1+0:0:0:0:1, 2+0:1:0:0:2, 2+0:0:0:0:0, 3+0:1:0:0:2, 1+0:0:0:0:0, 2+0:0:0:0:1, 2+0:0:0:0:2, 2+0:0:0:0:1, 1+0:0:0:0:1, 1+0:0:0:0:1, 1+0:0:0:0:1, 1+0:0:0:0:1, 33+0:3:0:0:18
B major blues (5#), 1+0:0:0:0:0, 2+0:0:0:0:1, 2+0:0:0:0:0, 2+0:0:0:0:0, 2+0:0:0:0:0, 2+0:0:0:0:1, 2+0:0:0:0:0, 2+0:0:0:0:0, 1+0:0:0:0:0, 2+0:0:0:0:1, 2+0:0:0:0:0, 2+0:0:0:0:0, 3+0:0:0:0:0, 2+0:0:0:0:0, 2+0:0:0:0:0, 1+0:0:0:0:0, 1+0:0:0:0:0, 1+0:0:0:0:0, 1+0:0:0:0:0, 33+0:0:0:0:3
Bb minor blues (5b), 1+0:0:0:0:1, 2+0:0:0:0:0, 3+0:1:0:0:2, 1+0:0:0:0:0, 2+0:0:0:0:0, 2+0:0:0:0:0, 3+0:0:0:0:2, 1+0:0:0:0:1, 2+0:1:0:0:2, 2+0:0:0:0:0, 3+0:1:0:0:2, 1+0:0:0:0:0, 2+0:0:0:0:1, 2+0:0:0:0:2, 2+0:0:0:0:1, 1+0:0:0:0:1, 1+0:0:0:0:1, 1+0:0:0:0:1, 1+0:0:0:0:1, 33+0:3:0:0:18
G# minor blues (5#), 1+0:0:0:0:0, 2+0:0:0:0:1, 2+0:0:0:0:0, 2+0:0:0:0:0, 2+0:0:0:0:0, 2+0:0:0:0:1, 2+0:0:0:0:0, 2+0:0:0:0:0, 1+0:0:0:0:0, 2+0:0:0:0:1, 2+0:0:0:0:0, 2+0:0:0:0:0, 3+0:0:0:0:0, 2+0:0:0:0:0, 2+0:0:0:0:0, 1+0:0:0:0:0, 1+0:0:0:0:0, 1+0:0:0:0:0, 1+0:0:0:0:0, 33+0:0:0:0:3
Db dorian (5b), 1+0:0:0:0:0, 0+0:0:0:0:0, 3+0:1:0:0:1, 0+0:0:0:0:0, 1+0:1:0:0:1, 1+0:0:0:0:0, 2+0:0:0:0:1, 1+0:0:0:0:0, 2+0:1:0:0:1, 0+0:0:0:0:0, 3+0:1:0:0:1, 0+0:0:0:0:0, 1+0:0:0:0:0, 2+0:0:0:0:0, 2+0:0:0:0:0, 1+0:0:0:0:0, 1+0:0:0:0:0, 1+0:0:0:0:0, 1+0:0:0:0:0, 23+0:4:0:0:5
B dorian (5#), 1+0:0:0:0:0, 1+0:0:0:0:0, 2+0:0:0:0:0, 1+0:0:0:0:0, 1+0:0:0:0:0, 1+0:0:0:0:0, 2+0:0:0:0:0, 1+0:0:0:0:0, 1+0:0:0:0:0, 1+0:0:0:0:0, 2+0:0:0:0:0, 1+0:0:0:0:0, 2+0:0:0:0:0, 2+0:0:0:0:0, 2+0:0:0:0:0, 1+0:0:0:0:0, 1+0:0:0:0:0, 1+0:0:0:0:0, 1+0:0:0:0:0, 25+0:0:0:0:0
Db phrygian (5b), 1+0:0:0:0:1, 1+0:0:0:0:0, 3+0:1:0:0:2, 1+0:0:0:0:0, 1+0:0:0:0:0, 1+0:0:0:0:1, 2+0:1:1:0:1, 1+0:0:0:0:1, 2+0:1:0:0:2, 1+0:0:0:0:0, 3+0:1:0:0:2, 1+0:0:0:0:0, 2+0:0:0:0:1, 2+0:0:0:0:1, 2+0:0:0:0:2, 1+0:0:0:0:0, 1+0:0:0:0:1, 1+0:0:0:0:0, 1+0:0:0:0:0, 28+0:4:1:0:15
B phrygian (5#), 0+0:0:0:0:0, 2+0:0:0:0:0, 1+0:0:0:0:0, 2+0:1:0:0:0, 2+0:1:0:0:0, 1+0:0:0:0:0, 2+0:0:0:0:0, 1+0:1:0:0:0, 0+0:0:0:0:0, 2+0:0:0:0:0, 1+0:0:0:0:0, 2+0:1:0:0:0, 2+0:1:0:0:0, 1+0:0:0:0:0, 0+0:0:0:0:0, 1+0:0:0:0:0, 0+0:0:0:0:0, 1+0:0:0:0:0, 1+0:0:0:0:0, 22+0:5:0:0:0
Db lydian (5b), 1+0:0:0:0:0, 0+0:0:0:0:0, 3+0:1:0:0:1, 0+0:0:0:0:0, 1+0:1:0:0:1, 1+0:0:0:0:0, 2+0:0:0:0:1, 1+0:0:0:0:0, 2+0:1:0:0:1, 0+0:0:0:0:0, 3+0:1:0:0:1, 0+0:0:0:0:0, 1+0:0:0:0:0, 2+0:0:0:0:0, 2+0:0:0:0:0, 1+0:0:0:0:0, 1+0:0:0:0:0, 1+0:0:0:0:0, 1+0:0:0:0:0, 23+0:4:0:0:5
B lydian (5#), 1+0:0:0:0:0, 1+0:0:0:0:0, 2+0:0:0:0:0, 1+0:0:0:0:0, 1+0:0:0:0:0, 1+0:0:0:0:0, 2+0:0:0:0:0, 1+0:0:0:0:0, 1+0:0:0:0:0, 1+0:0:0:0:0, 2+0:0:0:0:0, 1+0:0:0:0:0, 2+0:0:0:0:0, 2+0:0:0:0:0, 2+0:0:0:0:0, 1+0:0:0:0:0, 1+0:0:0:0:0, 1+0:0:0:0:0, 1+0:0:0:0:0, 25+0:0:0:0:0
Db mixolydian (5b), 1+0:0:0:0:1, 1+0:0:0:0:0, 3+0:1:0:0:2, 1+0:0:0:0:0, 1+0:0:0:0:0, 1+0:0:0:0:1, 2+0:1:1:0:1, 1+0:0:0:0:1, 2+0:1:0:0:2, 1+0:0:0:0:0, 3+0:1:0:0:2, 1+0:0:0:0:0, 2+0:0:0:0:1, 2+0:0:0:0:1, 2+0:0:0:0:2, 1+0:0:0:0:0, 1+0:0:0:0:1, 1+0:0:0:0:0, 1+0:0:0:0:0, 28+0:4:1:0:15
B mixolydian (5#), 0+0:0:0:0:0, 2+0:0:0:0:0, 1+0:0:0:0:0, 2+0:1:0:0:0, 2+0:1:0:0:0, 1+0:0:0:0:0, 2+0:0:0:0:0, 1+0:1:0:0:0, 0+0:0:0:0:0, 2+0:0:0:0:0, 1+0:0:0:0:0, 2+0:1:0:0:0, 2+0:1:0:0:0, 1+0:0:0:0:0, 0+0:0:0:0:0, 1+0:0:0:0:0, 0+0:0:0:0:0, 1+0:0:0:0:0, 1+0:0:0:0:0, 22+0:5:0:0:0
Db aeolian (5b), 1+0:0:0:0:0, 1+0:0:0:0:0, 3+0:1:0:0:2, 0+0:0:0:0:0, 1+0:0:0:0:0, 1+0:0:0:0:1, 2+0:0:0:0:1, 1+0:0:0:0:0, 2+0:1:0:0:1, 1+0:0:0:0:0, 3+0:1:0:0:2, 0+0:0:0:0:0, 2+0:0:0:0:0, 2+0:0:0:0:0, 2+0:0:0:0:1, 1+0:0:0:0:0, 1+0:0:0:0:0, 1+0:0:0:0:0, 1+0:0:0:0:0, 26+0:3:0:0:8
B aeolian (5#), 1+0:0:0:0:0, 2+0:0:0:0:0, 1+0:0:0:0:0, 1+0:0:0:0:0, 1+0:0:0:0:0, 1+0:0:0:0:0, 2+0:0:0:0:0, 1+0:0:0:0:0, 1+0:0:0:0:0, 2+0:0:0:0:0, 1+0:0:0:0:0, 1+0:0:0:0:0, 2+0:0:0:0:0, 2+0:0:0:0:0, 1+0:0:0:0:0, 1+0:0:0:0:0, 1+0:0:0:0:0, 1+0:0:0:0:0, 1+0:0:0:0:0, 24+0:0:0:0:0
Db locrian (5b), 1+0:0:0:0:1, 2+0:0:0:0:0, 2+0:1:0:0:2, 1+0:0:0:0:0, 1+0:0:0:0:0, 1+0:1:1:0:1, 2+0:1:1:0:2, 1+0:0:0:0:1, 2+0:1:0:0:2, 2+0:0:0:0:0, 2+0:1:0:0:2, 1+0:0:0:0:0, 2+0:0:0:0:1, 2+0:0:0:0:2, 1+0:0:0:0:1, 1+0:0:0:0:1, 1+0:0:0:0:1, 1+0:0:0:0:1, 1+0:0:0:0:1, 27+0:5:2:0:19
B locrian (5#), 0+0:0:0:0:0, 2+0:0:0:0:0, 0+0:0:0:0:0, 2+0:1:0:0:0, 2+0:1:0:0:0, 1+0:0:0:0:0, 1+0:0:0:0:0, 1+0:1:0:0:0, 0+0:0:0:0:0, 2+0:0:0:0:0, 0+0:0:0:0:0, 2+0:1:0:0:0, 2+0:1:0:0:0, 0+0:0:0:0:0, 0+0:0:0:0:0, 0+0:0:0:0:0, 0+0:0:0:0:0, 0+0:0:0:0:0, 0+0:0:0:0:0, 15+0:5:0:0:0
Gb major (6b), 1+0:0:0:0:1, 1+0:0:0:0:0, 3+0:1:0:0:2, 1+0:0:0:0:0, 1+0:0:0:0:0, 1+0:0:0:0:1, 2+0:1:1:0:1, 1+0:0:0:0:1, 2+0:1:0:0:2, 1+0:0:0:0:0, 3+0:1:0:0:2, 1+0:0:0:0:0, 2+0:0:0:0:1, 2+0:0:0:0:1, 2+0:0:0:0:2, 1+0:0:0:0:0, 1+0:0:0:0:1, 1+0:0:0:0:0, 1+0:0:0:0:0, 28+0:4:1:0:15
F# major (6#), 1+0:0:0:0:0, 1+0:0:0:0:0, 2+0:0:0:0:0, 1+0:0:0:0:0, 1+0:0:0:0:0, 1+0:0:0:0:0, 2+0:0:0:0:0, 1+0:0:0:0:0, 1+0:0:0:0:0, 1+0:0:0:0:0, 2+0:0:0:0:0, 1+0:0:0:0:0, 2+0:0:0:0:0, 2+0:0:0:0:0, 2+0:0:0:0:0, 1+0:0:0:0:0, 1+0:0:0:0:0, 1+0:0:0:0:0, 1+0:0:0:0:0, 25+0:0:0:0:0
Eb minor (6b), 1+0:0:0:0:0, 1+0:0:0:0:0, 2+0:1:0:0:2, 1+0:0:0:0:0, 1+0:0:0:0:0, 1+0:0:0:0:1, 1+0:1:1:0:1, 1+0:0:0:0:0, 2+0:1:0:0:1, 1+0:0:0:0:0, 2+0:1:0:0:2, 1+0:0:0:0:0, 2+0:0:0:0:0, 1+0:0:0:0:0, 2+0:0:0:0:1, 0+0:0:0:0:0, 1+0:0:0:0:0, 0+0:0:0:0:0, 0+0:0:0:0:0, 21+0:4:1:0:8
D# minor (6#), 1+0:0:0:0:1, 1+0:0:0:0:1, 2+0:1:0:0:1, 1+0:0:0:0:1, 1+0:0:0:0:1, 1+0:0:0:0:0, 1+0:0:0:0:1, 1+0:0:0:0:1, 1+0:0:0:0:1, 1+0:0:0:0:1, 2+0:1:0:0:1, 1+0:0:0:0:1, 2+0:0:0:0:2, 1+0:0:0:0:1, 2+0:0:0:0:1, 0+0:0:0:0:0, 1+0:0:0:0:1, 0+0:0:0:0:0, 0+0:0:0:0:0, 20+0:2:0:0:16
Eb minor mel (6b), 1+0:0:0:0:0, 1+0:0:0:0:0, 2+0:1:0:0:2, 0+0:0:0:0:0, 1+0:0:0:0:0, 1+0:0:0:0:1, 1+0:0:0:0:1, 1+0:0:0:0:0, 2+0:1:0:0:1, 1+0:0:0:0:0, 2+0:1:0:0:2, 0+0:0:0:0:0, 2+0:0:0:0:0, 1+0:0:0:0:0, 2+0:0:0:0:1, 0+0:0:0:0:0, 1+0:0:0:0:0, 0+0:0:0:0:0, 0+0:0:0:0:0, 19+0:3:0:0:8
D# minor mel (6#), 1+0:0:0:0:1, 1+0:0:0:0:1, 2+0:1:0:0:1, 0+0:0:0:0:0, 1+0:0:0:0:1, 1+0:0:0:0:0, 1+0:1:1:0:1, 1+0:0:0:0:1, 1+0:0:0:0:1, 1+0:0:0:0:1, 2+0:1:0:0:1, 0+0:0:0:0:0, 2+0:0:0:0:2, 1+0:0:0:0:1, 2+0:0:0:0:1, 0+0:0:0:0:0, 1+0:0:0:0:1, 0+0:0:0:0:0, 0+0:0:0:0:0, 18+0:3:1:0:14
Gb major blues (6b), 1+0:0:0:0:1, 2+0:0:0:0:1, 3+0:1:0:0:3, 2+0:0:0:0:0, 2+0:0:0:0:1, 2+0:0:0:0:1, 3+0:0:0:0:2, 2+0:0:0:0:1, 2+0:0:0:0:0, 2+0:0:0:0:1, 3+0:1:0:0:3, 2+0:0:0:0:0, 3+0:0:0:0:2, 2+0:0:0:0:2, 2+0:0:0:0:2, 1+0:0:0:0:1, 1+0:0:0:0:1, 1+0:0:0:0:1, 1+0:0:0:0:1, 37+0:2:0:0:24
F# major blues (6#), 1+0:0:0:0:0, 2+0:0:0:0:1, 2+0:0:0:0:0, 2+0:0:0:0:1, 2+0:0:0:0:0, 2+0:0:0:0:1, 3+0:0:0:0:1, 2+0:0:0:0:0, 1+0:0:0:0:0, 2+0:0:0:0:1, 2+0:0:0:0:0, 2+0:0:0:0:1, 3+0:0:0:0:0, 2+0:0:0:0:0, 2+0:0:0:0:0, 1+0:0:0:0:0, 1+0:0:0:0:0, 1+0:0:0:0:0, 1+0:0:0:0:0, 34+0:0:0:0:6
Eb minor blues (6b), 1+0:0:0:0:1, 2+0:0:0:0:1, 3+0:1:0:0:3, 2+0:0:0:0:0, 2+0:0:0:0:1, 2+0:0:0:0:1, 3+0:0:0:0:2, 2+0:0:0:0:1, 2+0:0:0:0:0, 2+0:0:0:0:1, 3+0:1:0:0:3, 2+0:0:0:0:0, 3+0:0:0:0:2, 2+0:0:0:0:2, 2+0:0:0:0:2, 1+0:0:0:0:1, 1+0:0:0:0:1, 1+0:0:0:0:1, 1+0:0:0:0:1, 37+0:2:0:0:24
D# minor blues (6#), 1+0:0:0:0:1, 2+0:0:0:0:2, 2+0:0:0:0:1, 1+0:0:0:0:0, 2+0:0:0:0:1, 2+0:0:0:0:1, 2+0:1:1:0:2, 2+0:0:0:0:1, 1+0:0:0:0:1, 2+0:0:0:0:2, 2+0:0:0:0:1, 1+0:0:0:0:0, 3+0:0:0:0:2, 2+0:0:0:0:2, 2+0:0:0:0:1, 1+0:0:0:0:1, 1+0:0:0:0:1, 1+0:0:0:0:1, 1+0:0:0:0:1, 31+0:1:1:0:22
Gb dorian (6b), 1+0:0:0:0:0, 1+0:0:0:0:0, 3+0:1:0:0:2, 0+0:0:0:0:0, 1+0:0:0:0:0, 1+0:0:0:0:1, 2+0:0:0:0:1, 1+0:0:0:0:0, 2+0:1:0:0:1, 1+0:0:0:0:0, 3+0:1:0:0:2, 0+0:0:0:0:0, 2+0:0:0:0:0, 2+0:0:0:0:0, 2+0:0:0:0:1, 1+0:0:0:0:0, 1+0:0:0:0:0, 1+0:0:0:0:0, 1+0:0:0:0:0, 26+0:3:0:0:8
F# dorian (6#), 1+0:0:0:0:0, 1+0:0:0:0:0, 2+0:0:0:0:0, 0+0:0:0:0:0, 1+0:0:0:0:0, 1+0:0:0:0:0, 2+0:1:1:0:1, 1+0:0:0:0:0, 1+0:0:0:0:0, 1+0:0:0:0:0, 2+0:0:0:0:0, 0+0:0:0:0:0, 2+0:0:0:0:0, 2+0:0:0:0:0, 2+0:0:0:0:0, 1+0:0:0:0:0, 1+0:0:0:0:0, 1+0:0:0:0:0, 1+0:0:0:0:0, 23+0:1:1:0:1
Gb phrygian (6b), 1+0:0:0:0:1, 2+0:0:0:0:0, 2+0:1:0:0:2, 1+0:0:0:0:0, 1+0:0:0:0:0, 1+0:1:1:0:1, 2+0:1:1:0:2, 1+0:0:0:0:1, 2+0:1:0:0:2, 2+0:0:0:0:0, 2+0:1:0:0:2, 1+0:0:0:0:0, 2+0:0:0:0:1, 2+0:0:0:0:2, 1+0:0:0:0:1, 1+0:0:0:0:1, 1+0:0:0:0:1, 1+0:0:0:0:1, 1+0:0:0:0:1, 27+0:5:2:0:19
F# phrygian (6#), 1+0:0:0:0:0, 2+0:0:0:0:0, 1+0:0:0:0:0, 1+0:0:0:0:0, 1+0:0:0:0:0, 1+0:0:0:0:0, 2+0:0:0:0:0, 1+0:0:0:0:0, 1+0:0:0:0:0, 2+0:0:0:0:0, 1+0:0:0:0:0, 1+0:0:0:0:0, 2+0:0:0:0:0, 2+0:0:0:0:0, 1+0:0:0:0:0, 1+0:0:0:0:0, 1+0:0:0:0:0, 1+0:0:0:0:0, 1+0:0:0:0:0, 24+0:0:0:0:0
Gb lydian (6b), 1+0:0:0:0:0, 1+0:0:0:0:0, 3+0:1:0:0:2, 0+0:0:0:0:0, 1+0:0:0:0:0, 1+0:0:0:0:1, 2+0:0:0:0:1, 1+0:0:0:0:0, 2+0:1:0:0:1, 1+0:0:0:0:0, 3+0:1:0:0:2, 0+0:0:0:0:0, 2+0:0:0:0:0, 2+0:0:0:0:0, 2+0:0:0:0:1, 1+0:0:0:0:0, 1+0:0:0:0:0, 1+0:0:0:0:0, 1+0:0:0:0:0, 26+0:3:0:0:8
F# lydian (6#), 1+0:0:0:0:0, 1+0:0:0:0:0, 2+0:0:0:0:0, 0+0:0:0:0:0, 1+0:0:0:0:0, 1+0:0:0:0:0, 2+0:1:1:0:1, 1+0:0:0:0:0, 1+0:0:0:0:0, 1+0:0:0:0:0, 2+0:0:0:0:0, 0+0:0:0:0:0, 2+0:0:0:0:0, 2+0:0:0:0:0, 2+0:0:0:0:0, 1+0:0:0:0:0, 1+0:0:0:0:0, 1+0:0:0:0:0, 1+0:0:0:0:0, 23+0:1:1:0:1
Gb mixolydian (6b), 1+0:0:0:0:1, 2+0:0:0:0:0, 2+0:1:0:0:2, 1+0:0:0:0:0, 1+0:0:0:0:0, 1+0:1:1:0:1, 2+0:1:1:0:2, 1+0:0:0:0:1, 2+0:1:0:0:2, 2+0:0:0:0:0, 2+0:1:0:0:2, 1+0:0:0:0:0, 2+0:0:0:0:1, 2+0:0:0:0:2, 1+0:0:0:0:1, 1+0:0:0:0:1, 1+0:0:0:0:1, 1+0:0:0:0:1, 1+0:0:0:0:1, 27+0:5:2:0:19
F# mixolydian (6#), 1+0:0:0:0:0, 2+0:0:0:0:0, 1+0:0:0:0:0, 1+0:0:0:0:0, 1+0:0:0:0:0, 1+0:0:0:0:0, 2+0:0:0:0:0, 1+0:0:0:0:0, 1+0:0:0:0:0, 2+0:0:0:0:0, 1+0:0:0:0:0, 1+0:0:0:0:0, 2+0:0:0:0:0, 2+0:0:0:0:0, 1+0:0:0:0:0, 1+0:0:0:0:0, 1+0:0:0:0:0, 1+0:0:0:0:0, 1+0:0:0:0:0, 24+0:0:0:0:0
Gb aeolian (6b), 1+0:0:0:0:1, 1+0:0:0:0:0, 3+0:1:0:0:2, 1+0:0:0:0:0, 1+0:0:0:0:0, 1+0:0:0:0:1, 2+0:1:1:0:1, 1+0:0:0:0:1, 2+0:1:0:0:2, 1+0:0:0:0:0, 3+0:1:0:0:2, 1+0:0:0:0:0, 2+0:0:0:0:1, 2+0:0:0:0:1, 2+0:0:0:0:2, 1+0:0:0:0:0, 1+0:0:0:0:1, 1+0:0:0:0:0, 1+0:0:0:0:0, 28+0:4:1:0:15
F# aeolian (6#), 1+0:0:0:0:0, 1+0:0:0:0:0, 2+0:0:0:0:0, 1+0:0:0:0:0, 1+0:0:0:0:0, 1+0:0:0:0:0, 2+0:0:0:0:0, 1+0:0:0:0:0, 1+0:0:0:0:0, 1+0:0:0:0:0, 2+0:0:0:0:0, 1+0:0:0:0:0, 2+0:0:0:0:0, 2+0:0:0:0:0, 2+0:0:0:0:0, 1+0:0:0:0:0, 1+0:0:0:0:0, 1+0:0:0:0:0, 1+0:0:0:0:0, 25+0:0:0:0:0
Gb locrian (6b), 0+0:0:0:0:0, 2+0:0:0:0:1, 2+0:1:0:0:2, 2+0:0:0:0:0, 2+0:0:0:0:1, 1+0:1:1:0:1, 2+0:1:1:0:2, 1+0:1:0:0:1, 0+0:0:0:0:0, 2+0:0:0:0:1, 2+0:1:0:0:2, 2+0:0:0:0:0, 2+0:1:0:0:2, 1+0:0:0:0:1, 0+0:0:0:0:0, 1+0:0:0:0:1, 0+0:0:0:0:0, 1+0:0:0:0:1, 1+0:0:0:0:1, 24+0:6:2:0:17
F# locrian (6#), 0+0:0:0:0:0, 2+0:0:0:0:0, 1+0:0:0:0:0, 2+0:1:0:0:0, 2+0:1:0:0:0, 1+0:0:0:0:0, 2+0:0:0:0:0, 1+0:1:0:0:0, 0+0:0:0:0:0, 2+0:0:0:0:0, 1+0:0:0:0:0, 2+0:1:0:0:0, 2+0:1:0:0:0, 1+0:0:0:0:0, 0+0:0:0:0:0, 1+0:0:0:0:0, 0+0:0:0:0:0, 1+0:0:0:0:0, 1+0:0:0:0:0, 22+0:5:0:0:0
Cb major (7b), 1+0:0:0:0:1, 2+0:0:0:0:0, 2+0:1:0:0:2, 1+0:0:0:0:0, 1+0:0:0:0:0, 1+0:1:1:0:1, 2+0:1:1:0:2, 1+0:0:0:0:1, 2+0:1:0:0:2, 2+0:0:0:0:0, 2+0:1:0:0:2, 1+0:0:0:0:0, 2+0:0:0:0:1, 2+0:0:0:0:2, 1+0:0:0:0:1, 1+0:0:0:0:1, 1+0:0:0:0:1, 1+0:0:0:0:1, 1+0:0:0:0:1, 27+0:5:2:0:19
C# major (7#), 1+0:0:0:0:0, 1+0:0:0:0:0, 2+0:0:0:0:0, 0+0:0:0:0:0, 1+0:0:0:0:0, 1+0:0:0:0:0, 2+0:1:1:0:1, 1+0:0:0:0:0, 1+0:0:0:0:0, 1+0:0:0:0:0, 2+0:0:0:0:0, 0+0:0:0:0:0, 2+0:0:0:0:0, 2+0:0:0:0:0, 2+0:0:0:0:0, 1+0:0:0:0:0, 1+0:0:0:0:0, 1+0:0:0:0:0, 1+0:0:0:0:0, 23+0:1:1:0:1
Ab minor (7b), 1+0:0:0:0:1, 1+0:0:0:0:0, 2+0:1:0:0:1, 1+0:0:0:0:0, 1+0:1:0:0:1, 1+0:1:1:0:1, 2+0:1:1:0:1, 1+0:0:0:0:1, 2+0:1:0:0:2, 1+0:0:0:0:0, 2+0:1:0:0:1, 1+0:0:0:0:0, 1+0:0:0:0:1, 2+0:0:0:0:1, 1+0:0:0:0:1, 1+0:0:0:0:0, 1+0:0:0:0:1, 1+0:0:0:0:0, 1+0:0:0:0:0, 24+0:6:2:0:13
A# minor (7#), 1+0:1:0:0:1, 1+0:0:0:0:1, 2+0:0:0:0:2, 0+0:0:0:0:0, 1+0:0:0:0:1, 1+0:0:0:0:1, 2+0:1:1:0:2, 0+0:0:0:0:0, 1+0:1:0:0:1, 1+0:0:0:0:1, 2+0:0:0:0:2, 0+0:0:0:0:0, 1+0:0:0:0:1, 1+0:0:0:0:1, 1+0:0:0:0:1, 1+0:0:0:0:1, 1+0:1:0:0:1, 1+0:0:0:0:1, 1+0:0:0:0:1, 19+0:4:1:0:19
Ab minor mel (7b), 1+0:0:0:0:1, 0+0:0:0:0:0, 3+0:1:0:0:2, 1+0:0:0:0:0, 1+0:1:0:0:1, 1+0:0:0:0:1, 2+0:1:1:0:1, 1+0:0:0:0:1, 2+0:1:0:0:2, 0+0:0:0:0:0, 3+0:1:0:0:2, 1+0:0:0:0:0, 1+0:0:0:0:1, 2+0:0:0:0:1, 2+0:0:0:0:2, 1+0:0:0:0:0, 1+0:0:0:0:1, 1+0:0:0:0:0, 1+0:0:0:0:0, 25+0:5:1:0:16
A# minor mel (7#), 1+0:1:0:0:1, 0+0:0:0:0:0, 2+0:0:0:0:2, 0+0:0:0:0:0, 1+0:1:0:0:1, 1+0:0:0:0:1, 2+0:1:1:0:2, 0+0:0:0:0:0, 1+0:1:0:0:1, 0+0:0:0:0:0, 2+0:0:0:0:2, 0+0:0:0:0:0, 0+0:0:0:0:0, 1+0:0:0:0:1, 1+0:0:0:0:1, 1+0:0:0:0:1, 1+0:1:0:0:1, 1+0:0:0:0:1, 1+0:0:0:0:1, 16+0:5:1:0:16
Cb major blues (7b), 1+0:0:0:0:1, 2+0:0:0:0:1, 3+0:0:0:0:1, 2+0:0:0:0:1, 2+0:0:0:0:1, 2+0:0:0:0:1, 2+0:1:1:0:2, 2+0:0:0:0:1, 2+0:1:0:0:2, 2+0:0:0:0:1, 3+0:0:0:0:1, 2+0:0:0:0:1, 3+0:0:0:0:2, 2+0:0:0:0:2, 2+0:0:0:0:2, 1+0:0:0:0:1, 1+0:0:0:0:1, 1+0:0:0:0:1, 1+0:0:0:0:1, 36+0:2:1:0:24
C# major blues (7#), 1+0:0:0:0:0, 2+0:0:0:0:1, 2+0:0:0:0:0, 1+0:0:0:0:1, 2+0:0:0:0:1, 2+0:0:0:0:0, 3+0:0:0:0:1, 1+0:0:0:0:0, 1+0:0:0:0:0, 2+0:0:0:0:1, 2+0:0:0:0:0, 1+0:0:0:0:1, 2+0:0:0:0:1, 2+0:0:0:0:0, 2+0:0:0:0:0, 1+0:0:0:0:0, 1+0:0:0:0:0, 1+0:0:0:0:0, 1+0:0:0:0:0, 30+0:0:0:0:7
Ab minor blues (7b), 1+0:0:0:0:1, 2+0:0:0:0:1, 3+0:0:0:0:1, 2+0:0:0:0:1, 2+0:0:0:0:1, 2+0:0:0:0:1, 2+0:1:1:0:2, 2+0:0:0:0:1, 2+0:1:0:0:2, 2+0:0:0:0:1, 3+0:0:0:0:1, 2+0:0:0:0:1, 3+0:0:0:0:2, 2+0:0:0:0:2, 2+0:0:0:0:2, 1+0:0:0:0:1, 1+0:0:0:0:1, 1+0:0:0:0:1, 1+0:0:0:0:1, 36+0:2:1:0:24
A# minor blues (7#), 1+0:0:0:0:0, 2+0:0:0:0:1, 2+0:0:0:0:0, 1+0:0:0:0:1, 2+0:0:0:0:1, 2+0:0:0:0:0, 3+0:0:0:0:1, 1+0:0:0:0:0, 1+0:0:0:0:0, 2+0:0:0:0:1, 2+0:0:0:0:0, 1+0:0:0:0:1, 2+0:0:0:0:1, 2+0:0:0:0:0, 2+0:0:0:0:0, 1+0:0:0:0:0, 1+0:0:0:0:0, 1+0:0:0:0:0, 1+0:0:0:0:0, 30+0:0:0:0:7
Cb dorian (7b), 1+0:0:0:0:1, 1+0:0:0:0:0, 3+0:1:0:0:2, 1+0:0:0:0:0, 1+0:0:0:0:0, 1+0:0:0:0:1, 2+0:1:1:0:1, 1+0:0:0:0:1, 2+0:1:0:0:2, 1+0:0:0:0:0, 3+0:1:0:0:2, 1+0:0:0:0:0, 2+0:0:0:0:1, 2+0:0:0:0:1, 2+0:0:0:0:2, 1+0:0:0:0:0, 1+0:0:0:0:1, 1+0:0:0:0:0, 1+0:0:0:0:0, 28+0:4:1:0:15
C# dorian (7#), 1+0:0:0:0:0, 0+0:0:0:0:0, 2+0:0:0:0:0, 0+0:0:0:0:0, 1+0:1:0:0:1, 1+0:0:0:0:0, 2+0:1:1:0:1, 1+0:0:0:0:0, 1+0:0:0:0:0, 0+0:0:0:0:0, 2+0:0:0:0:0, 0+0:0:0:0:0, 1+0:0:0:0:0, 2+0:0:0:0:0, 2+0:0:0:0:0, 1+0:0:0:0:0, 1+0:0:0:0:0, 1+0:0:0:0:0, 1+0:0:0:0:0, 20+0:2:1:0:2
Cb phrygian (7b), 0+0:0:0:0:0, 2+0:0:0:0:1, 2+0:1:0:0:2, 2+0:0:0:0:0, 2+0:0:0:0:1, 1+0:1:1:0:1, 2+0:1:1:0:2, 1+0:1:0:0:1, 0+0:0:0:0:0, 2+0:0:0:0:1, 2+0:1:0:0:2, 2+0:0:0:0:0, 2+0:1:0:0:2, 1+0:0:0:0:1, 0+0:0:0:0:0, 1+0:0:0:0:1, 0+0:0:0:0:0, 1+0:0:0:0:1, 1+0:0:0:0:1, 24+0:6:2:0:17
C# phrygian (7#), 1+0:0:0:0:0, 1+0:0:0:0:0, 2+0:0:0:0:0, 1+0:0:0:0:0, 1+0:0:0:0:0, 1+0:0:0:0:0, 2+0:0:0:0:0, 1+0:0:0:0:0, 1+0:0:0:0:0, 1+0:0:0:0:0, 2+0:0:0:0:0, 1+0:0:0:0:0, 2+0:0:0:0:0, 2+0:0:0:0:0, 2+0:0:0:0:0, 1+0:0:0:0:0, 1+0:0:0:0:0, 1+0:0:0:0:0, 1+0:0:0:0:0, 25+0:0:0:0:0
Cb lydian (7b), 1+0:0:0:0:1, 1+0:0:0:0:0, 3+0:1:0:0:2, 1+0:0:0:0:0, 1+0:0:0:0:0, 1+0:0:0:0:1, 2+0:1:1:0:1, 1+0:0:0:0:1, 2+0:1:0:0:2, 1+0:0:0:0:0, 3+0:1:0:0:2, 1+0:0:0:0:0, 2+0:0:0:0:1, 2+0:0:0:0:1, 2+0:0:0:0:2, 1+0:0:0:0:0, 1+0:0:0:0:1, 1+0:0:0:0:0, 1+0:0:0:0:0, 28+0:4:1:0:15
C# lydian (7#), 1+0:0:0:0:0, 0+0:0:0:0:0, 2+0:0:0:0:0, 0+0:0:0:0:0, 1+0:1:0:0:1, 1+0:0:0:0:0, 2+0:1:1:0:1, 1+0:0:0:0:0, 1+0:0:0:0:0, 0+0:0:0:0:0, 2+0:0:0:0:0, 0+0:0:0:0:0, 1+0:0:0:0:0, 2+0:0:0:0:0, 2+0:0:0:0:0, 1+0:0:0:0:0, 1+0:0:0:0:0, 1+0:0:0:0:0, 1+0:0:0:0:0, 20+0:2:1:0:2
Cb mixolydian (7b), 0+0:0:0:0:0, 2+0:0:0:0:1, 2+0:1:0:0:2, 2+0:0:0:0:0, 2+0:0:0:0:1, 1+0:1:1:0:1, 2+0:1:1:0:2, 1+0:1:0:0:1, 0+0:0:0:0:0, 2+0:0:0:0:1, 2+0:1:0:0:2, 2+0:0:0:0:0, 2+0:1:0:0:2, 1+0:0:0:0:1, 0+0:0:0:0:0, 1+0:0:0:0:1, 0+0:0:0:0:0, 1+0:0:0:0:1, 1+0:0:0:0:1, 24+0:6:2:0:17
C# mixolydian (7#), 1+0:0:0:0:0, 1+0:0:0:0:0, 2+0:0:0:0:0, 1+0:0:0:0:0, 1+0:0:0:0:0, 1+0:0:0:0:0, 2+0:0:0:0:0, 1+0:0:0:0:0, 1+0:0:0:0:0, 1+0:0:0:0:0, 2+0:0:0:0:0, 1+0:0:0:0:0, 2+0:0:0:0:0, 2+0:0:0:0:0, 2+0:0:0:0:0, 1+0:0:0:0:0, 1+0:0:0:0:0, 1+0:0:0:0:0, 1+0:0:0:0:0, 25+0:0:0:0:0
Cb aeolian (7b), 1+0:0:0:0:1, 2+0:0:0:0:0, 2+0:1:0:0:2, 1+0:0:0:0:0, 1+0:0:0:0:0, 1+0:1:1:0:1, 2+0:1:1:0:2, 1+0:0:0:0:1, 2+0:1:0:0:2, 2+0:0:0:0:0, 2+0:1:0:0:2, 1+0:0:0:0:0, 2+0:0:0:0:1, 2+0:0:0:0:2, 1+0:0:0:0:1, 1+0:0:0:0:1, 1+0:0:0:0:1, 1+0:0:0:0:1, 1+0:0:0:0:1, 27+0:5:2:0:19
C# aeolian (7#), 1+0:0:0:0:0, 1+0:0:0:0:0, 2+0:0:0:0:0, 0+0:0:0:0:0, 1+0:0:0:0:0, 1+0:0:0:0:0, 2+0:1:1:0:1, 1+0:0:0:0:0, 1+0:0:0:0:0, 1+0:0:0:0:0, 2+0:0:0:0:0, 0+0:0:0:0:0, 2+0:0:0:0:0, 2+0:0:0:0:0, 2+0:0:0:0:0, 1+0:0:0:0:0, 1+0:0:0:0:0, 1+0:0:0:0:0, 1+0:0:0:0:0, 23+0:1:1:0:1
Cb locrian (7b), 0+0:0:0:0:0, 2+0:0:0:0:1, 0+0:0:0:0:0, 2+0:0:0:0:1, 2+0:0:0:0:1, 1+0:1:1:0:1, 1+0:1:1:0:1, 1+0:1:0:0:1, 0+0:0:0:0:0, 2+0:0:0:0:1, 0+0:0:0:0:0, 2+0:0:0:0:1, 2+0:1:0:0:2, 0+0:0:0:0:0, 0+0:0:0:0:0, 0+0:0:0:0:0, 0+0:0:0:0:0, 0+0:0:0:0:0, 0+0:0:0:0:0, 15+0:4:2:0:10
C# locrian (7#), 1+0:0:0:0:0, 2+0:0:0:0:0, 1+0:0:0:0:0, 1+0:0:0:0:0, 1+0:0:0:0:0, 1+0:0:0:0:0, 2+0:0:0:0:0, 1+0:0:0:0:0, 1+0:0:0:0:0, 2+0:0:0:0:0, 1+0:0:0:0:0, 1+0:0:0:0:0, 2+0:0:0:0:0, 2+0:0:0:0:0, 1+0:0:0:0:0, 1+0:0:0:0:0, 1+0:0:0:0:0, 1+0:0:0:0:0, 1+0:0:0:0:0, 24+0:0:0:0:0
